Date,CHTR,CMCSA,DIS,EA,FOXA,GOOGL,LYV,META,MTCH,NFLX,OMC,T,TMUS,VZ,WBD
2020-06-01,541.2999877929688,31.223756790161133,115.15501403808594,119.15272521972656,27.318098068237305,71.1129150390625,50.65999984741211,229.8911895751953,88.0734634399414,42.59199905395508,44.19253158569336,15.370196342468262,95.34251403808594,38.51447296142578,21.950000762939453
2020-06-02,545.219970703125,31.690019607543945,115.13563537597656,118.7451400756836,27.09614944458008,71.4816665649414,50.529998779296875,230.6941375732422,90.59862518310548,42.73099899291992,43.93807601928711,15.400016784667969,96.021484375,38.94257354736328,21.829999923706055
2020-06-03,547.2999877929688,32.09410095214844,118.4612274169922,114.44601440429688,28.455581665039062,71.33000183105469,53.90999984741211,228.15643310546875,90.26258087158205,42.196998596191406,45.424957275390625,15.658422470092772,96.7865219116211,39.23947525024414,22.270000457763672
2020-06-04,540.030029296875,32.08633041381836,119.9252700805664,113.71818542480467,28.233633041381836,70.09346008300781,53.470001220703125,224.3201141357422,87.73741912841797,41.43299865722656,46.005393981933594,15.802532196044922,95.79196166992188,39.50876998901367,23.09000015258789
2020-06-05,530.719970703125,32.70801544189453,121.02088165283205,114.82449340820312,28.529565811157227,71.36815643310547,56.959999084472656,228.7611389160156,86.49883270263672,41.959999084472656,48.327125549316406,16.284557342529297,96.7100067138672,39.8678092956543,24.780000686645508
2020-06-08,540.3599853515625,33.50843048095703,123.40599822998048,115.97933197021484,30.036958694458008,71.76563262939453,57.09000015258789,229.38560485839844,85.94196319580078,41.94900131225586,50.80788803100586,16.513151168823242,99.89446258544922,40.109466552734375,26.149999618530273
2020-06-09,531.5700073242188,32.754642486572266,120.11917877197266,117.4932632446289,28.492570877075195,71.96585845947266,53.41999816894531,236.5923309326172,86.11479187011719,43.404998779296875,47.97727966308594,16.210018157958984,98.67998504638672,39.95065689086914,23.8799991607666
2020-06-10,533.8099975585938,32.140724182128906,118.4612274169922,121.12274169921876,27.872966766357425,72.59131622314453,52.47999954223633,234.66921997070312,84.9242172241211,43.448001861572266,46.212120056152344,15.971491813659668,101.16635131835938,40.08185195922851,23.170000076293945
2020-06-11,517.1699829101562,30.501062393188477,109.21159362792967,118.8033676147461,25.949417114257812,69.4789047241211,47.7400016784668,222.4763031005859,82.26464080810547,42.555999755859375,43.78371810913086,14.99252986907959,96.48049926757812,38.97710037231445,22.34000015258789
2020-06-12,522.5700073242188,30.664249420166016,111.97486114501952,118.3666763305664,26.162118911743164,70.02507019042969,49.119998931884766,226.59017944335935,83.77205657958984,41.80699920654297,44.250091552734375,15.15651512145996,97.83843994140624,39.032325744628906,22.06999969482422
2020-06-15,526.02001953125,30.95176887512207,113.51646423339844,122.7822494506836,27.086904525756836,70.41265106201172,49.400001525878906,230.47607421875,84.818603515625,42.54999923706055,45.287384033203125,15.15651512145996,100.10485076904295,38.76995086669922,22.75
2020-06-16,532.4500122070312,30.88960075378418,114.8350601196289,122.0155792236328,26.18061637878418,71.68783569335938,49.20000076293945,233.5986328125,88.54393005371094,43.612998962402344,45.31955337524414,15.29565715789795,98.39308166503906,39.30161666870117,22.260000228881836
2020-06-17,534.22998046875,30.477752685546875,114.0691146850586,124.32525634765624,25.958663940429688,71.98866271972656,48.0,233.4796600341797,90.70425415039062,44.777000427246094,44.539573669433594,15.03725528717041,98.14446258544922,39.115196228027344,22.170000076293945
2020-06-18,535.1099853515625,30.648712158203125,114.76719665527344,125.52865600585938,26.818716049194336,71.07575988769531,48.31999969482422,233.88612365722656,94.28556060791016,44.98699951171875,44.563690185546875,15.081976890563965,101.74012756347656,39.28091049194336,22.520000457763672
2020-06-19,536.6699829101562,30.384492874145508,110.86954498291016,126.34383392333984,26.189861297607425,70.6059341430664,46.5099983215332,236.71131896972656,91.91402435302734,45.37200164794922,42.883113861083984,15.06209945678711,102.22782135009766,38.776859283447266,22.149999618530273
2020-06-22,527.6699829101562,29.871604919433594,112.39176940917967,125.8877182006836,25.99565887451172,71.89547729492188,45.779998779296875,237.13755798339844,91.4147491455078,46.80400085449219,42.42475891113281,14.962712287902832,101.94093322753906,38.43162536621094,21.84000015258789
2020-06-23,521.0399780273438,30.462202072143555,113.04136657714844,126.74171447753906,26.13437843322754,72.5556411743164,46.880001068115234,240.13128662109375,94.67921447753906,46.625999450683594,43.50227737426758,15.0322847366333,102.4764633178711,37.93448257446289,22.15999984741211
2020-06-24,507.989990234375,29.964860916137695,108.65894317626952,127.00373077392578,25.320566177368164,71.00537872314453,44.18000030517578,231.9828338623047,94.11273193359376,45.78499984741211,42.175506591796875,14.619828224182127,103.69095611572266,37.23710632324219,21.719999313354492
2020-06-25,510.0199890136719,29.972633361816406,107.9705581665039,126.8775863647461,24.90441513061523,71.42169189453125,44.16999816894531,233.6283721923828,95.0056610107422,46.59099960327149,42.45692443847656,14.76891040802002,105.37403869628906,37.47877502441406,21.260000228881836
2020-06-26,502.2699890136719,30.03481101989746,105.77932739257812,127.06192779541016,23.76692771911621,67.52820587158203,42.619998931884766,214.1989898681641,97.1467742919922,44.34000015258789,42.44085311889648,14.4508695602417,100.60212707519533,36.7054443359375,20.260000228881836
2020-06-29,509.2200012207031,30.26016616821289,108.1256866455078,126.8290557861328,24.87667465209961,69.2444839477539,44.290000915527344,218.71929931640625,101.77465057373048,44.7239990234375,43.65505599975586,14.863323211669922,101.32892608642578,37.76186752319336,21.229999542236328
2020-06-30,510.0400085449219,30.471216201782227,108.1159896850586,128.14891052246094,24.802690505981445,70.27931213378906,44.33000183105469,225.0933380126953,102.78279113769533,45.50400161743164,43.90433120727539,15.02234172821045,99.59803009033205,38.065677642822266,21.100000381469727
2020-07-01,521.9099731445312,31.034059524536133,109.57034301757812,131.22518920898438,24.90441513061523,71.4662857055664,46.02000045776367,235.4821014404297,101.45779418945312,48.56399917602539,43.85607147216797,14.858357429504396,101.49149322509766,37.74805450439453,21.06999969482422
2020-07-02,517.6900024414062,30.68229103088379,108.76559448242188,129.88600158691406,24.562244415283203,72.85051727294922,45.36000061035156,231.38803100585935,94.97686004638672,47.68899917602539,43.91236877441406,14.947800636291504,101.3767318725586,37.83091354370117,20.790000915527344
2020-07-06,526.2899780273438,31.526533126831055,110.94711303710938,130.30331420898438,24.506759643554688,74.32344818115234,45.459999084472656,238.18833923339844,90.92508697509766,49.38100051879883,44.43503189086914,15.151546478271484,102.11306762695312,38.141624450683594,21.239999771118164
2020-07-07,528.02001953125,31.32329750061035,110.17147064208984,130.79820251464844,23.757680892944336,73.84123229980469,45.040000915527344,238.76329040527344,88.33269500732422,49.31600189208984,44.79688262939453,15.067066192626951,101.1759262084961,38.003536224365234,20.36000061035156
2020-07-08,528.3099975585938,31.06532859802246,113.10924530029295,131.60366821289062,23.397016525268555,74.51921844482422,46.060001373291016,241.45965576171875,90.44499969482422,50.27799987792969,43.100215911865234,15.136637687683104,101.95050048828124,38.2382926940918,20.219999313354492
2020-07-09,530.1900024414062,30.71355438232422,113.25467681884766,134.6703643798828,22.536970138549805,75.2656021118164,45.04999923706055,242.37161254882812,92.48050689697266,50.7760009765625,41.540252685546875,15.018928527832031,101.52972412109376,37.66225814819336,19.25
2020-07-10,537.9199829101562,31.66724395751953,115.7076644897461,136.6500701904297,23.41551399230957,76.27415466308594,46.439998626708984,242.93666076660156,96.38826751708984,54.87300109863281,43.27712631225586,15.318902015686035,102.37127685546876,38.04628372192383,20.229999542236328
2020-07-13,533.780029296875,31.690696716308594,112.68263244628906,131.3125457763672,23.08258819580078,74.94693756103516,45.65999984741211,236.9194793701172,93.05658721923828,52.54999923706055,43.84803771972656,15.130779266357422,99.95185089111328,38.018348693847656,20.520000457763672
2020-07-14,542.9500122070312,32.19099044799805,115.04837036132812,134.4374542236328,23.14732551574707,75.37464141845703,46.40999984741211,237.64309692382812,94.0263214111328,52.487998962402344,44.1134033203125,15.232464790344238,100.78382873535156,38.7095947265625,20.649999618530273
2020-07-15,552.010009765625,32.80072784423828,117.2201919555664,134.3403778076172,24.099853515625,75.17739868164062,51.84000015258789,238.18833923339844,92.58612060546876,52.32600021362305,45.21502685546875,15.257887840270996,100.3343505859375,38.44427490234375,21.780000686645508
2020-07-16,558.030029296875,32.941436767578125,115.79492950439452,133.97161865234375,24.20157814025879,75.08025360107422,50.849998474121094,238.8326873779297,90.69464874267578,52.73899841308594,45.23111343383789,15.451093673706056,99.92316436767578,38.94699478149414,22.020000457763672
2020-07-17,564.6599731445312,32.97270584106445,115.0386734008789,134.2239227294922,23.378520965576172,75.17589569091797,51.040000915527344,239.923095703125,88.09265899658203,49.29899978637695,44.78080368041992,15.379913330078123,100.74556732177734,39.31007766723633,21.420000076293945
2020-07-20,565.510009765625,32.79291915893555,114.20484924316406,137.3488006591797,22.897634506225582,77.5047378540039,49.209999084472656,243.28358459472656,93.29661560058594,50.24100112915039,43.39773941040039,15.176543235778809,101.50104522705078,39.00983047485352,20.770000457763672
2020-07-21,564.6799926757812,33.277584075927734,115.00959014892578,135.22349548339844,23.4894962310791,77.11223602294922,49.18000030517578,239.64553833007812,90.1857681274414,49.0099983215332,43.823917388916016,15.379913330078123,100.9655303955078,38.98888397216797,20.979999542236328
2020-07-22,565.1199951171875,33.277584075927734,115.4071044921875,134.21421813964844,23.96113395690918,77.55480194091797,48.9900016784668,237.78189086914065,89.6480941772461,48.98199844360352,44.20989227294922,15.334153175354004,100.34394073486328,38.92605209350586,21.11000061035156
2020-07-23,560.4199829101562,33.21503829956055,114.52481079101562,131.361083984375,24.266313552856445,75.17095184326172,48.0,230.5751953125,87.51659393310547,47.757999420166016,45.295433044433594,15.201963424682615,99.94229125976562,38.9958610534668,21.350000381469727
2020-07-24,561.719970703125,33.88732147216797,114.03033447265624,131.24462890625,24.654720306396484,74.7477035522461,47.91999816894531,228.70162963867188,86.75807189941406,48.04499816894531,45.48038482666016,15.034175872802734,100.34394073486328,39.694095611572266,21.149999618530273
2020-07-27,559.9099731445312,34.051475524902344,112.76988983154295,132.137451171875,23.785425186157227,75.79936981201172,47.34000015258789,231.4673614501953,88.11186981201172,49.564998626708984,45.84222030639648,14.891820907592772,101.00377655029295,39.70805358886719,20.8799991607666
2020-07-28,561.4099731445312,33.77787780761719,112.64385223388672,130.79820251464844,23.803924560546875,74.52169799804688,47.290000915527344,228.1167755126953,94.51599884033205,48.85100173950195,43.95257568359375,15.095192909240724,99.95185089111328,40.13397979736328,20.780000686645508
2020-07-29,566.4199829101562,34.317264556884766,112.09120178222656,131.91424560546875,23.914897918701172,75.50597381591797,46.939998626708984,231.2591857910156,98.69259643554688,48.448001861572266,43.437950134277344,15.029097557067873,101.15676879882812,40.1130256652832,21.0
2020-07-30,563.4400024414062,34.13746643066406,112.13967895507812,134.49563598632812,23.877904891967773,76.24244689941406,46.470001220703125,232.4586639404297,98.27013397216795,48.58000183105469,42.82682037353515,15.034175872802734,100.86988830566406,40.008296966552734,21.149999618530273
2020-07-31,580.0,33.457374572753906,113.3807144165039,137.4361572265625,23.8316650390625,73.74359893798828,46.810001373291016,251.46177673339844,98.60617065429688,48.88800048828125,43.20474624633789,15.039270401000977,102.68684387207033,40.13397979736328,21.100000381469727
2020-08-03,589.7000122070312,33.51991653442383,112.80867767333984,138.154296875,24.377286911010746,73.48638916015625,46.66999816894531,249.76666259765625,106.0040512084961,49.86199951171875,43.180633544921875,15.059603691101074,102.20870208740234,39.96639633178711,21.34000015258789
2020-08-04,600.010009765625,33.77787780761719,113.72005462646484,141.99729919433594,24.663970947265625,73.01752471923828,47.7599983215332,247.6551818847656,103.28205871582033,50.9640007019043,42.730323791503906,15.257887840270996,103.6527099609375,40.43421173095703,22.010000228881836
2020-08-05,598.260009765625,33.05869674682617,123.72595977783205,141.86143493652344,22.865270614624023,73.30448913574219,47.63999938964844,246.9513702392578,115.89826965332033,50.21099853515625,42.37652587890625,15.176543235778809,103.1841278076172,40.17586517333984,21.1200008392334
2020-08-06,602.1400146484375,33.51209259033203,126.8382568359375,142.6086883544922,23.110334396362305,74.58612060546875,47.470001220703125,262.9706726074219,109.42694854736328,50.90800094604492,43.16455078125,15.17145538330078,103.3753890991211,40.37835693359375,21.6299991607666
2020-08-07,601.8699951171875,33.46518325805664,125.97534942626952,139.7361297607422,22.814403533935547,74.26001739501953,47.650001525878906,266.1031799316406,111.26080322265624,49.472999572753906,42.83486557006836,15.262972831726074,110.05987548828124,40.86711502075195,20.979999542236328
2020-08-10,602.3400268554688,33.62934875488281,124.87002563476562,136.5433349609375,22.564712524414062,74.18319702148438,50.79999923706055,260.71051025390625,111.03996276855467,48.3380012512207,44.2340087890625,15.3544921875,110.99703979492188,41.18829727172851,21.780000686645508
2020-08-11,590.47998046875,33.60590362548828,126.51830291748048,131.6910400390625,22.80515480041504,73.3763427734375,51.689998626708984,253.90037536621097,110.8959503173828,46.69300079345703,44.82101821899414,15.3544921875,108.62541961669922,40.853153228759766,22.479999542236328
2020-08-12,598.739990234375,33.87949752807617,127.77874755859376,135.7669219970703,23.04559898376465,74.69961547851562,51.349998474121094,257.6276550292969,111.29920196533205,47.547000885009766,43.542484283447266,15.344320297241213,110.21288299560548,40.91598129272461,21.81999969482422
2020-08-13,604.219970703125,33.9185791015625,126.9739990234375,137.58169555664062,23.646709442138672,75.16598510742188,51.29999923706055,259.02532958984375,112.75862884521484,48.132999420166016,43.67917251586914,15.207043647766112,110.32764434814452,40.86012649536133,21.969999313354492
2020-08-14,604.989990234375,34.215633392333984,126.55709838867188,136.28128051757812,23.803924560546875,74.57027435302734,51.47999954223633,258.96588134765625,114.0644073486328,48.26800155639648,44.10535430908203,15.257887840270996,110.4423828125,41.04864883422851,22.6200008392334
2020-08-17,604.969970703125,34.02803039550781,125.43238830566406,136.30068969726562,23.637460708618164,75.14566802978516,50.88999938964844,258.8865661621094,109.55656433105467,48.23500061035156,43.28516387939453,15.176543235778809,111.76209259033205,41.04167175292969,22.09000015258789
2020-08-18,610.6900024414062,34.03584289550781,124.99609375,138.36778259277344,23.70681953430176,77.10530090332031,50.31999969482422,260.0563049316406,110.61750793457033,49.1870002746582,43.51836013793945,15.146034240722656,110.94922637939452,41.32096099853515,22.059999465942383
2020-08-19,611.6599731445312,33.863868713378906,123.8810806274414,137.6690673828125,23.905649185180664,76.55169677734375,51.560001373291016,260.3041687011719,109.59976959228516,48.452999114990234,43.20474624633789,15.11553192138672,110.10768127441406,41.23017883300781,22.219999313354492
2020-08-20,612.5399780273438,33.82478332519531,124.22042083740234,139.2412109375,23.942638397216797,78.11978912353516,51.54999923706055,266.6683044433594,108.57242584228516,49.790000915527344,42.50518035888672,15.085021018981934,110.3563232421875,41.16735076904297,22.1299991607666
2020-08-21,613.9600219726562,33.668434143066406,123.5611343383789,137.03829956054688,24.04436492919922,78.08609008789062,51.119998931884766,264.6856689453125,108.06353759765624,49.23099899291992,42.25590515136719,15.095192909240724,109.98336791992188,41.18829727172851,21.989999771118164
2020-08-24,612.530029296875,34.23908233642578,126.71222686767578,138.12521362304688,24.950653076171875,78.5608901977539,54.09000015258789,269.0274963378906,107.43946075439452,48.88100051879883,43.81587219238281,15.268057823181152,110.22245025634766,41.593257904052734,22.809999465942383
2020-08-25,609.75,33.934226989746094,125.83959197998048,138.00869750976562,24.87667465209961,79.5867919921875,53.68000030517578,278.3754577636719,107.80430603027344,49.05799865722656,43.261043548583984,15.201963424682615,110.36589813232422,41.488529205322266,22.86000061035156
2020-08-26,614.5599975585938,34.551780700683594,128.1568603515625,139.38677978515625,25.107866287231445,81.48396301269531,52.63999938964844,301.2644348144531,108.04434204101562,54.75299835205078,43.14846420288086,15.24771785736084,111.11180114746094,41.51645278930664,22.770000457763672
2020-08-27,614.2899780273438,34.81755447387695,129.65966796875,137.58169555664062,25.496274948120117,80.7103271484375,57.2599983215332,290.6674499511719,107.08419799804688,52.62699890136719,44.193809509277344,15.201963424682615,110.20331573486328,41.495513916015625,22.86000061035156
2020-08-28,615.6400146484375,34.833187103271484,131.4145965576172,136.70828247070312,25.72284889221191,81.25102996826172,58.709999084472656,291.1036682128906,107.05538940429688,52.38899993896485,44.314422607421875,15.273143768310549,111.17874908447266,41.376808166503906,22.8799991607666
2020-08-31,615.6099853515625,35.02861404418945,127.85629272460938,135.3496551513672,25.764461517333984,80.76038360595703,56.79999923706055,290.6476745605469,107.22821807861328,52.95600128173828,43.49422836303711,15.156206130981444,111.58037567138672,41.3838005065918,22.06999969482422
2020-09-01,617.239990234375,35.21622848510742,129.48516845703125,134.20452880859375,25.587291717529297,82.02664947509766,57.20000076293945,292.8681640625,108.88926696777344,55.654998779296875,42.633827209472656,14.983338356018066,111.79075622558594,41.306983947753906,21.420000076293945
2020-09-02,622.4500122070312,35.31003952026367,131.26914978027344,135.43699645996094,25.99757957458496,85.11476135253906,57.900001525878906,299.86669921875,112.80662536621094,55.28400039672851,43.36556625366211,15.100271224975586,113.68423461914062,42.2635612487793,21.809999465942383
2020-09-03,608.0999755859375,34.7393798828125,129.1846160888672,128.89614868164062,25.503368377685547,80.75939178466797,56.099998474121094,288.58575439453125,106.13367462158205,52.57500076293945,43.65505599975586,15.044350624084473,109.82080078125,42.31941604614258,21.63999938964844
2020-09-04,604.02001953125,34.73155975341797,127.97264862060548,126.28558349609376,25.792434692382812,78.36561584472656,57.58000183105469,280.268798828125,101.71702575683594,51.60499954223633,43.48619079589844,14.957918167114258,109.29483795166016,42.2286491394043,22.809999465942383
2020-09-08,596.5,34.24690628051758,130.11538696289062,120.62782287597656,25.82041358947754,75.51043701171875,57.810001373291016,268.7995300292969,97.99169158935548,50.70199966430664,43.28516387939453,15.00367546081543,106.6937255859375,41.86557388305664,22.5
2020-09-09,613.280029296875,34.86444854736328,129.30093383789062,124.89783477783205,26.295974731445312,76.68154907226562,57.2400016784668,271.33721923828125,101.3521728515625,50.01900100708008,42.61775207519531,14.932494163513184,108.25247955322266,41.921424865722656,23.059999465942383
2020-09-10,604.0599975585938,34.411075592041016,129.1652069091797,123.50039672851562,26.28665351867676,75.6318588256836,56.93000030517578,265.7562561035156,101.25617218017578,48.06700134277344,41.65281295776367,14.698619842529297,106.83716583251952,41.56533432006836,23.450000762939453
2020-09-11,601.52001953125,34.919166564941406,127.73995208740234,122.2969970703125,26.240026473999023,75.12186431884766,57.13999938964844,264.28912353515625,99.518310546875,48.202999114990234,42.07096099853515,14.744378089904783,106.70327758789062,41.74687194824219,22.829999923706055
2020-09-14,609.7000122070312,35.388206481933594,127.2551727294922,122.4522933959961,26.724916458129883,74.7784194946289,58.65999984741211,263.8331298828125,103.94454956054688,47.625999450683594,43.28516387939453,14.815559387207031,107.36312103271484,42.1169319152832,23.770000457763672
2020-09-15,622.5499877929688,36.31844329833984,127.24549102783205,124.53878021240234,26.678295135498047,76.08136749267578,58.849998474121094,270.0485534667969,106.55613708496094,49.5989990234375,43.18866729736328,14.805386543273926,110.86316680908205,42.31242752075195,23.81999969482422
2020-09-16,630.0700073242188,36.5920524597168,128.06961059570312,122.9957275390625,27.35900497436523,74.94000244140625,59.970001220703125,261.22601318359375,103.98296356201172,48.38600158691406,43.35752868652344,14.86640167236328,108.78800201416016,42.1518440246582,24.270000457763672
2020-09-17,620.3099975585938,35.63053512573242,126.25652313232422,121.5594711303711,26.696943283081055,73.69850158691406,58.560001373291016,252.60177612304688,103.27245330810548,47.02000045776367,43.09218215942383,14.77996826171875,107.01887512207033,42.305450439453125,24.200000762939453
2020-09-18,625.25,35.380393981933594,124.71491241455078,122.1805648803711,26.072179794311523,71.91678619384766,56.9900016784668,250.33172607421875,104.08856964111328,46.99599838256836,41.96074295043945,14.708785057067873,105.8808822631836,42.137882232666016,23.8799991607666
2020-09-21,614.3400268554688,34.927001953125,121.5929183959961,124.4999542236328,24.971853256225582,70.8785171508789,53.15999984741211,245.9898376464844,102.59075927734376,48.73500061035156,40.088584899902344,14.556260108947754,105.73741912841795,41.62119674682617,22.420000076293945
2020-09-22,633.0499877929688,36.107383728027344,123.338134765625,127.14928436279295,24.9625301361084,72.3494644165039,53.11000061035156,252.53236389160156,102.26431274414062,49.117000579833984,40.46302032470703,14.495246887207031,107.4778823852539,41.767818450927734,22.329999923706055
2020-09-23,616.3499755859375,35.458553314208984,119.52774047851562,124.6260986328125,24.16059303283691,69.85010528564453,51.34000015258789,246.85226440429688,98.78860473632812,47.06100082397461,39.730438232421875,14.169855117797852,104.23604583740234,41.1324462890625,21.1200008392334
2020-09-24,611.4500122070312,35.724342346191406,118.76179504394533,125.49951934814452,24.43101501464844,70.5177001953125,50.90999984741211,247.3578186035156,99.30707550048828,47.30799865722656,39.80369567871094,14.2562894821167,105.71831512451172,41.32793045043945,21.31999969482422
2020-09-25,614.22998046875,36.07611083984375,120.22582244873048,127.31427001953124,24.897254943847656,71.32060241699219,53.2400016784668,252.60177612304688,101.53459930419922,48.28799819946289,40.00718307495117,14.2562894821167,107.12405395507812,41.46759033203125,21.329999923706055
2020-09-28,628.22998046875,36.552955627441406,122.15526580810548,128.37203979492188,25.960283279418945,72.2919692993164,54.40999984741211,254.58436584472656,104.26140594482422,49.064998626708984,40.40604019165039,14.42914867401123,109.24701690673828,41.44664001464844,21.950000762939453
2020-09-29,626.5,36.11520004272461,121.58322143554688,126.1788558959961,25.89501190185547,72.65674591064453,53.290000915527344,259.5110778808594,104.77027893066406,49.347999572753906,39.76298904418945,14.388479232788086,108.5584945678711,41.362850189208984,21.75
2020-09-30,624.3400268554688,36.162105560302734,120.30339813232422,126.5573501586914,25.950958251953125,72.63591766357422,53.880001068115234,259.62017822265625,106.2392807006836,50.00299835205078,40.29207992553711,14.495246887207031,109.36178588867188,41.53741836547851,21.770000457763672
2020-10-01,635.1099853515625,36.30281448364258,119.55683135986328,128.85728454589844,26.128128051757812,73.74111938476562,53.7400016784668,264.3089294433594,111.57764434814452,52.750999450683594,40.34906005859375,14.485078811645508,110.67190551757812,41.50947570800781,21.510000228881836
2020-10-02,620.22998046875,35.29439926147461,118.81997680664062,125.25691986083984,26.184078216552734,72.14030456542969,54.72999954223633,257.67718505859375,107.47784423828124,50.305999755859375,41.78167724609375,14.581679344177246,108.45330810546876,41.362850189208984,21.5
2020-10-05,633.97998046875,35.810325622558594,119.6150131225586,126.858154296875,26.77153968811035,73.4898452758789,54.560001373291016,262.3462219238281,109.50375366210938,52.064998626708984,42.08284378051758,14.57659912109375,109.78253936767578,41.65610122680664,21.90999984741211
2020-10-06,620.8900146484375,34.96967315673828,117.249267578125,121.15185546875,26.034883499145508,71.913330078125,54.209999084472656,256.4083557128906,109.6573715209961,50.58700180053711,41.692138671875,14.596933364868164,107.53526306152344,41.51645278930664,21.520000457763672
2020-10-07,623.72998046875,35.3232307434082,119.16901397705078,121.31685638427734,27.013986587524418,72.31575775146484,54.81999969482422,255.87301635742188,109.93579864501952,53.46599960327149,42.44913482666016,14.64268970489502,109.2279052734375,41.62119674682617,22.190000534057617
2020-10-08,629.0800170898438,35.59033966064453,119.3435287475586,122.26789093017578,27.564149856567383,73.51958465576172,56.27000045776367,261.46392822265625,108.92765808105467,53.17900085449219,43.26311492919922,14.902338981628418,110.4423828125,41.76797103881836,22.770000457763672
2020-10-09,635.6400146484375,35.23680114746094,121.17601013183594,123.6847686767578,27.21913146972656,74.85871124267578,56.83000183105469,262.14788818359375,107.90031433105467,53.944000244140625,42.7096061706543,14.751286506652832,112.1063461303711,41.86676406860352,22.239999771118164
2020-10-12,651.719970703125,36.13245391845703,121.16631317138672,127.01344299316406,26.98600959777832,77.54191589355469,55.84000015258789,273.34954833984375,105.90323638916016,53.98099899291992,43.50730895996094,14.652321815490724,114.82222747802734,42.02199935913086,22.34000015258789
2020-10-13,649.9500122070312,36.05387496948242,125.03487396240234,129.01260375976562,25.391469955444336,77.6648178100586,54.689998626708984,273.7362060546875,106.72895050048828,55.40900039672851,43.027061462402344,14.45438289642334,116.25666046142578,41.8879280090332,21.56999969482422
2020-10-14,638.6199951171875,35.57463455200195,122.73699188232422,128.8281707763672,25.111726760864254,77.48491668701172,54.36000061035156,269.4537658691406,105.39434814453124,54.14500045776367,43.28752899169922,14.31895637512207,111.57081604003906,41.23167037963867,20.93000030517578
2020-10-15,636.8900146484375,35.44106674194336,123.48355865478516,127.45985412597656,25.111726760864254,77.08992767333984,54.369998931884766,264.3981628417969,106.73855590820312,54.194000244140625,42.97007751464844,14.29811954498291,110.2606964111328,41.041141510009766,20.969999313354492
2020-10-16,633.9199829101562,35.79461669921875,122.95030975341795,128.02273559570312,25.04645347595215,77.69605255126953,54.599998474121094,263.61505126953125,107.73709106445312,53.07899856567383,42.71773910522461,14.235615730285645,109.935546875,40.96351623535156,20.959999084472656
2020-10-19,617.6599731445312,34.828250885009766,120.4488296508789,126.03327941894533,24.263166427612305,75.82514953613281,53.970001220703125,259.1244812011719,108.49560546875,53.071998596191406,41.38282012939453,14.001219749450684,107.82213592529295,40.43427276611328,20.200000762939453
2020-10-20,608.260009765625,34.7811164855957,121.14691162109376,123.5974349975586,24.291139602661133,76.87236022949219,55.63999938964844,265.2308654785156,110.28146362304688,52.54199981689453,41.63514709472656,13.938712120056152,108.12816619873048,40.39898681640625,20.25
2020-10-21,605.3300170898438,34.9775276184082,122.7757797241211,123.87885284423828,24.776031494140625,78.60250854492188,55.290000915527344,276.30364990234375,113.35391235351562,48.904998779296875,41.9200439453125,13.917881965637209,107.5065689086914,40.0461540222168,20.719999313354492
2020-10-22,599.9099731445312,35.44106674194336,123.67747497558594,123.1704330444336,25.605937957763672,79.6269302368164,56.83000183105469,275.69891357421875,112.06731414794922,48.52299880981445,41.98516845703125,14.730453491210938,106.76065826416016,40.4554443359375,21.18000030517578
2020-10-23,593.280029296875,35.401790618896484,124.44344329833984,123.02484893798828,25.251596450805664,80.9313735961914,57.15999984741211,282.3108215332031,115.50460815429688,48.827999114990234,42.91310501098633,14.490842819213867,107.46832275390624,40.9000129699707,21.100000381469727
2020-10-26,582.1300048828125,34.38828659057617,120.28400421142578,122.93751525878906,24.62683486938477,78.51825714111328,54.529998779296875,274.6977233886719,114.50606536865234,48.82400131225586,41.70840835571289,14.26165771484375,106.89456176757812,40.79416275024414,20.520000457763672
2020-10-27,583.6500244140625,34.1290168762207,119.55683135986328,122.87928771972656,24.417022705078125,79.2413558959961,51.849998474121094,280.82391357421875,120.76616668701172,48.89300155639648,39.73856735229492,14.022058486938477,107.88909912109376,40.490718841552734,20.100000381469727
2020-10-28,572.5800170898438,32.98196029663086,114.8641586303711,121.88941192626952,23.601104736328125,74.87604522705078,49.400001525878906,265.3399353027344,113.79557037353516,48.624000549316406,37.51640319824219,13.803290367126465,105.00108337402344,39.73567581176758,19.270000457763672
2020-10-29,576.0,33.83048629760742,117.8407211303711,120.2396469116211,23.84354782104492,77.1598129272461,49.66999816894531,278.3853454589844,117.25206756591795,50.42100143432617,37.28035354614258,13.938712120056152,104.72376251220705,40.05322265625,19.739999771118164
2020-10-30,603.8200073242188,33.18622589111328,117.55953216552734,116.28987121582033,24.72940444946289,80.09526062011719,48.79999923706055,260.8196105957031,112.12493133544922,47.57400131225586,38.419925689697266,14.074142456054688,104.78114318847656,40.21552658081055,20.239999771118164
2020-11-02,588.4299926757812,32.52627944946289,116.47361755371094,116.27044677734376,25.549991607666016,80.5021743774414,50.22999954223633,259.08477783203125,114.23724365234376,48.4119987487793,39.65717315673828,14.240826606750488,105.56529998779295,40.71653747558594,21.1200008392334
2020-11-03,591.989990234375,33.48477554321289,120.2452163696289,117.17298126220705,25.214296340942383,81.5597915649414,53.34000015258789,262.9905700683594,116.7815933227539,48.72200012207031,40.73977279663086,14.30332851409912,106.2634048461914,40.7518196105957,21.1200008392334
2020-11-04,634.469970703125,34.333290100097656,121.26325988769533,121.60798645019533,23.899497985839844,86.52526092529297,54.72999954223633,284.8782653808594,123.56017303466795,49.69499969482422,38.94087600708008,14.084561347961426,110.94922637939452,40.3778190612793,20.530000686645508
2020-11-05,647.3599853515625,34.84396743774414,123.09574127197266,124.53878021240234,24.813329696655273,87.35044860839844,56.43000030517578,292.1147766113281,129.58984375,51.375999450683594,40.14556884765625,14.329376220703123,112.13502502441406,41.034080505371094,21.43000030517578
2020-11-06,644.489990234375,34.985389709472656,123.58052825927734,115.66880798339844,24.197893142700195,87.2131576538086,56.040000915527344,290.8558349609375,127.27590942382812,51.472999572753906,39.364139556884766,14.292914390563965,118.15968322753906,41.3022346496582,20.93000030517578
2020-11-09,613.2000122070312,37.06739044189453,138.25001525878906,113.51436614990234,24.477636337280273,87.29692077636719,64.36000061035156,276.3432312011719,131.75013732910156,47.04999923706055,45.16783142089844,14.74086856842041,117.4137725830078,42.22664642333984,22.1200008392334
2020-11-10,626.8800048828125,37.53093338012695,137.7846221923828,115.41646575927734,25.037128448486328,86.1223373413086,65.26000213623047,270.05841064453125,126.949462890625,48.02399826049805,46.396942138671875,15.027348518371582,116.40010833740234,43.11577606201172,22.920000076293945
2020-11-11,636.9199829101562,37.45235824584961,133.62521362304688,116.24136352539062,25.605937957763672,86.59365844726562,63.689998626708984,274.0732116699219,128.09202575683594,49.07600021362305,46.58415985107422,14.96484661102295,119.68019104003906,43.04521942138672,22.440000534057617
2020-11-12,637.9600219726562,37.6959114074707,131.39523315429688,115.79493713378906,23.908824920654297,86.3750991821289,62.2400016784668,272.6854248046875,126.02771759033205,48.676998138427734,45.77017593383789,14.81379222869873,121.26763153076172,42.89702606201172,21.799999237060547
2020-11-13,647.1900024414062,38.497276306152344,134.14874267578125,117.2312240600586,24.836645126342773,87.83415985107422,66.08000183105469,274.53912353515625,126.35417938232422,48.28400039672851,47.50395202636719,15.05860424041748,122.62557983398438,43.087554931640625,23.1200008392334
2020-11-16,641.4099731445312,38.92154693603515,140.2667236328125,115.09622192382812,25.34484481811523,87.92186737060547,68.31999969482422,276.5316467285156,129.4554443359375,47.90999984741211,50.369178771972656,15.089859008789062,123.0272216796875,42.96759796142578,24.06999969482422
2020-11-17,641.510009765625,39.11009979248047,140.1018829345703,115.0185775756836,26.258676528930664,87.30880737304688,68.77999877929688,272.6060485839844,126.1141357421875,48.0629997253418,50.336612701416016,15.121108055114746,123.36194610595705,42.868797302246094,24.299999237060547
2020-11-18,642.4400024414062,38.60728073120117,139.52012634277344,113.38821411132812,25.792434692382812,86.26705169677734,67.08999633789062,269.6024169921875,126.1141357421875,48.17900085449219,48.59469223022461,14.907546043395996,122.2621841430664,42.56536483764648,24.5
2020-11-19,650.5399780273438,38.8744010925293,137.40650939941406,116.59071350097656,25.83905982971191,87.1556625366211,66.91000366210938,270.5640563964844,127.03587341308594,48.46699905395508,48.34236145019531,14.730453491210938,123.54361724853516,42.48773956298828,25.030000686645508
2020-11-20,655.4099731445312,38.6308479309082,136.77627563476562,118.26962280273438,25.950958251953125,86.0559310913086,66.30999755859375,267.35223388671875,125.365234375,48.82400131225586,48.553993225097656,14.751286506652832,124.01219940185548,42.36777877807617,25.489999771118164
2020-11-23,645.0399780273438,39.133670806884766,141.53683471679688,118.2599105834961,26.603696823120117,85.6187973022461,68.30000305175781,266.09326171875,132.71987915039062,47.6619987487793,49.73426055908203,14.907546043395996,122.29087829589844,42.50185775756836,26.5
2020-11-24,650.4400024414062,41.12137985229492,146.87913513183594,116.69745635986328,27.48954963684082,87.4198226928711,69.30999755859375,274.5093688964844,133.142333984375,48.28799819946289,52.45296096801758,15.225289344787598,122.4630126953125,42.79117202758789,27.200000762939453
2020-11-25,651.4000244140625,40.69713592529297,144.55218505859375,117.92025756835938,27.32170867919922,87.43122863769531,68.29000091552734,273.19091796875,133.4687957763672,48.5,52.23318862915039,15.100275039672852,123.11328887939452,42.628875732421875,27.299999237060547
2020-11-27,642.7999877929688,40.65784454345703,142.65184020996094,120.5016632080078,27.191158294677734,88.565673828125,67.2300033569336,275.3916015625,134.06407165527344,49.13600158691406,51.28083801269531,15.121108055114746,126.1351547241211,42.748836517333984,27.479999542236328
2020-11-30,651.989990234375,39.47149658203125,143.50503540039062,123.97591400146484,26.892763137817383,86.94900512695312,65.6500015258789,274.5589599609375,133.66085815429688,49.06999969482422,51.28083801269531,14.975259780883787,127.12971496582033,42.628875732421875,26.90999984741211
2020-12-01,662.25,40.08431243896485,144.89151000976562,123.64552307128906,28.104991912841797,88.97900390625,68.11000061035156,284.0555114746094,137.59738159179688,50.45800018310547,51.582000732421875,15.037769317626951,127.88519287109376,42.748836517333984,27.68000030517578
2020-12-02,667.1699829101562,40.10788345336914,148.93460083007812,125.88053894042967,28.53392791748047,90.44649505615234,69.9000015258789,285.0171203613281,133.39198303222656,50.3380012512207,51.826202392578125,15.15235996246338,127.32098388671876,43.299259185791016,28.3700008392334
2020-12-03,670.4299926757812,40.53214645385742,148.5758514404297,124.7533187866211,28.272838592529297,90.29136657714844,69.22000122070312,279.396484375,134.55377197265625,49.75199890136719,52.95762634277344,15.225289344787598,125.45619201660156,43.567405700683594,28.239999771118164
2020-12-04,670.739990234375,40.61071014404297,149.44847106933594,125.05457305908205,27.82524681091309,90.38651275634766,70.0,277.2651672363281,139.59446716308594,49.83100128173828,52.90065002441406,15.386757850646973,126.03955078125,43.433326721191406,28.479999542236328
2020-12-07,680.760009765625,40.799259185791016,149.00245666503906,127.143798828125,27.676050186157227,90.05298614501953,69.93000030517578,283.093994140625,140.24737548828125,51.577999114990234,52.3390007019043,15.438847541809082,127.14886474609376,43.29219055175781,28.799999237060547
2020-12-08,663.3699951171875,40.39072799682617,149.041259765625,128.41676330566406,27.27974510192871,89.77047729492188,69.88999938964844,280.9329528808594,139.62326049804688,51.26599884033203,52.6239013671875,16.048276901245117,127.33055877685548,43.36275100708008,28.09000015258789
2020-12-09,644.0800170898438,40.27286911010742,149.72964477539062,129.40802001953125,27.265758514404297,88.11170196533203,70.26000213623047,275.5007019042969,137.79901123046875,49.36000061035156,52.387847900390625,16.38684844970703,125.38925170898438,43.36982345581055,28.5
2020-12-10,658.0399780273438,39.660064697265625,149.98170471191406,130.87533569335938,27.144535064697266,87.60568237304688,72.33000183105469,274.7076110839844,141.4475555419922,50.10900115966797,52.0622444152832,15.985767364501951,124.85374450683594,42.69944381713867,28.790000915527344
2020-12-11,651.760009765625,40.01360702514648,170.3716278076172,131.9636993408203,27.340356826782227,87.96003723144531,70.93000030517578,271.168701171875,142.20603942871094,50.321998596191406,52.57505798339844,16.15245246887207,125.49444580078124,42.58652877807617,28.93000030517578
2020-12-14,649.6699829101562,40.06074523925781,164.1470489501953,133.65455627441406,26.836816787719727,86.84294891357422,70.3499984741211,271.80316162109375,139.03758239746094,52.242000579833984,51.7529411315918,15.91284465789795,123.70618438720705,42.325443267822266,28.649999618530273
2020-12-15,646.280029296875,40.46928405761719,168.6458282470703,136.68643188476562,26.650318145751953,87.28007507324219,73.16999816894531,273.1512756347656,144.82720947265625,51.97800064086914,52.37157440185547,15.928471565246582,124.31822204589844,42.727664947509766,28.719999313354492
2020-12-16,642.4299926757812,40.406436920166016,167.85076904296875,137.59983825683594,26.52909469604492,87.08726501464844,72.9800033569336,273.2702941894531,147.7652587890625,52.483001708984375,52.69716262817383,15.777414321899414,124.1365203857422,42.27605056762695,28.790000915527344
2020-12-17,653.97998046875,40.3514404296875,168.2677001953125,135.89932250976562,26.613021850585938,86.26060485839844,73.9800033569336,272.09063720703125,142.820556640625,53.290000915527344,51.533164978027344,15.42842960357666,124.32777404785156,42.34661865234375,28.739999771118164
2020-12-18,652.0,39.99003219604492,167.62779235839844,138.581298828125,26.258676528930664,85.55238342285156,73.43000030517578,273.993896484375,148.88861083984375,53.44499969482422,50.67784118652344,15.313838005065918,126.154296875,42.66415786743164,27.799999237060547
2020-12-21,654.6900024414062,39.573638916015625,165.4947509765625,137.02651977539062,25.848384857177734,85.96571350097656,72.18000030517578,270.41534423828125,148.00527954101562,52.89099884033203,49.78962707519531,15.110687255859377,124.52863311767578,41.97966766357422,27.3700008392334
2020-12-22,641.0999755859375,39.29866027832031,165.2620391845703,135.4911346435547,25.42877197265625,85.25502014160156,72.01000213623047,264.76495361328125,149.89675903320312,52.733001708984375,49.17280960083008,14.792953491210938,126.46988677978516,41.62683868408203,27.209999084472656
2020-12-23,647.4400024414062,39.31437683105469,168.2677001953125,137.51235961914062,26.212053298950195,85.65200805664062,71.62999725341797,265.77606201171875,147.27560424804688,51.448001861572266,50.39822006225586,14.975259780883787,126.45074462890624,41.60567092895508,28.260000228881836
2020-12-24,656.489990234375,39.58149719238281,168.4422149658203,137.803955078125,26.39855194091797,85.9458999633789,71.63999938964844,265.07220458984375,146.01780700683594,51.39699935913086,50.414669036865234,14.944009780883787,127.11058044433594,41.52098846435547,28.56999969482422
2020-12-28,651.9000244140625,40.155025482177734,173.4160614013672,136.7447052001953,27.17250633239746,87.91840362548828,74.68000030517578,274.5886535644531,144.0975341796875,51.9119987487793,51.302886962890625,14.871092796325684,127.18711853027344,41.61977005004883,29.450000762939453
2020-12-29,664.97998046875,40.500709533691406,171.903564453125,136.72528076171875,27.060611724853516,87.11552429199219,74.51000213623047,274.37060546875,144.23193359375,53.08700180053711,51.031490325927734,14.865878105163574,127.32098388671876,41.49981689453125,29.690000534057617
2020-12-30,653.489990234375,40.23358917236328,175.65576171875,138.03712463378906,27.125885009765625,86.04949951171875,74.56999969482422,269.5033874511719,145.94100952148438,52.45899963378906,50.89990234375,14.83983325958252,127.4548797607422,41.02702331542969,29.809999465942383
2020-12-31,661.5499877929688,41.16853332519531,175.66546630859375,139.5433349609375,27.15386009216309,86.86177825927734,73.4800033569336,270.7821350097656,145.1632843017578,54.073001861572266,51.29467010498047,14.980470657348633,128.95626831054688,41.45747756958008,30.09000015258789
2021-01-04,647.030029296875,39.68363571166992,172.27198791503906,135.56887817382812,26.864789962768555,85.54793548583984,70.66999816894531,266.59881591796875,143.94390869140625,52.2859992980957,50.06926345825195,15.33466911315918,126.64198303222656,41.528053283691406,30.6299991607666
2021-01-05,636.5900268554688,39.44685363769531,173.00885009765625,137.32777404785156,27.4569149017334,86.23780059814453,72.0,268.61114501953125,144.29913330078125,52.08000183105469,50.89167785644531,15.240910530090332,126.0873794555664,41.33751678466797,31.520000457763672
2021-01-06,624.510009765625,39.90462875366211,173.66815185546875,132.93545532226562,29.848726272583008,85.38685607910156,72.62000274658203,261.0179138183594,142.8781280517578,50.04899978637695,55.07782745361328,15.537811279296877,125.78134155273438,41.83853912353515,34.25
2021-01-07,629.77001953125,39.983551025390625,173.14459228515625,136.76414489746094,28.850976943969727,87.93724060058594,73.01000213623047,266.40057373046875,146.7667236328125,50.88899993896485,52.61054992675781,15.579480171203612,127.36883544921876,41.744388580322266,34.400001525878906
2021-01-08,634.3800048828125,40.67808532714844,173.25123596191406,137.8524932861328,28.058366775512695,89.1014175415039,73.45999908447266,265.2408142089844,145.73936462402344,51.040000915527344,52.29802703857422,15.472041130065918,129.15708923339844,41.22374725341797,34.630001068115234
2021-01-11,641.1300048828125,40.66231155395508,173.63906860351562,137.23057556152344,28.28215980529785,87.04267120361328,72.23999786376953,254.60415649414065,145.844970703125,49.90999984741211,52.388484954833984,15.39206600189209,127.1201400756836,40.98125076293945,35.130001068115234
2021-01-12,621.489990234375,39.47053146362305,170.63343811035156,135.13160705566406,27.759971618652344,86.10795593261719,73.37000274658203,248.9042205810547,147.44842529296875,49.42499923706055,52.57764434814453,15.328089714050291,123.0654754638672,40.83860778808594,35.29999923706055
2021-01-13,618.010009765625,39.588924407958984,170.75946044921875,132.48841857910156,27.93714141845703,86.59465026855469,73.31999969482422,249.4494171142578,148.8406219482422,50.77899932861328,51.76344680786133,15.25345230102539,122.88377380371094,40.69596481323242,36.689998626708984
2021-01-14,623.0900268554688,39.13114929199219,168.15133666992188,135.0149688720703,29.158693313598633,85.78532409667969,73.33000183105469,243.50167846679688,143.10858154296875,50.08599853515625,52.1335334777832,15.61599349975586,119.24031066894533,40.68170547485352,37.25
2021-01-15,628.9099731445312,38.4287109375,166.22190856933594,135.0732879638672,29.363840103149418,85.62176513671875,71.56999969482422,249.17185974121097,144.8368377685547,49.79800033569336,51.91147994995117,15.55201244354248,121.71710205078124,40.9241943359375,36.7599983215332
2021-01-19,633.27001953125,38.55500411987305,167.0169677734375,137.43463134765625,27.9837703704834,88.43929290771484,76.54000091552734,258.8270568847656,140.31459045410156,50.176998138427734,51.89503860473633,15.434720993041992,124.1747817993164,40.6888313293457,36.150001525878906
2021-01-20,642.8200073242188,38.57867431640625,168.35494995117188,141.4868621826172,28.92557144165039,93.17728424072266,73.7300033569336,265.151611328125,141.74520874023438,58.63399887084961,51.70587539672851,15.440053939819336,126.51769256591795,40.83860778808594,36.439998626708984
2021-01-21,650.4299926757812,38.77599334716797,166.06678771972656,141.84640502929688,28.944225311279297,93.37948608398438,74.58999633789062,270.49462890625,138.73036193847656,57.98400115966797,51.90325546264648,15.370745658874512,124.70072174072266,40.84573745727539,36.880001068115234
2021-01-22,646.6900024414062,38.42083740234375,167.52113342285156,141.8755645751953,28.12364196777344,93.7962875366211,72.27999877929688,272.1104736328125,135.3794708251953,56.516998291015625,51.45915222167969,15.424054145812988,124.6624984741211,40.98839569091797,37.4900016784668
2021-01-25,652.1699829101562,38.64970779418945,166.65821838378906,142.16705322265625,29.92332649230957,93.88151550292967,69.20999908447266,275.58990478515625,133.8624267578125,55.678001403808594,52.56120681762695,15.520024299621582,125.37015533447266,41.66593170166016,39.0
2021-01-26,649.5399780273438,39.5336799621582,164.3991241455078,142.16705322265625,32.57157897949219,94.55902099609376,68.69999694824219,279.5947265625,132.90231323242188,56.19300079345703,53.92642593383789,15.861245155334473,125.6666030883789,40.346492767333984,40.720001220703125
2021-01-27,615.780029296875,38.21562957763672,158.06788635253906,142.0990753173828,32.0587158203125,90.14762878417967,68.5199966430664,269.77099609375,126.30615997314452,52.327999114990234,54.74884796142578,15.536018371582031,117.88236236572266,39.319461822509766,43.869998931884766
2021-01-28,654.6500244140625,40.72544479370117,166.64852905273438,138.97003173828125,29.746156692504883,91.84558868408205,69.18000030517578,262.693115234375,135.8787384033203,53.86000061035156,53.03820037841797,15.354750633239746,122.18568420410156,39.49063491821289,41.02000045776367
2021-01-29,607.5599975585938,39.123252868652344,163.0514373779297,139.1546173095703,29.074771881103516,90.56493377685548,66.44999694824219,256.0812072753906,134.284912109375,53.23899841308594,51.302886962890625,15.264113426208496,120.5695343017578,39.04844284057617,41.41999816894531
2021-02-01,599.02001953125,39.581031799316406,165.76620483398438,141.74920654296875,29.72750473022461,93.82157135009766,67.55999755859375,259.7291564941406,140.13214111328125,53.90399932861328,51.69765090942383,15.274772644042969,122.80726623535156,38.71323013305664,42.119998931884766
2021-02-02,616.7000122070312,40.39395523071289,171.57391357421875,144.7616424560547,28.450010299682617,95.11262512207033,70.37999725341797,264.7550048828125,144.1071319580078,54.81600189208984,51.549617767333984,15.2161283493042,126.12562561035156,38.87014389038086,40.08000183105469
2021-02-03,609.260009765625,39.83359146118164,171.05999755859375,136.8418731689453,28.235536575317383,102.03919982910156,71.44000244140625,264.3287658691406,132.61427307128906,53.94499969482422,52.7750244140625,15.200132369995115,123.71575164794922,39.07696914672851,40.810001373291016
2021-02-04,619.7899780273438,40.607051849365234,174.74436950683594,134.7137451171875,28.36608505249023,101.77901458740234,75.0199966430664,264.17022705078125,144.6256103515625,55.21599960327149,53.342498779296875,15.402732849121094,124.89200592041016,39.32659530639648,41.11000061035156
2021-02-05,617.6500244140625,40.338714599609375,175.64605712890625,137.23057556152344,29.298566818237305,103.52352905273438,74.33999633789062,265.76611328125,153.4492645263672,55.07899856567383,54.18137741088867,15.424054145812988,119.80451202392578,39.45497131347656,42.66999816894531
2021-02-08,615.530029296875,40.92275619506836,184.21701049804688,138.43556213378906,30.48282241821289,103.30992126464844,76.38999938964844,264.2593688964844,152.6619415283203,54.79199981689453,54.89688873291016,15.338753700256348,120.58867645263672,39.26240539550781,43.25
2021-02-09,619.510009765625,41.60940933227539,182.4814910888672,141.9824676513672,28.655153274536133,102.85743713378906,77.5199966430664,267.1044616699219,152.53712463378906,55.90700149536133,54.8886604309082,15.258777618408203,119.01078033447266,39.22674179077149,43.5
2021-02-10,611.6300048828125,41.63308334350586,183.85829162597656,140.52479553222656,29.634258270263672,103.40706634521484,79.62999725341797,269.5033874511719,164.25083923339844,56.35900115966797,53.51521301269531,15.22145938873291,119.04904174804688,39.198211669921875,45.06999969482422
2021-02-11,618.6799926757812,42.011924743652344,185.09930419921875,143.16793823242188,29.83940315246582,103.5195770263672,81.04000091552734,268.0361633300781,165.26856994628906,55.75899887084961,54.29651641845703,15.296100616455078,118.96298217773438,38.94145202636719,45.54999923706055
2021-02-12,613.4500122070312,42.011924743652344,181.9579315185547,143.56640625,30.38956642150879,103.83082580566406,84.16999816894531,268.145263671875,162.772216796875,55.652000427246094,54.48567581176758,15.354750633239746,118.27444458007812,38.65618133544922,47.79999923706055
2021-02-16,618.469970703125,41.70412063598633,180.67811584472656,141.6617431640625,29.58763313293457,104.607421875,85.01000213623047,271.58502197265625,158.2883758544922,55.72800064086914,54.19783020019531,15.445380210876465,116.66787719726562,38.62051010131836,47.349998474121094
2021-02-17,624.1199951171875,41.8224983215332,180.765380859375,141.71035766601562,29.60628318786621,104.99994659423828,84.86000061035156,271.18853759765625,154.39019775390625,55.13399887084961,55.18474197387695,15.765276908874512,115.99845886230467,40.64604949951172,49.36000061035156
2021-02-18,616.4199829101562,41.48312759399414,177.4300537109375,143.24569702148438,30.002592086791992,104.36506652832033,84.44999694824219,267.044921875,155.77279663085938,54.821998596191406,54.90509796142578,15.584004402160645,117.66242218017578,40.63890838623047,49.709999084472656
2021-02-19,607.2899780273438,41.12007522583008,178.06027221679688,141.82696533203125,31.49921989440918,103.52253723144533,88.08999633789062,259.2831115722656,154.5342254638672,54.02199935913086,55.63706588745117,15.46137809753418,114.85090637207033,40.26090621948242,50.790000915527344
2021-02-22,596.5,41.43577194213867,185.9234313964844,138.24119567871094,32.347782135009766,101.81022644042967,88.8499984741211,258.0637512207031,150.4632568359375,53.37799835205078,58.046775817871094,15.631988525390623,112.7566375732422,40.26090621948242,55.290000915527344
2021-02-23,602.77001953125,42.09874725341797,191.09120178222656,137.1820068359375,31.81626892089844,102.10065460205078,90.33000183105467,263.545654296875,154.8990936279297,54.6150016784668,58.14544677734375,15.557343482971191,114.00938415527344,40.67457580566406,52.95000076293945
2021-02-24,608.510009765625,42.146095275878906,191.49842834472656,133.79054260253906,31.74166679382324,103.27473449707033,90.48999786376952,262.0091552734375,154.38059997558594,55.34099960327149,58.29350662231445,15.663970947265623,114.16238403320312,40.73876190185547,51.86000061035156
2021-02-25,601.5499877929688,41.23056411743164,185.16717529296875,131.4195098876953,30.809186935424805,99.91155242919922,87.22000122070312,252.4728851318359,145.67214965820312,54.66999816894531,56.80491256713867,15.264113426208496,115.60638427734376,40.29656600952149,51.31999969482422
2021-02-26,613.4199829101562,41.60940933227539,183.2862091064453,130.1853790283203,31.060958862304688,100.20694732666016,88.86000061035156,255.37738037109375,146.7571258544922,53.8849983215332,56.52528762817383,14.869585037231444,114.72660064697266,39.440711975097656,53.029998779296875
2021-03-01,619.6799926757812,42.974815368652344,189.04542541503903,133.3921356201172,32.4410285949707,102.57345581054688,92.86000061035156,262.6039733886719,150.2808074951172,55.06399917602539,58.433311462402344,14.976213455200195,118.16925048828124,39.483497619628906,58.18000030517578
2021-03-02,616.0700073242188,42.81696701049805,188.03709411621097,133.11972045898438,35.38767623901367,102.31671905517578,90.56999969482422,256.7453918457031,146.43064880371094,54.78200149536133,58.918556213378906,15.045520782470703,117.0981903076172,39.21247482299805,59.2400016784668
2021-03-03,601.02001953125,42.40655517578125,186.40821838378903,129.45169067382812,36.67449951171875,99.6865692138672,91.75,253.1866149902344,141.4667510986328,52.06999969482422,60.16864013671875,15.312098503112791,113.64598083496094,39.497772216796875,61.45000076293945
2021-03-04,607.6400146484375,42.56441116333008,182.30697631835935,127.7392807006836,36.45070266723633,100.80266571044922,91.13999938964844,255.3972320556641,137.93345642089844,51.12900161743164,59.24750518798828,15.41872787475586,113.42603302001952,39.084102630615234,62.599998474121094
2021-03-05,624.030029296875,43.47993850708008,184.2073211669922,129.01390075683594,38.502159118652344,103.93191528320312,89.80999755859375,261.9793395996094,140.45860290527344,51.63899993896485,61.278900146484375,15.791930198669434,119.23074340820312,39.93995666503906,64.25
2021-03-08,612.3800048828125,43.78774642944336,195.76451110839844,123.76963806152344,39.4719352722168,99.4927749633789,89.4000015258789,253.0874938964844,139.75770568847656,49.33300018310547,63.548789978027344,15.9891939163208,121.5067138671875,40.5034065246582,67.25
2021-03-09,614.77001953125,43.85877227783203,188.58973693847656,127.3890151977539,37.80305480957031,101.12133026123048,87.26000213623047,263.4267272949219,146.0465850830078,50.64400100708008,62.62755584716797,15.80259609222412,120.78949737548828,40.082611083984375,63.0099983215332
2021-03-10,629.0700073242188,45.15315246582031,189.12298583984375,126.60091400146484,38.87188720703125,100.9146728515625,88.16999816894531,262.5940246582031,140.99630737304688,50.45399856567383,63.548797607421875,15.9891939163208,121.84142303466795,40.710235595703125,65.81999969482422
2021-03-11,624.22998046875,44.90058898925781,190.76156616210935,127.7879409790039,39.232852935791016,104.10388946533205,88.77999877929688,271.495849609375,149.15745544433594,52.305999755859375,63.35789489746094,15.749279022216797,120.48348236083984,39.59049224853515,66.97000122070312
2021-03-12,624.1500244140625,45.05843353271485,191.1590881347656,126.96090698242188,40.109493255615234,101.59910583496094,87.87999725341797,266.06353759765625,147.2659912109375,51.801998138427734,64.55303192138672,15.893234252929688,121.56409454345705,39.676082611083984,71.0999984741211
2021-03-15,625.0,45.40571212768555,190.7712554931641,127.35009765625,40.03448486328125,101.81914520263672,90.16000366210938,271.366943359375,147.79405212402344,52.025001525878906,63.623504638671875,15.957208633422852,120.13922119140624,39.683197021484375,73.66999816894531
2021-03-16,639.6500244140625,45.80823516845703,188.3279571533203,128.17713928222656,41.422096252441406,103.2787094116211,88.01000213623047,276.84881591796875,148.04368591308594,52.40299987792969,63.731407165527344,15.9891939163208,122.19525909423828,39.683197021484375,75.80999755859375
2021-03-17,641.8599853515625,45.38203811645508,189.2975311279297,127.06795501708984,40.240753173828125,103.19593811035156,86.69000244140625,281.5377197265625,148.25491333007812,52.444000244140625,63.85588073730469,16.07450294494629,121.73622131347656,39.76165771484375,74.06999969482422
2021-03-18,629.3900146484375,44.095558166503906,186.4276123046875,124.53825378417967,40.2032470703125,100.1786880493164,87.88999938964844,276.194580078125,141.2747344970703,50.479000091552734,64.11317443847656,15.999858856201172,119.45068359375,40.16106033325195,75.94999694824219
2021-03-19,629.739990234375,43.77195739746094,185.32229614257812,124.92745208740234,40.24543762207031,100.45722198486328,84.68000030517578,287.5845947265625,146.6130828857422,51.21799850463867,63.4326057434082,15.866572380065918,118.76214599609376,40.11113357543945,77.2699966430664
2021-03-22,637.6199951171875,44.490177154541016,186.98995971679688,127.85603332519533,40.92517852783203,100.64208221435548,84.27999877929688,290.9847412109375,148.71578979492188,52.31100082397461,64.0301742553711,15.9891939163208,120.59823608398438,40.36075592041016,74.6500015258789
2021-03-23,645.4500122070312,44.308650970458984,182.98565673828125,129.45169067382812,39.200042724609375,101.16940307617188,81.63999938964844,288.1000061035156,140.07452392578125,53.50899887084961,62.63587951660156,15.994526863098145,118.95340728759766,40.588985443115234,71.68000030517578
2021-03-24,651.5599975585938,44.13501739501953,179.0977020263672,126.28960418701172,37.615535736083984,100.73328399658205,81.55000305175781,279.6839904785156,134.22732543945312,52.08100128173828,62.15448760986328,15.9891939163208,117.01214599609376,40.660301208496094,61.939998626708984
2021-03-25,637.7899780273438,44.4349365234375,181.22103881835935,126.51337432861328,37.7843017578125,100.72980499267578,83.81999969482422,276.31353759765625,129.234619140625,50.2859992980957,63.316410064697266,16.037179946899414,118.08318328857422,40.9241943359375,57.75
2021-03-26,631.75,43.55097198486328,180.26119995117188,129.25711059570312,35.440364837646484,100.34671020507812,84.04000091552734,280.5562438964844,132.75828552246094,50.80500030517578,62.67735290527344,16.159809112548828,117.61460876464844,41.49476623535156,41.900001525878906
2021-03-29,636.6799926757812,43.558860778808594,179.22377014160156,131.3197784423828,34.90594482421875,101.39044189453124,81.75,288.28839111328125,127.84236145019533,51.39500045776367,62.22918701171875,16.293094635009766,118.06405639648438,41.95835494995117,41.22999954223633
2021-03-30,632.6900024414062,43.39311599731445,179.88307189941406,130.7943878173828,34.79343795776367,101.42414093017578,83.48999786376953,285.492919921875,126.23895263671876,51.3390007019043,62.6192512512207,16.383729934692383,119.1924819946289,41.78718566894531,43.439998626708984
2021-03-31,617.02001953125,42.70647048950195,178.90379333496094,131.70896911621094,33.855857849121094,102.21959686279295,84.6500015258789,291.9660949707031,131.90377807617188,52.16600036621094,61.54033279418945,16.13848114013672,119.81407928466795,41.47336196899414,43.459999084472656
2021-04-01,608.5800170898438,43.21158599853515,183.2183532714844,134.22891235351562,34.04337692260742,105.5530242919922,88.06999969482422,296.0600891113281,136.97328186035156,53.94200134277344,63.00103759765625,16.24510955810547,122.0709228515625,41.58035659790039,43.310001373291016
2021-04-05,605.5,43.25105285644531,182.7626495361328,137.7120361328125,34.12775802612305,109.97284698486328,87.55000305175781,306.2209167480469,138.40391540527344,54.06700134277344,63.183624267578125,16.373064041137695,125.6570281982422,41.98688125610352,41.63999938964844
2021-04-06,613.3900146484375,43.480979919433594,183.95521545410156,137.45912170410156,34.73717498779297,109.49210357666016,88.93000030517578,303.5939636230469,137.43417358398438,54.452999114990234,64.38705444335938,16.51701545715332,125.68571472167967,42.15805435180664,43.380001068115234
2021-04-07,611.6300048828125,43.29069519042969,181.8512725830078,138.16937255859375,34.98095703125,110.967529296875,86.68000030517578,310.3645324707031,136.20516967773438,54.69900131225586,64.43685913085938,16.490360260009766,124.3373565673828,42.07960891723633,43.38999938964844
2021-04-08,615.1599731445312,43.076622009277344,181.61859130859375,137.72181701660156,34.690303802490234,111.5325164794922,87.0,310.2951354980469,139.7481231689453,55.45800018310547,64.11317443847656,16.35866355895996,124.42343139648438,41.5230827331543,41.880001068115234
2021-04-09,614.239990234375,42.47404479980469,182.17123413085935,136.66131591796875,35.12158966064453,112.5356216430664,86.0,309.739990234375,138.1350860595703,55.53099822998047,64.45343017578125,16.38047218322754,123.390625,41.44377517700195,42.0
2021-04-12,619.2999877929688,42.275821685791016,180.81382751464844,137.62452697753906,35.08407974243164,111.24457550048828,84.87999725341797,308.8280334472656,138.76876831054688,55.27799987792969,65.79794311523438,16.33684730529785,125.04499816894533,41.47982406616211,40.380001068115234
2021-04-13,621.2899780273438,42.71983337402344,179.8442840576172,138.2666473388672,35.13096237182617,111.73076629638672,82.66999816894531,307.0635070800781,140.3241729736328,55.37300109863281,65.22527313232422,16.156906127929688,125.07369232177734,41.53749465942383,40.380001068115234
2021-04-14,617.0999755859375,42.25997543334961,181.7543182373047,137.7801513671875,34.90594482421875,111.11024475097656,82.05000305175781,300.1839599609375,138.43270874023438,54.00199890136719,65.25017547607422,16.2114315032959,124.22257995605467,41.59516525268555,38.380001068115234
2021-04-15,636.0,42.92597961425781,180.27088928222656,138.9088134765625,35.520050048828125,113.25820922851562,80.25,305.140380859375,140.63140869140625,54.922000885009766,65.93074035644531,16.222339630126953,125.72396087646484,41.59516525268555,37.81999969482422
2021-04-16,644.3699951171875,43.6950569152832,181.56039428710935,137.23533630371094,35.57631301879883,113.13431549072266,80.98999786376953,303.5146789550781,139.50808715820312,54.65399932861328,66.10501861572266,16.33139991760254,127.23490142822266,42.01327896118164,37.34000015258789
2021-04-19,644.4199829101562,42.92597961425781,181.72523498535156,135.85372924804688,35.32785415649414,113.48172760009766,81.58000183105469,299.6089782714844,140.18017578125,55.444000244140625,65.82283782958984,16.353206634521484,126.22124481201172,42.09257888793945,36.369998931884766
2021-04-20,652.4600219726562,42.94182968139648,177.22645568847656,137.05047607421875,35.440364837646484,112.9489517211914,78.44999694824219,300.015380859375,134.15049743652344,54.957000732421875,65.44937133789062,16.29867935180664,124.84416961669922,42.09257888793945,35.470001220703125
2021-04-21,652.9000244140625,43.33827209472656,177.5366973876953,137.22561645507812,36.199798583984375,112.91625213623048,81.27999877929688,298.845703125,135.42747497558594,50.88999938964844,66.88516998291016,16.418643951416016,126.3455581665039,41.912357330322266,38.47999954223633
2021-04-22,657.6799926757812,43.13212966918945,177.1973419189453,137.4396514892578,35.74038314819336,111.63609313964844,80.9800033569336,293.9387512207031,137.76060485839844,50.87799835205078,66.92667388916016,17.100255966186523,125.9726104736328,41.292388916015625,38.209999084472656
2021-04-23,657.5399780273438,43.12418746948242,177.44944763183594,139.26881408691406,36.01228332519531,113.98575592041016,81.77999877929688,298.50860595703125,143.07015991210938,50.55500030517578,67.41635131835938,17.12206268310547,127.49312591552734,41.30681228637695,38.400001525878906
2021-04-26,652.5700073242188,43.06869888305664,178.66140747070312,139.90121459960938,35.815391540527344,114.48136901855467,82.62000274658203,300.4020080566406,146.4210662841797,51.029998779296875,67.00965881347656,16.854875564575195,126.7089614868164,41.04729080200195,38.849998474121094
2021-04-27,653.52001953125,43.05283737182617,179.0201416015625,139.58018493652344,35.89038848876953,113.54220581054688,82.27999877929688,300.9273986816406,151.50979614257812,50.55500030517578,67.43294525146484,16.778533935546875,127.11058044433594,40.600337982177734,39.0099983215332
2021-04-28,652.719970703125,42.894248962402344,177.80819702148438,140.09580993652344,35.459110260009766,116.91529083251952,82.41999816894531,304.4266357421875,152.78680419921875,50.652000427246094,67.51592254638672,16.882139205932617,126.30733489990234,40.679630279541016,37.4900016784668
2021-04-29,669.969970703125,44.71786117553711,179.68914794921875,142.38226318359375,35.412235260009766,118.58647918701172,82.61000061035156,326.64154052734375,150.3096160888672,50.900001525878906,68.78575134277344,17.089351654052734,128.15293884277344,41.32122039794922,37.95000076293945
2021-04-30,673.4500122070312,44.51964569091797,180.3581390380859,138.23748779296875,35.08407974243164,116.6407241821289,81.87999725341797,322.2500915527344,149.42630004882812,51.34700012207031,68.27117919921875,17.127521514892578,126.35514068603516,41.6600456237793,37.65999984741211
2021-05-03,677.3099975585938,44.85265350341797,179.86367797851562,137.36183166503906,34.32464599609375,116.12429809570312,82.1500015258789,319.7718811035156,142.52291870117188,50.9109992980957,69.32520294189453,17.17659568786621,125.70484924316406,41.75375747680664,36.119998931884766
2021-05-04,672.8599853515625,44.90021514892578,178.6420135498047,133.35324096679688,34.446533203125,114.3277359008789,79.27999877929688,315.5885925292969,133.39198303222656,50.31800079345703,69.34181213378906,17.460145950317383,122.8646469116211,42.24395751953125,36.52000045776367
2021-05-05,673.75,44.72578811645508,175.98541259765625,134.13157653808594,34.071502685546875,114.72125244140624,78.7699966430664,312.2776794433594,137.94305419921875,49.608001708984375,69.02643585205078,17.465599060058594,128.26773071289062,42.30884552001953,36.65999984741211
2021-05-06,675.7899780273438,45.17771530151367,176.25689697265625,137.51748657226562,35.22472381591797,115.84031677246094,75.12000274658203,317.23419189453125,134.38092041015625,49.95500183105469,69.96426391601562,17.672807693481445,132.8101348876953,42.74137496948242,36.25
2021-05-07,693.4400024414062,46.07366561889648,179.2140655517578,138.5682830810547,35.92790222167969,116.5628890991211,79.95999908447266,316.3023376464844,140.36257934570312,50.38399887084961,70.51203155517578,17.53648567199707,133.03961181640625,42.330467224121094,37.560001373291016
2021-05-10,694.719970703125,45.59794616699219,178.69052124023438,136.84616088867188,36.40607452392578,113.5803680419922,83.05999755859375,303.3065185546875,136.1571807861328,48.66899871826172,70.37924194335938,17.79277229309082,129.87429809570312,42.90717315673828,37.2599983215332
2021-05-11,685.0900268554688,45.59001541137695,176.14051818847656,137.53697204589844,36.10135269165039,112.5053939819336,81.94999694824219,303.861572265625,140.564208984375,49.507999420166016,69.49948120117188,17.591014862060547,131.9685516357422,42.200714111328125,36.779998779296875
2021-05-12,681.97998046875,44.89228820800781,172.4368133544922,135.8926544189453,35.566932678222656,109.04556274414062,77.91000366210938,299.916259765625,135.9747314453125,48.49800109863281,68.17159271240234,17.432884216308594,130.66799926757812,42.10699462890625,35.7599983215332
2021-05-13,685.2999877929688,45.50279998779297,172.91188049316406,135.36727905273438,36.32168960571289,110.47241973876952,81.2300033569336,302.60272216796875,132.88311767578125,48.66600036621094,69.24221801757812,17.563751220703125,132.0832977294922,42.39535903930664,35.22999954223633
2021-05-14,710.4000244140625,46.52560806274414,168.4131317138672,134.8710479736328,34.93407440185547,112.91773223876952,85.80000305175781,313.18975830078125,136.52203369140625,49.33700180053711,69.41651153564453,17.580106735229492,135.33473205566406,42.30884552001953,35.650001525878906
2021-05-17,686.8499755859375,43.97256088256836,164.90330505371094,133.810546875,34.474666595458984,113.44010925292967,84.5199966430664,312.7138671875,134.40975952148438,48.89400100708008,68.97661590576172,17.10570526123047,134.07240295410156,41.7681770324707,33.849998474121094
2021-05-18,686.1099853515625,43.56820297241211,164.51547241210938,134.32618713378906,35.01844787597656,112.12922668457033,87.08999633789062,307.26171875,131.4044952392578,48.62799835205078,68.74423217773438,16.113283157348633,129.0996856689453,41.22030258178711,33.310001373291016
2021-05-19,679.6500244140625,43.0052604675293,164.1179656982422,135.12405395507812,35.01844787597656,112.5767593383789,87.30000305175781,310.86016845703125,133.30555725097656,48.77000045776367,68.18817138671875,15.791563987731934,128.47808837890625,41.03287124633789,33.11000061035156
2021-05-20,694.7100219726562,43.63956069946289,166.14434814453125,137.97482299804688,34.9246940612793,114.33368682861328,88.37000274658203,315.83642578125,137.0885009765625,50.16699981689453,68.56996154785156,16.162357330322266,130.208984375,40.939170837402344,31.850000381469727
2021-05-21,692.52001953125,43.67127227783203,167.15269470214844,136.37911987304688,35.23409652709961,113.69831085205078,89.26000213623047,313.4772033691406,137.60699462890625,49.78900146484375,68.79403686523438,16.36411476135254,130.1038360595703,41.025665283203125,31.469999313354492
2021-05-24,703.1300048828125,44.13113021850586,169.0045623779297,138.24722290039062,35.10283279418945,117.01439666748048,91.72000122070312,321.8040771484375,141.4283447265625,50.290000915527344,69.05132293701172,16.222339630126953,131.71035766601562,41.07612991333008,31.280000686645508
2021-05-25,695.510009765625,44.16286087036133,170.8079376220703,139.3855438232422,34.830936431884766,117.10511016845705,90.37000274658205,324.9365539550781,138.50949096679688,50.13399887084961,68.04708099365234,16.096923828125,130.7827606201172,40.7156867980957,30.65999984741211
2021-05-26,693.5,45.07465362548828,171.09881591796875,140.09580993652344,35.16846466064453,117.9694366455078,90.3000030517578,324.8077087402344,138.8743896484375,50.23600006103515,67.94749450683594,16.113283157348633,133.54644775390625,40.629180908203125,31.81999969482422
2021-05-27,692.4500122070312,45.46316146850586,173.590576171875,139.064453125,35.58100509643555,117.09569549560548,90.5199966430664,329.8533020019531,137.30935668945312,50.38600158691406,68.56996154785156,16.200525283813477,135.13388061523438,40.57870864868164,32.52000045776367
2021-05-28,694.530029296875,45.46316146850586,173.2124481201172,139.064453125,35.01844787597656,116.80674743652344,90.11000061035156,325.86834716796875,137.66461181640625,50.28099822998047,68.25457763671875,16.047849655151367,135.2677764892578,40.722896575927734,32.11000061035156
2021-06-01,688.8900146484375,45.1539421081543,173.3966827392578,139.90223693847656,34.99032974243164,118.0125503540039,91.97000122070312,326.2648010253906,137.51095581054688,49.90800094604492,68.90193939208984,15.987866401672363,135.50686645507812,40.64359664916992,32.0
2021-06-02,682.4500122070312,44.947792053222656,171.61268615722656,137.73971557617188,34.48403549194336,117.48770141601562,90.91000366210938,326.28472900390625,133.87203979492188,49.92399978637695,68.5948486328125,16.145999908447266,134.81832885742188,40.83823776245117,32.150001525878906
2021-06-03,675.6400146484375,44.709938049316406,170.8758087158203,138.31443786621094,34.33402633666992,116.3473129272461,90.02999877929688,323.20172119140625,131.3564910888672,48.94300079345703,68.16326141357422,15.938788414001465,136.0997772216797,41.07612991333008,31.6299991607666
2021-06-04,682.6500244140625,45.19358444213867,171.78717041015625,141.4510498046875,34.868438720703125,118.6266098022461,89.23999786376953,327.4742431640625,132.4318389892578,49.4739990234375,68.71935272216797,15.960599899291992,138.1940460205078,41.30681228637695,31.549999237060547
2021-06-07,680.5599975585938,45.130157470703125,171.60299682617188,141.94786071777344,34.830936431884766,119.05926513671876,89.69999694824219,333.6500244140625,137.76060485839844,49.46599960327149,68.70275115966797,15.856998443603516,137.23773193359375,41.23472595214844,31.239999771118164
2021-06-08,677.9099731445312,44.741641998291016,170.9630584716797,141.7335205078125,34.30590057373047,118.86798095703124,89.29000091552734,330.7752685546875,137.15573120117188,49.23899841308594,69.44969177246094,15.80246925354004,139.03558349609375,41.19868087768555,30.040000915527344
2021-06-09,676.469970703125,44.60685729980469,170.681884765625,142.04530334472656,35.290348052978516,119.33879852294922,88.16999816894531,327.3751525878906,136.11878967285156,48.58100128173828,69.32520294189453,15.818828582763672,140.8334197998047,41.126583099365234,30.559999465942383
2021-06-10,682.9099731445312,44.876426696777344,171.19577026367188,141.88941955566406,35.13096237182617,120.68634796142578,87.01000213623047,329.5658264160156,136.22439575195312,48.72700119018555,69.4256591796875,15.91152000427246,140.10662841796875,41.33564758300781,30.13999938964844
2021-06-11,686.739990234375,45.09843444824219,171.98114013671875,142.6005401611328,35.56224822998047,120.44200897216795,87.45999908447266,328.3763732910156,135.9267578125,48.87699890136719,70.14542388916016,15.987866401672363,138.99734497070312,41.32843780517578,30.790000915527344
2021-06-14,690.6099853515625,45.41558074951172,172.75674438476562,144.7046356201172,35.32785415649414,121.36929321289062,86.4000015258789,333.8383483886719,138.12547302246094,49.98899841308594,69.10760498046875,15.862446784973145,138.9112548828125,41.22030258178711,30.81999969482422
2021-06-15,687.8300170898438,45.44729995727539,170.50738525390625,141.05169677734375,35.35597610473633,120.35232543945312,85.95999908447266,333.8185729980469,136.66604614257812,49.189998626708984,69.61814880371094,15.96605110168457,139.3129119873047,41.29960250854492,30.06999969482422
2021-06-16,682.0700073242188,45.28871536254883,169.3439178466797,138.90866088867188,35.3184814453125,119.7109832763672,87.22000122070312,328.1979064941406,137.31895446777344,49.24100112915039,69.17455291748047,15.84608554840088,138.57659912109375,40.831031799316406,30.459999084472656
2021-06-17,691.0499877929688,45.60588073730469,169.33419799804688,138.25596618652344,34.830936431884766,120.67346954345705,85.36000061035156,333.5806579589844,144.2607421875,49.83399963378906,67.6429214477539,15.671595573425291,140.0492706298828,40.7517204284668,29.40999984741211
2021-06-18,685.5999755859375,44.963645935058594,167.17208862304688,137.46693420410156,35.28097152709961,119.05531311035156,85.66000366210938,326.79022216796875,147.78445434570312,50.07699966430664,64.97301483154297,15.622520446777344,138.37574768066406,40.23989486694336,29.079999923706055
2021-06-21,694.8099975585938,45.41558074951172,168.67491149902344,137.3110809326172,35.149723052978516,120.74186706542967,89.05999755859375,329.39739990234375,149.5126953125,49.70000076293945,66.79759216308594,15.775200843811035,139.2937774658203,40.65080642700195,29.690000534057617
2021-06-22,706.989990234375,45.693092346191406,168.21922302246094,137.2136993408203,35.29972839355469,121.25530242919922,91.5199966430664,336.0787048339844,152.7195281982422,50.88199996948242,66.22010040283203,15.693408966064451,139.44679260253906,40.63638687133789,29.489999771118164
2021-06-23,699.2899780273438,43.98841857910156,169.99351501464844,135.0316619873047,35.25284957885742,121.05358123779295,91.94000244140624,337.6251220703125,155.0911102294922,51.27399826049805,66.16149139404297,15.622520446777344,138.69129943847656,40.42012405395508,29.510000228881836
2021-06-24,711.5399780273438,44.44828796386719,172.5143585205078,135.0608673095703,35.90914535522461,121.42330932617188,91.98999786376952,340.1925354003906,157.72190856933594,51.805999755859375,66.621826171875,15.698862075805664,139.23638916015625,40.63638687133789,30.31999969482422
2021-06-25,721.2899780273438,44.73371505737305,172.9215850830078,135.00241088867188,35.96540451049805,121.43173217773438,92.5999984741211,338.39837646484375,155.53277587890625,52.707000732421875,67.15747833251953,15.753390312194824,138.9877471923828,40.64359664916992,30.86000061035156
2021-06-28,721.3599853515625,44.47999954223633,171.19577026367188,139.27879333496094,35.91852569580078,121.45899963378906,88.29000091552734,352.5441589355469,155.0911102294922,53.303001403808594,65.73465728759766,15.693408966064451,138.70089721679688,40.499420166015625,30.56999969482422
2021-06-29,717.4600219726562,44.8288688659668,168.63612365722656,140.36981201171875,34.530921936035156,121.19781494140624,88.4800033569336,348.8267822265625,155.8112030029297,53.349998474121094,66.05269622802734,15.627975463867188,138.65304565429688,40.25431442260742,30.34000015258789
2021-06-30,721.4500122070312,45.20943832397461,170.42015075683594,140.10678100585938,34.81218719482422,121.01642608642578,87.58999633789062,344.6831359863281,154.82228088378906,52.82099914550781,66.94824981689453,15.693408966064451,138.5000762939453,40.39128494262695,30.68000030517578
2021-07-01,721.7999877929688,45.788230895996094,171.86476135253906,138.46055603027344,35.205970764160156,121.36830139160156,88.58999633789062,351.30499267578125,153.122802734375,53.354000091552734,67.7935791015625,15.873353958129885,138.9877471923828,40.57870864868164,31.200000762939453
2021-07-02,731.9199829101562,46.319461822509766,171.7193145751953,139.6976776123047,34.99032974243164,124.15658569335938,87.29000091552734,351.6123046875,154.96629333496094,53.39799880981445,67.70152282714844,15.938788414001465,139.896240234375,40.68684005737305,31.13999938964844
2021-07-06,729.5399780273438,45.91335678100586,168.40341186523438,139.29832458496094,34.437156677246094,125.08087921142578,84.94999694824219,349.7090148925781,154.81265258789062,54.16400146484375,66.01921844482422,15.824277877807615,140.3361358642578,40.66522216796875,30.34000015258789
2021-07-07,742.3699951171875,46.31946563720703,167.5599365234375,139.2495574951172,34.12775802612305,125.36238098144533,83.5999984741211,347.4389953613281,151.40419006347656,53.59600067138672,66.40422821044922,15.775200843811035,141.56976318359375,40.7517204284668,29.559999465942383
2021-07-08,743.5,46.36723709106445,167.54054260253906,136.8142852783203,33.471458435058594,123.94495391845705,82.0999984741211,342.6410217285156,151.94183349609375,53.07600021362305,65.54215240478516,15.740840911865234,140.4413299560547,40.58989334106445,28.780000686645508
2021-07-09,736.469970703125,46.20798110961914,171.65145874023438,137.34033203125,34.17464065551758,124.41527557373048,83.66000366210938,347.36956787109375,156.1472625732422,53.597999572753906,66.99846649169922,15.891657829284668,139.62847900390625,40.87420272827149,29.299999237060547
2021-07-12,719.7999877929688,46.39112854003906,178.76806640625,137.73001098632812,34.502784729003906,125.8594741821289,84.38999938964844,350.0857238769531,156.348876953125,53.73099899291992,66.64692687988281,15.908414840698242,140.4795684814453,40.93251419067383,29.649999618530273
2021-07-13,710.7000122070312,46.04076385498047,178.06027221679688,139.5418243408203,33.70584487915039,126.22225952148438,81.77999877929688,349.0250549316406,158.04832458496094,54.06800079345703,65.19063568115234,15.791110038757324,141.3115692138672,40.88877487182617,29.100000381469727
2021-07-14,701.3699951171875,46.00094985961914,177.8372802734375,139.41517639160156,34.09025573730469,127.10990142822266,80.94000244140625,344.60394287109375,155.0911102294922,54.79499816894531,65.97737121582031,15.785526275634766,142.39219665527344,41.05644226074219,28.739999771118164
2021-07-15,704.9299926757812,46.1442756652832,178.54505920410156,138.967041015625,33.602718353271484,125.88871002197266,79.93000030517578,341.4613952636719,156.33929443359375,54.29499816894531,65.72628784179688,15.880487442016602,141.85665893554688,41.2241096496582,28.459999084472656
2021-07-16,709.989990234375,45.82577133178711,173.85238647460938,139.39566040039062,33.07767105102539,125.85401916503906,78.52999877929688,338.1901550292969,154.74545288085938,53.03099822998047,64.82237243652344,15.83021068572998,142.87991333007812,41.15850067138672,28.18000030517578
2021-07-19,711.469970703125,45.09318542480469,167.6859588623047,137.5838623046875,32.55263137817383,123.4830551147461,74.79000091552734,334.0168151855469,147.2179718017578,53.22800064086914,63.91010284423828,15.522992134094238,138.28965759277344,40.70653533935547,27.81999969482422
2021-07-20,718.760009765625,45.451515197753906,171.37030029296875,137.41824340820312,32.78702163696289,125.1002197265625,76.98999786376953,338.685791015625,147.6404571533203,53.10499954223633,61.156497955322266,15.590017318725586,138.08883666992188,40.516990661621094,28.1299991607666
2021-07-21,718.4199829101562,46.03280258178711,171.5060272216797,137.0773162841797,33.93086624145508,126.42794036865234,80.0,343.2160339355469,153.33404541015625,51.362998962402344,61.683780670166016,15.584436416625977,138.2514190673828,40.786720275878906,28.790000915527344
2021-07-22,720.219970703125,46.01687240600586,169.7996063232422,138.606689453125,33.75272750854492,127.29277801513672,78.80000305175781,348.1328430175781,154.1021728515625,51.176998138427734,60.260948181152344,15.645878791809082,138.42352294921875,40.786720275878906,28.479999542236328
2021-07-23,726.8099975585938,46.47076416015625,170.77886962890625,141.23675537109375,33.93086624145508,131.84588623046875,77.70999908447266,366.5708923339844,159.24850463867188,51.54100036621094,60.512054443359375,15.724081039428713,137.70631408691406,40.735694885253906,28.469999313354492
2021-07-26,729.6599731445312,46.741485595703125,173.2997283935547,141.4900665283203,34.277767181396484,132.85693359375,82.18000030517578,369.2176818847656,157.6834716796875,51.64899826049805,61.32389450073242,15.740840911865234,138.6339569091797,40.66278839111328,29.34000015258789
2021-07-27,726.75,46.63001251220703,174.03659057617188,138.25596618652344,33.940242767333984,130.74066162109375,80.29000091552734,364.6081848144531,155.71519470214844,51.89099884033203,61.49128723144531,15.752012252807615,138.4905242919922,40.968963623046875,28.829999923706055
2021-07-28,722.260009765625,46.16816711425781,173.6487579345703,139.84378051757812,34.0527458190918,134.8978271484375,80.20999908447266,370.030517578125,157.09779357910156,51.93000030517578,60.94725799560547,15.645878791809082,138.7773895263672,40.619049072265625,29.38999938964844
2021-07-29,713.7999877929688,46.27168273925781,172.9215850830078,139.66844177246094,34.03400421142578,134.5841064453125,80.72000122070312,355.2008361816406,156.8865509033203,51.42499923706055,61.29042434692383,15.802282333374023,138.30882263183594,40.808589935302734,30.18000030517578
2021-07-30,744.0499877929688,46.844993591308594,170.6625213623047,140.2334442138672,33.43395233154297,133.5423583984375,78.88999938964844,353.1983337402344,152.92120361328125,51.75699996948242,60.94725799560547,15.668222427368164,137.72547912597656,40.66278839111328,29.010000228881836
2021-08-02,749.8699951171875,46.558345794677734,170.20680236816406,140.3795623779297,33.41520309448242,133.66925048828125,79.12000274658203,348.88623046875,154.90866088867188,51.51499938964844,61.114646911621094,15.701738357543944,138.57659912109375,40.64820861816406,29.09000015258789
2021-08-03,770.02001953125,46.36723709106445,167.7247314453125,136.18109130859375,32.84327697753906,134.4379119873047,78.33000183105469,348.1824035644531,152.15309143066406,51.082000732421875,60.989112854003906,15.746421813964844,138.18447875976562,40.626346588134766,27.8700008392334
2021-08-04,770.0,46.16020965576172,167.3272247314453,136.2882537841797,32.730770111083984,133.93785095214844,79.48999786376953,355.79559326171875,144.56800842285156,51.73500061035156,59.85920333862305,15.55650520324707,136.00413513183594,40.36391067504883,28.34000015258789
2021-08-05,769.9099731445312,46.454830169677734,171.33151245117188,133.32693481445312,34.8871955871582,135.05393981933594,84.76000213623047,359.810302734375,140.5834197998047,52.48899841308594,61.58334732055664,15.60677719116211,135.72679138183594,40.31288146972656,29.200000762939453
2021-08-06,770.0900268554688,46.733516693115234,171.73873901367188,132.81065368652344,34.20276641845703,134.54544067382812,85.41000366210938,360.34564208984375,139.978515625,52.05500030517578,62.00183868408203,15.617956161499023,136.01368713378906,40.25456237792969,29.040000915527344
2021-08-09,765.5,46.40705490112305,171.34121704101562,132.63534545898438,34.23088455200195,135.70962524414062,83.30999755859375,358.4621276855469,135.50430297851562,51.99700164794922,61.37412643432617,15.55650520324707,136.74050903320312,40.18165969848633,29.229999542236328
2021-08-10,766.5,46.54241180419922,171.68055725097656,133.4828338623047,34.671546936035156,135.6045684814453,83.75,357.986328125,133.4591827392578,51.58399963378906,62.65464782714844,15.69056510925293,136.9412841796875,40.44409942626953,29.440000534057617
2021-08-11,776.6500244140625,47.05203628540039,172.6695098876953,134.71995544433594,35.13096237182617,135.08119201660156,83.7699966430664,356.8264465332031,134.8513946533203,51.2400016784668,63.81803131103515,15.72966480255127,138.2705535888672,40.50970077514648,29.450000762939453
2021-08-12,774.5700073242188,47.00425720214844,173.8329620361328,135.39210510253906,34.71842956542969,135.9881591796875,84.0199966430664,359.4930419921875,133.55520629882812,51.071998596191406,63.717567443847656,15.651464462280272,138.41400146484375,40.56072998046875,28.899999618530273
2021-08-13,771.7100219726562,47.23517227172851,175.56849670410156,135.09007263183594,34.690303802490234,136.5169677734375,81.58000183105469,360.0184631347656,130.81881713867188,51.59199905395508,63.14845657348633,15.746421813964844,138.60525512695312,40.72840118408203,28.420000076293945
2021-08-16,782.5800170898438,47.179439544677734,173.63906860351562,136.37594604492188,34.868438720703125,137.0938720703125,81.13999938964844,363.36907958984375,129.34019470214844,51.79199981689453,63.41629409790039,15.752012252807615,134.5792694091797,40.808589935302734,28.34000015258789
2021-08-17,788.3699951171875,47.3546142578125,170.47830200195312,137.3890380859375,34.671546936035156,135.46035766601562,80.55999755859375,355.3296203613281,125.74929809570312,51.89099884033203,62.51239013671875,15.746421813964844,134.52186584472656,40.95438766479492,28.61000061035156
2021-08-18,785.469970703125,47.00425720214844,169.4214630126953,136.3662109375,34.277767181396484,134.2584991455078,80.87000274658203,352.35577392578125,128.39926147460938,52.1870002746582,61.06443786621094,15.545336723327637,133.71861267089844,40.43680953979492,28.450000762939453
2021-08-19,785.5399780273438,46.948524475097656,167.97682189941406,136.9604034423828,33.92149353027344,134.48745727539062,79.5,352.0285949707031,128.2264404296875,54.37099838256836,59.52444076538086,15.377758026123049,134.7322540283203,40.36391067504883,27.739999771118164
2021-08-20,794.0900268554688,47.30683898925781,169.78990173339844,136.54151916503906,34.46528244018555,136.22158813476562,80.19999694824219,356.24163818359375,127.37194061279295,54.6879997253418,59.959659576416016,15.400102615356444,135.61207580566406,40.47325897216797,28.06999969482422
2021-08-23,797.510009765625,47.617393493652344,172.25259399414062,139.12294006347656,34.82155990600586,138.8106231689453,83.44000244140625,360.1870422363281,131.08766174316406,55.33300018310547,60.77150344848633,15.372174263000488,136.3101348876953,40.400360107421875,28.440000534057617
2021-08-24,792.6400146484375,47.402400970458984,173.03794860839844,138.87942504882812,34.75593185424805,140.0198974609375,85.73999786376953,362.3282165527344,134.5729522705078,55.34099960327149,60.7547607421875,15.333073616027832,136.2718963623047,40.101470947265625,28.700000762939453
2021-08-25,796.6699829101562,47.36258316040039,172.8828125,138.1877899169922,34.727806091308594,140.8302001953125,85.88999938964844,365.18316650390625,131.47169494628906,54.757999420166016,60.72965240478515,15.321906089782717,133.74728393554688,40.04315185546875,28.739999771118164
2021-08-26,797.4000244140625,46.980369567871094,171.1860809326172,137.80789184570312,34.390281677246094,140.19735717773438,84.75,361.2080383300781,131.28927612304688,55.012001037597656,60.06008529663086,15.092883110046388,131.56695556640625,39.802589416503906,27.88999938964844
2021-08-27,807.1799926757812,47.29888153076172,174.65708923339844,139.23983764648438,34.8778190612793,142.73829650878906,86.9000015258789,369.3862609863281,135.3794708251953,55.891998291015625,61.2569580078125,15.154327392578123,132.33197021484375,39.926517486572266,28.280000686645508
2021-08-30,814.2000122070312,47.54573059082031,174.501953125,139.58074951171875,34.75593185424805,143.31964111328125,86.56999969482422,377.3463134765625,133.96807861328125,56.61800003051758,60.3697509765625,15.21018409729004,131.8729248046875,39.926517486572266,27.850000381469727
2021-08-31,816.6599731445312,48.318115234375,175.78179931640625,141.61912536621094,35.33157730102539,143.42568969726562,86.69999694824219,376.0774230957031,131.9613800048828,56.91899871826172,61.28203201293945,15.31631088256836,131.0314178466797,40.09418487548828,28.84000015258789
2021-09-01,818.4400024414062,48.68440628051758,177.89544677734375,142.80892944335938,34.91636276245117,143.93914794921875,86.36000061035156,378.72418212890625,133.0943145751953,58.207000732421875,61.42431640625,15.187843322753906,131.7199249267578,40.050445556640625,28.43000030517578
2021-09-02,821.010009765625,49.17012023925781,176.3247833251953,141.8043670654297,35.0767822265625,142.02761840820312,86.69000244140625,372.01312255859375,141.24591064453125,58.85499954223633,62.219425201416016,15.439202308654783,130.1802978515625,40.30559158325195,28.940000534057617
2021-09-03,811.3300170898438,49.146244049072266,175.4909210205078,142.97474670410156,34.81255340576172,142.4761199951172,86.08000183105469,372.9845886230469,142.28285217285156,59.053001403808594,61.71726608276367,15.394519805908203,130.0559844970703,40.40764617919922,28.309999465942383
2021-09-07,800.8300170898438,48.01553726196289,178.72926330566406,141.6288604736328,34.68043518066406,143.0123748779297,87.68000030517578,378.85308837890625,153.0076141357422,60.67100143432617,61.16488265991211,15.31631088256836,128.59288024902344,39.96297073364258,27.959999084472656
2021-09-08,799.7899780273438,47.888126373291016,179.51463317871094,140.5365753173828,33.93492126464844,142.42807006835938,86.69000244140625,374.28326416015625,151.98025512695312,60.60499954223633,60.888671875,15.416863441467283,127.82780456542967,40.028564453125,26.979999542236328
2021-09-09,785.4099731445312,47.4262809753418,180.25149536132812,138.79078674316406,34.31240463256836,142.27938842773438,86.37999725341797,374.70947265625,151.42340087890625,59.75400161743164,60.36137771606445,15.31631088256836,125.6952896118164,39.68595504760742,26.790000915527344
2021-09-10,787.1199951171875,47.2192497253418,178.51596069335938,141.54104614257812,33.91604995727539,139.63780212402344,86.08000183105469,375.3934631347656,157.82749938964844,59.87200164794922,59.984745025634766,15.182258605957031,125.09281158447266,39.53286361694336,26.149999618530273
2021-09-13,793.0700073242188,47.75276565551758,179.3498077392578,141.10218811035156,34.29352951049805,141.0814971923828,89.11000061035156,373.232421875,155.5519561767578,58.92900085449219,60.68780899047851,15.372174263000488,124.3373565673828,39.81716537475586,27.059999465942383
2021-09-14,761.8599853515625,44.26505661010742,176.8483123779297,141.77513122558594,33.31209182739258,141.29164123535156,88.68000030517578,373.2522583007813,151.0873260498047,57.7760009765625,60.64594268798828,15.26604175567627,123.2854232788086,39.66408157348633,26.260000228881836
2021-09-15,765.2000122070312,45.387821197509766,178.79714965820312,133.651123046875,34.501136779785156,143.16006469726562,86.54000091552734,370.6650085449219,152.55636596679688,58.2869987487793,61.86791229248047,15.400102615356444,121.51627349853516,39.78071975708008,26.809999465942383
2021-09-16,765.239990234375,45.61077499389648,177.7597198486328,132.59783935546875,35.22777557373047,142.34776306152344,86.80999755859375,369.8124694824219,153.67971801757812,58.650001525878906,61.34901428222656,15.416863441467283,123.27584075927734,39.67866516113281,26.989999771118164
2021-09-17,763.47998046875,45.47540283203125,177.88575744628906,130.5692901611328,35.58637237548828,139.56246948242188,86.83000183105469,361.5450134277344,150.87608337402344,58.935001373291016,61.17325210571289,15.377758026123049,122.40564727783205,39.569313049316406,26.8799991607666
2021-09-20,755.9000244140625,44.98170471191406,173.17367553710938,126.87297821044922,35.039039611816406,137.50025939941406,86.73999786376953,352.60357666015625,145.42254638671875,57.542999267578125,60.40424728393555,15.199015617370604,120.13922119140624,39.55473327636719,26.010000228881836
2021-09-21,747.6300048828125,44.63931655883789,165.96011352539062,123.62535858154295,35.039039611816406,137.8109893798828,85.22000122070312,354.36810302734375,145.8641815185547,57.31399917602539,59.87184524536133,15.059370994567873,119.4411392211914,39.3870735168457,25.149999618530273
2021-09-22,751.5499877929688,44.60745620727539,168.36463928222656,123.27425384521484,36.05821990966797,139.05047607421875,88.31999969482422,340.2222595214844,147.52520751953125,59.064998626708984,61.21549224853515,15.087298393249512,122.14744567871094,39.40894317626953,25.440000534057617
2021-09-23,741.9500122070312,44.726905822753906,170.885498046875,124.72740936279295,36.25639343261719,139.9748077392578,91.58999633789062,342.9483337402344,148.60057067871094,59.32600021362305,62.668983459472656,15.187843322753906,125.21714782714844,39.67137908935547,25.530000686645508
2021-09-24,739.1699829101562,44.78264999389648,170.6431121826172,126.68769073486328,37.0490837097168,140.96502685546875,92.73999786376952,349.887451171875,154.49583435058594,59.23899841308594,63.15067672729492,15.154327392578123,123.77313995361328,39.63493347167969,25.299999237060547
2021-09-27,734.4099731445312,44.82246017456055,172.8343048095703,128.7162628173828,37.86065673828125,139.83206176757812,93.63999938964844,350.5020446777344,158.0771484375,59.26399993896485,64.04641723632812,15.305143356323242,122.19525909423828,39.707820892333984,26.13999938964844
2021-09-28,727.489990234375,43.59619140625,169.2081756591797,130.4619598388672,37.58699417114258,134.6361846923828,92.41999816894533,337.68463134765625,150.25201416015625,58.3849983215332,62.45771408081055,15.215768814086914,120.78949737548828,39.48183822631836,25.600000381469727
2021-09-29,733.1799926757812,44.53579330444336,167.4241485595703,134.5288543701172,37.98333740234375,133.17262268066406,91.41000366210938,336.65362548828125,146.3058624267578,59.90599822998047,62.15349960327149,15.305143356323242,122.5012664794922,39.642208099365234,25.420000076293945
2021-09-30,727.5599975585938,44.53579330444336,164.02101135253906,138.73228454589844,37.85122299194336,132.5010528564453,91.12999725341795,336.4355773925781,150.73207092285156,61.03400039672851,61.23237991333008,15.087298393249512,122.1761245727539,39.37248229980469,25.3799991607666
2021-10-01,738.0800170898438,45.55503463745117,170.65280151367188,140.03915405273438,38.48348617553711,135.34288024902344,98.7300033569336,340.0240783691406,152.30670166015625,61.314998626708984,62.64361572265625,15.171082496643066,121.2198257446289,39.58389663696289,25.739999771118164
2021-10-04,740.9600219726562,45.212623596191406,168.180419921875,139.61973571777344,39.14406967163086,132.48471069335938,97.97000122070312,323.39013671875,146.56509399414062,60.334999084472656,62.44926071166992,15.221359252929688,119.97664642333984,39.72969436645508,25.61000061035156
2021-10-05,747.7899780273438,45.42057800292969,169.29544067382812,140.52682495117188,39.5404167175293,134.8274383544922,99.83000183105467,330.0615539550781,148.34133911132812,63.48099899291992,63.84360122680664,15.277213096618652,119.91926574707033,39.73697662353515,26.149999618530273
2021-10-06,743.75,45.5085563659668,170.13893127441406,130.75454711914062,39.21012878417969,136.3558807373047,101.02999877929688,330.735595703125,151.03932189941406,63.90999984741211,63.58163833618164,15.254868507385254,119.15422821044922,39.751556396484375,25.8799991607666
2021-10-07,741.9500122070312,45.908447265625,172.30108642578125,134.18751525878906,39.77634048461914,138.00132751464844,98.97000122070312,326.3540954589844,153.5548858642578,63.185001373291016,63.767539978027344,15.523324966430664,117.79631042480467,39.75893783569336,26.459999084472656
2021-10-08,706.1300048828125,43.74899673461914,171.360595703125,136.5281982421875,39.870704650878906,138.55686950683594,98.33999633789062,327.1768798828125,151.26014709472656,63.26599884033203,63.56474685668945,15.33995532989502,115.92195892333984,39.272098541259766,25.88999938964844
2021-10-11,695.22998046875,41.7655029296875,168.23861694335938,136.02105712890625,39.72915267944336,137.6930389404297,98.04000091552734,322.6169128417969,149.4359130859375,62.70399856567383,63.60700225830078,14.91591453552246,112.06809997558594,38.49019241333008,25.170000076293945
2021-10-12,690.6199951171875,41.853477478027344,167.8604736328125,133.29031372070312,39.63478469848633,135.2497100830078,100.05999755859376,320.95159912109375,152.4699249267578,62.49399948120117,62.33940124511719,14.572098731994627,111.19786071777344,37.86320114135742,24.579999923706055
2021-10-13,696.22998046875,42.14140319824219,167.69564819335938,133.06594848632812,39.965084075927734,136.3727569580078,99.62000274658205,321.7148742675781,152.62355041503906,62.97600173950195,62.778846740722656,14.497604370117188,111.3699951171875,37.87794494628906,25.5
2021-10-14,703.6699829101562,43.18115234375,169.10153198242188,132.35403442382812,40.0594482421875,139.910400390625,100.41000366210938,325.6700744628906,150.75128173828125,63.380001068115234,64.62948608398438,14.680974960327148,114.04762268066406,38.29840087890625,25.260000228881836
2021-10-15,699.030029296875,43.20514678955078,171.08912658691406,131.41778564453125,39.26675033569336,140.12545776367188,101.56999969482422,321.9329528808594,153.64129638671875,62.82899856567383,64.70555877685547,14.726814270019531,112.42192840576172,38.556583404541016,24.829999923706055
2021-10-18,706.8800048828125,42.56529235839844,165.9310302734375,131.37875366210938,39.568729400634766,141.52308654785156,102.41000366210938,332.42083740234375,151.9226531982422,63.797000885009766,64.57035064697266,14.514795303344728,112.24978637695312,38.29102325439453,24.670000076293945
2021-10-19,717.9099731445312,43.3810920715332,165.9698028564453,133.36830139160156,40.60677719116211,141.9780731201172,100.01000213623048,337.03033447265625,154.28457641601562,63.900001525878906,64.62104797363281,14.66378116607666,113.3782196044922,38.61559295654297,24.899999618530273
2021-10-20,734.010009765625,43.75699615478515,165.3590087890625,135.7576904296875,40.776641845703125,140.52293395996094,100.26000213623048,337.81341552734375,152.81556701660156,62.51399993896485,63.15067672729492,14.84715175628662,116.61048126220705,39.545021057128906,25.329999923706055
2021-10-21,735.6699829101562,43.213130950927734,166.1249542236328,137.15237426757812,40.2104377746582,140.63893127441406,100.56999969482422,338.9039001464844,168.53305053710938,65.31600189208984,61.17323684692383,14.761198043823242,111.74293518066406,39.38274002075195,25.0
2021-10-22,730.9299926757812,43.36509704589844,164.2633819580078,137.58148193359375,40.12550735473633,136.3573760986328,100.75,321.78424072265625,162.5706024169922,66.47799682617188,59.96481704711914,14.606478691101074,111.76209259033205,39.04343032836914,25.100000381469727
2021-10-25,731.010009765625,43.25313186645508,166.77455139160156,138.67379760742188,39.474365234375,136.23892211914062,100.5199966430664,325.8287353515625,160.96714782714844,67.16600036621094,59.30568313598633,14.69243335723877,110.86316680908205,38.78524398803711,25.290000915527344
2021-10-26,728.22998046875,42.9971923828125,166.8036651611328,138.8785858154297,39.24787902832031,138.08409118652344,101.08999633789062,313.060791015625,156.69451904296875,66.85199737548828,60.03242874145508,14.537715911865234,111.27438354492188,39.1540641784668,24.63999938964844
2021-10-27,714.510009765625,41.94145584106445,164.3894500732422,136.89874267578125,37.93614959716797,144.93234252929688,100.61000061035156,309.5021057128906,152.14349365234375,66.29199981689453,58.32541275024414,14.360076904296877,111.52300262451172,38.822120666503906,23.600000381469727
2021-10-28,706.27001953125,41.50956344604492,164.51547241210938,136.7622528076172,38.46461486816406,144.5670928955078,100.44000244140624,314.16119384765625,149.83912658691406,67.40499877929688,58.32541275024414,14.640859603881836,110.9683609008789,38.94752502441406,24.309999465942383
2021-10-29,674.8900146484375,41.1336555480957,163.92405700683594,136.78170776367188,37.50205993652344,146.74481201171875,101.1500015258789,320.7532958984375,144.76963806152344,69.03099822998047,57.53107452392578,14.47468090057373,110.00249481201172,39.08768081665039,23.440000534057617
2021-11-01,671.3699951171875,41.797489166259766,165.0099639892578,138.26414489746094,38.74772644042969,142.23573303222656,104.04000091552734,327.1075134277344,147.94766235351562,68.11699676513672,58.27471923828125,14.537715911865234,110.79621887207033,39.05817413330078,24.420000076293945
2021-11-02,681.5,42.101417541503906,164.66091918945312,136.7037353515625,39.25731658935547,144.1542205810547,106.77999877929688,325.2239990234375,142.62852478027344,67.77200317382812,57.35359573364258,14.457490921020508,110.73884582519533,38.777870178222656,24.549999237060547
2021-11-03,692.5399780273438,42.34934997558594,164.90330505371094,136.05029296875,39.23843765258789,145.3095245361328,105.27999877929688,328.7331848144531,146.84352111816406,68.8290023803711,57.46346664428711,14.428842544555664,116.61048126220705,39.0507926940918,25.600000381469727
2021-11-04,686.0700073242188,42.173397064208984,165.0972137451172,138.9565887451172,39.00251770019531,146.96432495117188,107.5199966430664,332.9263916015625,150.7224578857422,66.83999633789062,57.15079498291016,14.21109104156494,117.28946685791016,38.246768951416016,25.459999084472656
2021-11-05,689.3200073242188,43.10916519165039,170.2843780517578,136.11854553222656,39.14406967163086,147.54373168945312,123.8000030517578,338.1604309082031,154.32301330566406,64.5719985961914,58.13951110839844,14.38299560546875,117.30857849121094,38.534454345703125,26.520000457763672
2021-11-08,695.1799926757812,42.78124237060547,171.48663330078125,134.7434539794922,38.275882720947266,147.7211151123047,117.13999938964844,335.6722717285156,149.69512939453125,65.1449966430664,58.32541275024414,14.256933212280272,115.57769775390624,38.600833892822266,26.280000686645508
2021-11-09,696.3099975585938,42.98919677734375,169.78021240234375,136.33314514160156,38.25701141357422,147.60964965820312,116.61000061035156,332.4505615234375,149.38787841796875,65.5989990234375,58.30006790161133,14.159517288208008,114.62139892578124,38.534454345703125,26.649999618530273
2021-11-10,701.25,43.32511520385742,169.1403045654297,135.83575439453125,38.398555755615234,144.61119079589844,115.01000213623048,324.7878112792969,147.90928649902344,64.69100189208984,58.469093322753906,14.297045707702637,114.324951171875,38.79999542236328,27.36000061035156
2021-11-11,694.2100219726562,42.91720962524414,157.1759033203125,140.87789916992188,38.83265686035156,144.4853057861328,114.26000213623048,324.8869323730469,143.78067016601562,65.75800323486328,58.8155517578125,14.279852867126465,113.29215240478516,38.689361572265625,28.229999542236328
2021-11-12,689.3499755859375,42.78923797607422,154.77137756347656,141.84341430664062,38.78546905517578,147.37124633789062,112.31999969482422,337.9225158691406,141.09230041503906,68.26100158691406,58.249359130859375,14.291316032409668,113.07220458984376,38.608211517333984,27.90999984741211
2021-11-15,692.9099731445312,42.69325637817383,153.60787963867188,137.78628540039062,38.945892333984375,147.14723205566406,115.94000244140624,344.534423828125,142.50369262695312,67.93299865722656,58.333866119384766,14.21109104156494,112.62273406982422,38.65247344970703,28.020000457763672
2021-11-16,689.1799926757812,42.485313415527344,153.9957275390625,136.1088104248047,38.143760681152344,146.5762939453125,115.70999908447266,339.9744873046875,140.90025329589844,68.73999786376953,57.51416778564453,14.130865097045898,113.1869659423828,38.40167617797851,27.729999542236328
2021-11-17,691.0399780273438,42.97320556640625,152.5413818359375,134.72393798828125,38.021087646484375,146.7458038330078,115.0999984741211,337.8035583496094,141.72596740722656,69.16899871826172,58.42682647705078,14.130865097045898,112.06809997558594,38.15824890136719,27.59000015258789
2021-11-18,685.8800048828125,42.21338653564453,150.8446502685547,133.9339599609375,37.34162902832031,148.5215301513672,112.95999908447266,335.7416687011719,136.7140655517578,68.2020034790039,57.2183952331543,13.97614574432373,111.8672866821289,37.79680252075195,26.850000381469727
2021-11-19,682.3400268554688,41.51755905151367,149.31271362304688,129.11614990234375,36.79429626464844,147.61752319335938,112.54000091552734,342.2940673828125,135.3314666748047,67.87999725341797,56.719818115234375,13.827159881591797,110.56671142578124,37.516510009765625,25.260000228881836
2021-11-22,668.3200073242188,41.19763946533203,149.46786499023438,123.1572036743164,36.55837631225586,145.01611328125,112.11000061035156,338.0414733886719,131.54852294921875,65.91999816894531,57.547969818115234,14.153789520263672,108.8740692138672,38.01810073852539,25.709999084472656
2021-11-23,674.739990234375,41.62153244018555,146.43312072753906,125.23455810546876,36.926414489746094,144.5006866455078,112.73999786376952,334.3142395019531,129.6858673095703,65.40599822998047,58.40147018432617,14.188167572021484,110.41370391845705,38.17301177978515,25.600000381469727
2021-11-24,672.6900024414062,41.49356460571289,146.7336883544922,123.51807403564452,36.331886291503906,144.83570861816406,112.61000061035156,338.0910339355469,131.93258666992188,65.8290023803711,58.257816314697266,14.02198886871338,109.47654724121094,38.10661697387695,25.170000076293945
2021-11-26,672.8699951171875,40.869720458984375,143.6020050048828,122.8548812866211,35.50144958496094,140.93331909179688,103.52999877929688,330.22015380859375,128.34165954589844,66.56400299072266,57.25220489501953,13.878734588623049,108.56805419921876,38.20988464355469,24.719999313354492
2021-11-29,668.1900024414062,41.21364212036133,143.31114196777344,121.79183197021484,34.84086990356445,144.25140380859375,107.8499984741211,335.08740234375,128.73532104492188,66.38400268554688,57.01558303833008,13.6896333694458,108.4437484741211,38.10661697387695,24.59000015258789
2021-11-30,646.280029296875,39.97395324707031,140.48971557617188,121.14815521240234,33.69900894165039,140.65032958984375,106.6500015258789,321.6354675292969,124.8083724975586,64.19000244140625,56.88037872314453,13.08222484588623,104.0543441772461,37.08129119873047,23.270000457763672
2021-12-01,634.2000122070312,39.25413131713867,137.8234100341797,117.2568130493164,32.50052261352539,139.81175231933594,102.83000183105467,307.8961486816406,122.3984146118164,61.777000427246094,56.25504684448242,12.738408088684082,102.0557098388672,36.71247100830078,22.260000228881836
2021-12-02,670.4000244140625,41.18964385986328,142.71969604492188,119.5584487915039,33.34040451049805,141.7094268798828,106.30999755859376,307.68804931640625,123.16651916503906,61.64699935913086,58.38456344604492,13.208291053771973,105.53660583496094,37.42061233520508,23.25
2021-12-03,679.2999877929688,41.4135856628418,141.76953125,122.17217254638672,34.01042175292969,140.75341796875,100.93000030517578,304.16888427734375,121.15982818603516,60.2130012512207,58.34232711791992,13.443232536315918,107.84127807617188,37.92958450317383,23.989999771118164
2021-12-06,672.9500122070312,41.869476318359375,145.79322814941406,123.18648529052734,34.46338653564453,141.89675903320312,107.11000061035156,315.1029052734375,124.28028106689452,61.26900100708008,58.84934616088867,13.340088844299316,110.5762710571289,37.67140197753906,24.399999618530273
2021-12-07,650.5999755859375,39.65402603149414,146.2198028564453,123.19622802734376,34.4256477355957,145.97511291503906,108.62999725341795,319.9999084472656,129.090576171875,62.55799865722656,59.05215835571289,13.22548484802246,112.02983856201172,37.464866638183594,24.219999313354492
2021-12-08,642.0700073242188,39.14216232299805,148.6728057861328,123.41107940673828,34.68043518066406,146.88401794433594,110.4800033569336,327.68243408203125,130.19473266601562,62.80799865722656,59.136661529541016,13.277054786682127,109.7347412109375,37.24357986450195,24.030000686645508
2021-12-09,611.969970703125,38.23838806152344,148.2849884033203,122.07317352294922,34.48226547241211,146.34085083007812,110.7300033569336,326.9488830566406,126.93985748291016,61.099998474121094,58.97610855102539,13.145257949829102,109.00794982910156,37.000152587890625,23.579999923706055
2021-12-10,610.8900146484375,38.75025939941406,148.06201171875,122.6981964111328,34.74650192260742,146.7006378173828,111.87000274658205,326.87945556640625,125.1443862915039,61.16600036621094,59.922569274902344,13.087956428527832,109.7538604736328,37.02228164672851,23.290000915527344
2021-12-13,605.5499877929688,38.15840530395508,145.85137939453125,123.8017120361328,34.265220642089844,144.5447998046875,108.5999984741211,331.57818603515625,121.16942596435548,60.45600128173828,60.20988464355469,12.858745574951172,109.98336791992188,37.08866500854492,22.75
2021-12-14,621.8900146484375,38.99819564819336,144.56187438964844,123.87984466552734,33.95380401611328,142.64218139648438,108.19000244140624,330.8346862792969,117.91455078125,59.79899978637695,60.93663787841797,12.772789001464844,112.1828384399414,37.36159896850586,22.510000228881836
2021-12-15,617.3200073242188,38.5343132019043,145.82232666015625,125.88185119628906,34.20859146118164,145.1538848876953,106.41999816894533,338.685791015625,118.87470245361328,60.50400161743164,61.316898345947266,12.704028129577637,113.24434661865234,37.28783416748047,22.56999969482422
2021-12-16,631.5800170898438,39.06218719482422,144.22250366210938,126.3603744506836,34.92580032348633,143.17544555664062,101.4000015258789,331.9846496582031,119.47958374023438,59.10599899291992,62.27182388305664,13.586490631103516,115.30992126464844,38.910648345947266,23.40999984741211
2021-12-17,650.0,38.99020004272461,144.23219299316406,124.5341567993164,34.87860870361328,140.47933959960938,105.13999938964844,330.8843078613281,121.60148620605467,58.67300033569336,61.71407699584961,13.62660312652588,114.5735855102539,39.220462799072266,23.280000686645508
2021-12-20,646.760009765625,38.71026611328125,142.01190185546875,126.8779296875,34.34071350097656,140.3623809814453,106.87000274658205,322.6169128417969,120.8237762451172,59.374000549316406,60.1185302734375,13.86154556274414,113.7894287109375,39.16144561767578,22.88999938964844
2021-12-21,644.3300170898438,39.07817459106445,146.45249938964844,129.0752716064453,34.82199478149414,142.21148681640625,114.22000122070312,331.2908020019531,126.24857330322266,60.492000579833984,61.63727569580078,14.02198886871338,115.80720520019533,38.93277740478515,23.530000686645508
2021-12-22,639.7899780273438,39.21413803100586,147.25726318359375,128.39169311523438,34.74650192260742,145.12811279296875,116.91999816894533,327.57342529296875,126.1525650024414,61.42399978637695,61.06561279296875,14.199628829956056,115.29080200195312,38.92539978027344,23.6299991607666
2021-12-23,648.2999877929688,40.013938903808594,148.95399475097656,129.4366455078125,35.18058395385742,145.62521362304688,118.54000091552734,332.3216552734375,128.12083435058594,61.40900039672851,61.59462356567383,14.251201629638672,114.66921997070312,38.859012603759766,24.420000076293945
2021-12-27,652.3499755859375,40.365848541259766,148.14926147460938,129.92491149902344,35.21834182739258,146.6064910888672,120.19000244140624,343.16650390625,128.66810607910156,61.3120002746582,62.243064880371094,14.199628829956056,113.39735412597656,38.859012603759766,24.36000061035156
2021-12-28,655.7899780273438,40.39784622192383,150.4761962890625,130.34483337402344,35.3787727355957,145.39772033691406,120.08999633789062,343.2061462402344,127.64077758789062,61.07099914550781,62.73794937133789,14.222549438476562,112.99569702148438,38.88852310180664,24.329999923706055
2021-12-29,656.280029296875,40.461822509765625,150.15625,130.0225830078125,35.00128936767578,145.3660125732422,119.83000183105467,339.9546813964844,124.81796264648438,61.05400085449219,62.746490478515625,14.119402885437012,112.49842834472656,38.62297439575195,23.8700008392334
2021-12-30,657.22998046875,40.461822509765625,151.18399047851562,131.31166076660156,35.4165153503418,144.91549682617188,119.70999908447266,341.3622741699219,127.8904037475586,61.20899963378906,62.934181213378906,14.199628829956056,111.41780853271484,38.54182434082031,24.450000762939453
2021-12-31,651.969970703125,40.25387954711914,150.17564392089844,128.81158447265625,34.82199478149414,143.578857421875,119.69000244140624,333.42205810546875,126.97826385498048,60.24399948120117,62.51609802246094,14.09648323059082,110.9109878540039,38.327903747558594,23.540000915527344
2022-01-03,647.5800170898438,40.58180236816406,151.98870849609375,131.7901611328125,35.52031707763672,143.7171173095703,121.13999938964844,335.5929870605469,128.8793182373047,59.73699951171875,63.045127868652344,14.572098731994627,109.4287338256836,38.681976318359375,25.329999923706055
2022-01-04,640.77001953125,40.34066009521485,150.99008178710938,132.58119201660156,35.83173370361328,143.13034057617188,120.72000122070312,333.60040283203125,127.66957092285156,59.1150016784668,64.43587493896484,14.69243335723877,109.07489013671876,39.441741943359375,26.75
2022-01-05,624.8599853515625,40.364784240722656,150.4665069580078,130.6670684814453,35.49201202392578,136.56405639648438,117.47000122070312,321.34808349609375,120.51653289794922,56.75199890136719,64.64918518066406,15.019061088562012,110.31807708740234,39.84745407104492,26.450000762939453
2022-01-06,631.9500122070312,40.59787368774414,152.12445068359375,126.65337371826172,36.26582717895508,136.53680419921875,119.33999633789062,329.5658264160156,121.03500366210938,55.32899856567383,66.36417388916016,14.961753845214844,110.5188980102539,39.65565490722656,25.719999313354492
2022-01-07,610.489990234375,40.2281379699707,153.02615356445312,128.69442749023438,36.82260513305664,135.8126983642578,115.86000061035156,328.9017028808594,120.2764892578125,54.10599899291992,66.88462829589844,15.472894668579102,104.94368743896484,40.49177932739258,30.059999465942383
2022-01-10,605.4299926757812,40.60591125488281,151.83360290527344,125.88185119628906,36.8320426940918,137.45069885253906,115.31999969482422,325.214111328125,121.51508331298828,53.98500061035156,66.34711456298828,15.572951316833496,101.11851501464844,40.21556854248047,28.59000015258789
2022-01-11,612.0999755859375,41.10424041748047,153.08433532714844,127.73738098144533,36.75654220581055,138.5078125,116.0,331.459228515625,120.9773941040039,54.08399963378906,66.142333984375,15.502323150634766,106.11994171142578,40.006534576416016,28.68000030517578
2022-01-12,613.97998046875,40.95152282714844,152.99705505371094,129.39756774902344,37.0774040222168,140.1874237060547,114.0,330.35894775390625,119.1339340209961,53.72200012207031,65.69864654541016,15.56706428527832,106.00518035888672,39.90201568603515,28.790000915527344
2022-01-13,619.0800170898438,41.21677017211914,150.70889282226562,127.77642059326172,37.813472747802734,137.36891174316406,113.87000274658205,323.6380310058594,118.28900909423828,51.91999816894531,67.31126403808594,15.773056030273438,105.30709838867188,39.95427703857422,29.34000015258789
2022-01-14,607.6900024414062,41.53826904296875,147.3154296875,127.38578033447266,38.7099723815918,138.25457763671875,114.80999755859376,329.01080322265625,116.32073211669922,52.569000244140625,67.91703796386719,15.996705055236816,103.77701568603516,39.775108337402344,31.18000030517578
2022-01-18,582.75,40.33263397216797,147.63539123535156,130.77455139160156,37.653045654296875,134.80267333984375,115.20999908447266,315.3804626464844,111.25120544433594,51.08000183105469,67.31126403808594,16.07321548461914,102.23739624023438,39.88710021972656,29.63999938964844
2022-01-19,581.2999877929688,40.45320129394531,145.54110717773438,133.7042999267578,37.42655944824219,133.92892456054688,113.27999877929688,316.80792236328125,111.63525390625,51.58599853515625,65.67306518554688,16.055561065673828,100.77425384521484,39.93934631347656,28.579999923706055
2022-01-20,572.1599731445312,40.364784240722656,143.12692260742188,135.62815856933594,36.03934860229492,132.1358184814453,112.44000244140624,313.8043518066406,113.92999267578124,50.82500076293945,64.45294189453125,15.902536392211914,99.5119400024414,39.86469650268555,27.489999771118164
2022-01-21,569.6900024414062,39.970943450927734,133.1986083984375,135.75511169433594,35.56749725341797,129.20582580566406,109.73999786376952,300.5309143066406,111.22239685058594,39.75,64.50413513183594,15.66123390197754,97.17860412597656,39.685523986816406,26.190000534057617
2022-01-24,577.1300048828125,40.24421691894531,133.2761688232422,132.0343475341797,36.888668060302734,129.65432739257812,108.81999969482422,306.0226135253906,112.57618713378906,38.71500015258789,64.51266479492188,15.502323150634766,101.98876190185548,39.536224365234375,26.8799991607666
2022-01-25,563.5399780273438,39.9227180480957,132.35507202148438,127.94244384765624,36.9547233581543,125.81932830810548,106.12000274658205,297.5372314453125,107.24742126464844,36.641998291015625,64.40174102783203,15.58471965789795,101.05158233642578,39.491432189941406,26.86000061035156
2022-01-26,555.0,38.95016860961914,129.5336456298828,126.93653106689452,35.89779281616211,128.09713745117188,104.7300033569336,292.0652160644531,105.77841186523438,35.970001220703125,64.51266479492188,14.272263526916504,99.66494750976562,38.08795928955078,24.399999618530273
2022-01-27,561.030029296875,38.588470458984375,131.2982177734375,127.99127960205078,36.095970153808594,127.87113189697266,101.63999938964844,292.07513427734375,102.25470733642578,38.66999816894531,62.533180236816406,14.19575309753418,101.3958511352539,38.21486282348633,25.239999771118164
2022-01-28,590.469970703125,39.96289825439453,134.41053771972656,128.8311309814453,37.84177780151367,132.17893981933594,105.2699966430664,299.0836181640625,104.86628723144533,38.43600082397461,63.676490783691406,14.837265968322754,103.90133666992188,39.491432189941406,27.149999618530273
2022-01-31,593.3400268554688,40.17991638183594,138.61843872070312,129.55381774902344,38.32306671142578,134.11427307128906,109.51000213623048,310.5330810546875,108.2075653076172,42.7140007019043,64.29934692382812,15.007949829101562,103.44232177734376,39.73779296875,27.90999984741211
2022-02-01,596.8900146484375,40.13972854614258,140.09219360351562,126.8974838256836,38.03996276855469,136.4342041015625,111.08999633789062,316.2231140136719,107.6218719482422,45.7130012512207,65.18672180175781,14.372313499450684,104.7620086669922,39.715389251708984,27.170000076293945
2022-02-02,600.239990234375,40.17991638183594,138.2790985107422,133.9582061767578,38.37968826293945,146.6991729736328,109.4499969482422,320.188232421875,113.30591583251952,42.948001861572266,65.83517456054688,14.442941665649414,104.79068756103516,40.163307189941406,27.690000534057617
2022-02-03,610.4500122070312,39.89859771728515,135.76792907714844,134.07540893554688,38.596736907958984,141.8323211669922,105.83999633789062,235.69027709960935,107.51626586914062,40.560001373291016,66.27883911132812,14.454710006713867,115.5011749267578,40.15584945678711,28.93000030517578
2022-02-04,608.9199829101562,39.649436950683594,137.69737243652344,134.4855499267578,38.398555755615234,142.03355407714844,108.36000061035156,235.0261077880859,111.35682678222656,41.016998291015625,65.47679901123047,14.17220973968506,115.65421295166016,39.797508239746094,28.899999618530273
2022-02-07,610.75,39.27166748046875,138.1724395751953,133.20623779296875,38.32306671142578,137.97755432128906,111.0199966430664,222.9521484375,108.88926696777344,40.209999084472656,66.04847717285156,14.0839262008667,116.7156753540039,39.56608200073242,28.34000015258789
2022-02-08,609.1199951171875,39.55298614501953,138.14337158203125,131.22373962402344,38.521240234375,138.1737823486328,116.58999633789062,218.2633056640625,107.938720703125,40.35300064086914,67.33684539794922,14.089813232421877,119.95751953125,39.43170547485352,28.209999084472656
2022-02-09,614.75,40.00308990478515,142.748779296875,132.6105194091797,41.3806037902832,140.34751892089844,118.0199966430664,229.9804229736328,112.51858520507812,41.28900146484375,76.89302062988281,14.41939640045166,122.4821319580078,39.93934631347656,29.84000015258789
2022-02-10,606.52001953125,39.31989669799805,147.5287322998047,131.81947326660156,41.522159576416016,137.40162658691406,118.93000030517578,226.08465576171875,109.8397979736328,40.62699890136719,73.67636108398438,14.272263526916504,119.66107177734376,39.595943450927734,30.09000015258789
2022-02-11,604.72998046875,38.27500915527344,144.9206085205078,130.9601287841797,40.95595169067383,133.1022491455078,115.75,217.6387939453125,108.26516723632812,39.13100051879883,72.35384368896484,14.201635360717772,119.03947448730467,39.80497360229492,29.56999969482422
2022-02-14,607.9400024414062,38.098182678222656,146.2586212158203,130.2764892578125,40.26705551147461,134.3347930908203,115.2699966430664,215.8048858642578,109.24452209472656,39.65700149536133,72.30265045166016,14.154555320739746,120.02447509765624,39.76763916015625,29.420000076293945
2022-02-15,609.4500122070312,38.620628356933594,150.0108184814453,131.35073852539062,40.720027923583984,135.40780639648438,119.75,219.07618713378903,113.71875762939452,40.74599838256836,73.73606872558594,14.325231552124023,121.47801971435548,39.8348274230957,30.510000228881836
2022-02-16,609.4600219726562,38.65278244018555,151.59121704101562,130.16905212402344,40.58790969848633,136.52737426757812,120.25,214.6549835205078,112.65301513671876,39.80799865722656,73.66781616210938,14.089813232421877,121.88922119140624,39.86469650268555,29.3799991607666
2022-02-17,597.8300170898438,37.591819763183594,148.29469299316406,127.34673309326172,40.4935417175293,131.37408447265625,116.4800033569336,205.90184020996097,107.42024230957033,38.66699981689453,72.06375122070312,13.98387336730957,119.1064224243164,39.99907302856445,29.8700008392334
2022-02-18,596.8300170898438,37.48731994628906,146.7530975341797,126.30178833007812,39.99339294433594,129.2568817138672,117.44000244140624,204.36534118652344,103.27245330810548,39.12900161743164,71.77364349365234,14.048614501953123,118.56133270263672,40.18571090698242,29.86000061035156
2022-02-22,595.5,37.72844696044922,143.5825958251953,124.11420440673828,39.46492385864258,128.6725311279297,117.0500030517578,200.3208465576172,102.8884048461914,37.737998962402344,71.756591796875,13.977987289428713,118.11187744140624,40.23796081542969,28.280000686645508
2022-02-23,570.5999755859375,36.27365493774414,141.43017578125,123.7528839111328,38.66279220581055,126.46658325195312,113.4000015258789,196.72247314453125,100.37283325195312,36.74599838256836,70.64736938476562,13.836737632751465,116.13233947753906,39.872161865234375,28.209999084472656
2022-02-24,586.5900268554688,36.980953216552734,144.85275268554688,124.51461791992188,38.56842041015625,131.5247344970703,124.38999938964844,205.79281616210935,108.53400421142578,39.00299835205078,70.07569885253906,13.671942710876465,118.2553253173828,39.260005950927734,27.729999542236328
2022-02-25,601.1599731445312,37.83293914794922,144.97877502441406,125.69630432128906,39.41773986816406,133.2777099609375,126.04000091552734,208.6477203369141,108.7068328857422,39.08000183105469,71.8930892944336,14.072155952453612,119.97664642333984,40.402198791503906,28.239999771118164
2022-02-28,601.780029296875,37.583778381347656,143.94137573242188,127.0439682006836,39.474365234375,133.86996459960938,120.81999969482422,209.1929473876953,107.04579162597656,39.45199966430664,71.57740783691406,13.94267463684082,117.82498931884766,40.066253662109375,28.049999237060547
2022-03-01,594.739990234375,37.28638458251953,141.26535034179688,125.1494140625,39.1611442565918,132.88319396972656,116.6999969482422,201.71861267089844,106.0184555053711,38.624000549316406,69.64910888671875,13.848505973815918,117.7484893798828,40.02146911621094,28.11000061035156
2022-03-02,570.989990234375,37.278350830078125,142.8554229736328,126.23340606689452,40.89805603027344,133.3887176513672,120.80999755859376,206.29835510253903,104.87588500976562,38.00299835205078,71.44088745117188,14.01918888092041,120.12008666992188,40.417118072509766,29.239999771118164
2022-03-03,561.8200073242188,37.87312698364258,141.13931274414062,124.84664916992188,40.96449661254883,132.72259521484375,116.2300033569336,201.203125,98.88462829589844,36.80699920654297,70.9971923828125,14.072155952453612,118.50393676757812,40.805320739746094,28.68000030517578
2022-03-04,549.9299926757812,37.945465087890625,136.4369354248047,123.52828979492188,40.51840591430664,130.74713134765625,114.37999725341795,198.31846618652344,92.73973083496094,36.17300033569336,68.0279769897461,14.048614501953123,117.84410858154295,41.14126205444336,26.88999938964844
2022-03-07,555.6400146484375,37.214054107666016,129.4366912841797,123.3036651611328,39.483848571777344,125.2677230834961,100.30999755859376,185.8380584716797,85.62511444091797,35.0260009765625,64.0775146484375,13.87204933166504,116.96432495117188,40.820255279541016,25.549999237060547
2022-03-08,551.4299926757812,37.07740783691406,127.73995208740234,119.95923614501952,39.711647033691406,125.9873504638672,106.01000213623048,188.6334991455078,84.2041015625,34.17599868774414,63.898338317871094,13.536581039428713,114.06675720214844,39.75271987915039,25.270000457763672
2022-03-09,557.75,37.06937026977539,129.58212280273438,122.7462387084961,38.79098129272461,132.247314453125,109.9000015258789,196.7720184326172,94.98645782470705,35.87900161743164,66.22377014160156,13.689600944519045,116.62962341308594,39.62580108642578,25.3700008392334
2022-03-10,562.1300048828125,36.482627868652344,129.57241821289062,120.94691467285156,37.76592254638672,131.26556396484375,111.55999755859376,193.5106658935547,91.12671661376952,35.676998138427734,66.26686096191406,13.64840316772461,118.14054107666016,39.73779296875,25.079999923706055
2022-03-11,559.2899780273438,36.18523406982422,127.73995208740234,119.62673950195312,37.32933044433594,128.72903442382812,108.5500030517578,185.97683715820312,84.9242172241211,34.03200149536133,65.67257690429688,13.64840316772461,119.12554168701172,39.595943450927734,23.989999771118164
2022-03-14,566.1400146484375,36.145050048828125,125.10272979736328,116.49744415283205,36.77882766723633,124.84397888183594,108.04000091552734,185.00535583496097,81.66934204101562,33.10100173950195,68.51480102539062,13.471840858459473,118.64740753173828,39.19282150268555,23.8799991607666
2022-03-15,569.1599731445312,36.60318756103515,130.11538696289062,118.13054656982422,37.75642776489258,128.06243896484375,111.76000213623048,190.35836791992188,84.07929229736328,34.375,69.53111267089844,13.589547157287598,120.76080322265624,39.38692092895508,25.020000457763672
2022-03-16,572.1099853515625,37.15778350830078,133.9354705810547,121.06426239013672,38.60115814208984,132.10906982421875,112.01000213623048,201.8573760986328,88.6783447265625,35.75299835205078,72.3991470336914,13.64840316772461,122.1761245727539,39.18535232543945,25.63999938964844
2022-03-17,577.6500244140625,37.35871887207031,135.22499084472656,122.41375732421876,38.230995178222656,132.66265869140625,111.16999816894533,206.03074645996097,91.4627685546875,37.13999938964844,72.98483276367188,13.64840316772461,123.31411743164062,39.08831787109375,25.709999084472656
2022-03-18,577.3200073242188,37.704341888427734,136.0297088623047,123.48944854736328,38.79098129272461,134.92904663085938,112.9800033569336,214.60543823242188,98.5965805053711,38.060001373291016,72.53697967529297,13.666058540344238,121.62147521972656,37.92372512817383,26.260000228881836
2022-03-21,565.77001953125,37.51144027709961,134.40084838867188,122.7853546142578,38.772003173828125,134.90525817871094,113.93000030517578,209.6489715576172,96.04261779785156,37.45899963378906,72.16661834716797,13.630745887756348,120.46434783935548,38.147674560546875,26.149999618530273
2022-03-22,574.6599731445312,37.95350646972656,135.84548950195312,125.1029815673828,39.00928497314453,138.638671875,117.9800033569336,214.76402282714844,100.15200805664062,38.29199981689453,72.45945739746094,13.66017246246338,120.19658660888672,38.073020935058594,26.8700008392334
2022-03-23,559.989990234375,37.39087677001953,133.45066833496094,121.88571166992188,38.49675369262695,137.06016540527344,115.2699966430664,211.601806640625,98.404541015625,37.44900131225586,71.09864044189453,13.66017246246338,119.37417602539062,38.050628662109375,26.6200008392334
2022-03-24,559.3200073242188,37.615928649902344,134.73048400878906,122.7951431274414,38.828948974609375,140.32766723632812,117.87999725341795,217.6586456298828,102.79238891601562,37.57099914550781,72.33888244628906,13.730799674987791,120.19658660888672,38.073020935058594,27.1200008392334
2022-03-25,558.260009765625,37.88116455078125,134.90499877929688,124.5064926147461,39.12318801879883,140.4278106689453,116.3000030517578,219.88905334472656,102.47554779052734,37.3849983215332,73.79443359375,14.030957221984863,118.8577880859375,38.28205108642578,27.350000381469727
2022-03-28,565.25,38.20267105102539,134.49778747558594,125.21055603027344,38.4398078918457,140.2122344970703,117.58000183105467,221.64361572265625,103.51248931884766,37.85100173950195,73.04512786865234,14.048614501953123,120.96161651611328,38.19993209838867,25.579999923706055
2022-03-29,572.3300170898438,38.403602600097656,138.04641723632812,125.98308563232422,38.72454452514648,141.25296020507812,119.5,227.85906982421875,106.72895050048828,39.18199920654297,74.74182891845703,14.119239807128906,122.81682586669922,38.25965881347656,26.25
2022-03-30,570.1199951171875,38.33127212524414,136.6696319580078,124.85851287841795,38.098121643066406,140.6909637451172,117.76000213623048,225.86656188964844,106.30648803710938,38.14699935913086,74.36288452148438,14.207520484924316,122.98897552490234,38.52840042114258,25.700000762939453
2022-03-31,545.52001953125,37.63199615478515,132.9852752685547,123.7143783569336,37.44321823120117,137.84521484375,117.63999938964844,220.4243621826172,104.40541076660156,37.45899963378906,73.10542297363281,13.907361030578612,122.7403335571289,38.028228759765625,24.920000076293945
2022-04-01,561.6799926757812,38.33931350708008,132.8301544189453,122.4626693725586,37.3577995300293,138.91868591308594,114.37000274658205,222.89268493652344,104.67426300048828,37.34700012207031,71.22781372070312,14.113354682922363,125.04499816894533,38.90913391113281,25.020000457763672
2022-04-04,562.0,38.668853759765625,134.36207580566406,125.19100189208984,37.53812789916992,141.7148895263672,116.16999816894533,231.85397338867188,108.8220443725586,39.150001525878906,70.65937042236328,14.231064796447754,126.79501342773438,39.1629524230957,25.799999237060547
2022-04-05,556.7899780273438,38.69309616088867,131.49215698242188,123.0787353515625,36.69340515136719,139.3553009033203,113.61000061035156,229.82180786132812,103.65650939941406,38.01499938964844,70.03927612304688,14.060383796691896,126.1925811767578,39.40184783935547,24.420000076293945
2022-04-06,561.260009765625,38.57992935180664,128.53501892089844,122.09104919433594,36.78831481933594,135.34783935546875,109.58000183105467,221.35614013671875,100.23841857910156,36.834999084472656,68.8506851196289,14.142782211303713,127.86608123779295,39.715389251708984,23.920000076293945
2022-04-07,552.47998046875,38.111122131347656,127.85629272460938,120.673095703125,36.46561050415039,134.69412231445312,109.61000061035156,221.0092010498047,98.3181381225586,36.21500015258789,67.94636535644531,13.966216087341309,127.4548797607422,39.79850387573242,23.06999969482422
2022-04-08,557.5999755859375,38.32937240600586,127.85629272460938,120.75133514404295,36.98763275146485,132.11599731445312,107.87999725341795,220.39459228515625,96.47467803955078,35.5880012512207,67.10230255126953,14.207520484924316,127.03409576416016,40.448341369628906,24.43000030517578
2022-04-11,559.9099731445312,38.482940673828125,126.67342376708984,119.87123107910156,36.75035095214844,127.69123077392578,107.87999725341795,214.57568359375,92.65332794189452,34.79999923706055,67.32624053955078,15.296401977539062,124.71987915039062,40.72792434692383,24.780000686645508
2022-04-12,549.1199951171875,38.19195556640625,126.85762786865234,120.83934783935548,36.86425018310547,126.59197998046876,108.33999633789062,212.27589416503903,90.37779998779295,34.40999984741211,67.11090087890625,15.24185848236084,125.6952896118164,40.55412292480469,24.68000030517578
2022-04-13,562.4000244140625,38.72543716430664,128.32167053222656,120.8882293701172,37.12051773071289,128.7523193359375,112.95999908447266,213.1184844970703,92.48050689697266,35.042999267578125,67.2745590209961,15.350944519042969,128.95626831054688,40.90927505493164,26.0
2022-04-14,555.3200073242188,38.458702087402344,126.49891662597656,119.8907699584961,37.1300048828125,125.61614227294922,111.30999755859376,208.350341796875,88.4287109375,34.112998962402344,67.77409362792969,15.445796966552734,127.14886474609376,40.675025939941406,24.8799991607666
2022-04-18,533.47998046875,37.87672805786133,123.8810806274414,119.46051025390624,37.006622314453125,126.55431365966795,109.23999786376952,208.9352264404297,86.86369323730469,33.7859992980957,67.69657897949219,15.382566452026367,125.04499816894533,40.342559814453125,24.15999984741211
2022-04-19,557.75,38.88710021972656,127.88538360595705,121.2989501953125,37.18695831298828,128.86630249023438,113.73999786376952,215.41827392578125,90.16657257080078,34.861000061035156,69.60861206054688,15.40627670288086,127.03409576416016,40.61457824707031,24.489999771118164
2022-04-20,535.9600219726562,38.31319808959961,120.77848052978516,120.58509826660156,37.54762268066406,126.91461181640624,112.1999969482422,198.6753387451172,81.24688720703125,22.618999481201172,72.709228515625,15.358846664428713,126.90022277832033,41.11328125,23.010000228881836
2022-04-21,519.030029296875,37.94138717651367,117.95706176757812,121.0055923461914,36.94967269897461,123.71747589111328,106.76000213623048,186.43283081054688,74.56433868408203,21.82200050354004,70.12539672851562,15.975414276123049,126.3264389038086,41.56665802001953,21.450000762939453
2022-04-22,511.3699951171875,36.68043899536133,114.67023468017578,125.25945281982422,36.266300201416016,118.58397674560548,105.91000366210938,182.50729370117188,74.21867370605469,21.552000045776367,68.0497055053711,15.429993629455566,123.00811004638672,39.224239349365234,20.56999969482422
2022-04-25,506.9700012207031,36.94718170166016,116.2990951538086,125.31814575195312,36.057491302490234,121.99226379394533,109.68000030517578,185.3622283935547,79.19219207763672,20.99099922180176,68.1272201538086,15.422083854675291,123.18022918701172,37.99257278442383,21.5
2022-04-26,486.9500122070313,36.02573013305664,112.2463150024414,121.87592315673828,34.738197326660156,117.6071548461914,107.61000061035156,179.37481689453125,76.29256439208984,19.84000015258789,67.61045837402344,15.25608730316162,119.4984893798828,37.33517837524414,19.829999923706055
2022-04-27,482.010009765625,35.928733825683594,111.70337677001952,118.54127502441406,34.415489196777344,113.2899398803711,106.73999786376952,173.4270477294922,74.01704406738281,18.854000091552734,67.63629150390625,15.074277877807615,124.16519927978516,36.61734771728515,18.829999923706055
2022-04-28,461.489990234375,33.7059211730957,111.78094482421876,120.68287658691406,34.681251525878906,117.48076629638672,107.91999816894533,203.9390869140625,78.34725952148438,19.95199966430664,67.7568588256836,15.350944519042969,126.50813293457033,36.5720100402832,18.350000381469727
2022-04-29,428.489990234375,32.137821197509766,108.23233032226562,115.44132995605467,34.01686096191406,113.10655975341795,104.87999725341795,198.7248992919922,75.99493408203125,19.035999298095703,65.56919860839844,14.908278465270996,117.75804138183594,34.985206604003906,18.149999618530273
2022-05-02,432.5400085449219,32.69554138183594,110.04541778564452,117.34825897216795,34.70972442626953,115.55831146240234,104.83999633789062,209.2920837402344,77.4735336303711,19.945999145507812,66.1376724243164,15.11380386352539,120.87556457519533,34.93231201171875,19.25
2022-05-03,425.6199951171875,32.63087844848633,110.09391021728516,119.80277252197266,34.39651107788086,116.30271911621094,99.43000030517578,210.18423461914065,75.87010955810547,19.98699951171875,67.36067199707031,15.27980136871338,120.73210144042967,35.64259338378906,19.270000457763672
2022-05-04,448.3399963378906,33.64125442504883,112.6535415649414,120.98601531982422,35.15581512451172,121.18641662597656,99.37000274658205,221.46517944335935,80.536376953125,20.400999069213867,68.57508850097656,15.769892692565918,126.58463287353516,36.549339294433594,19.65999984741211
2022-05-05,456.2000122070313,32.63896560668945,109.18250274658205,116.96685028076172,34.681251525878906,115.48150634765624,95.12999725341795,206.46690368652344,73.81542205810547,18.832000732421875,67.07645416259766,15.769892692565918,123.8974380493164,36.14886474609375,18.8799991607666
2022-05-06,459.7699890136719,32.33182144165039,106.93313598632812,112.74231719970705,32.83993148803711,114.72917938232422,92.51000213623048,201.9961700439453,71.11742401123047,18.097000122070312,66.64581298828125,15.8331298828125,121.2580795288086,36.473785400390625,17.75
2022-05-09,463.6700134277344,32.137821197509766,103.723876953125,109.56412506103516,31.52063751220703,111.52210235595705,85.37000274658203,194.50196838378903,67.891357421875,17.309999465942383,66.63721466064453,15.453705787658691,116.40968322753906,36.73823928833008,17.100000381469727
2022-05-10,468.2300109863281,32.57429885864258,104.4025650024414,109.13385772705078,30.77082633972168,113.38954162597656,88.13999938964844,195.929443359375,67.44969177246094,17.766000747680664,65.1385726928711,15.30351448059082,117.6241683959961,36.36798858642578,17.350000381469727
2022-05-11,448.3500061035156,32.20248794555664,102.00773620605467,117.82742309570312,31.52063751220703,112.60401916503906,84.12999725341797,187.09701538085935,66.96964263916016,16.636999130249023,64.39787292480469,15.358846664428713,117.89192962646484,36.1790885925293,16.6200008392334
2022-05-12,465.260009765625,33.45534133911133,101.13513946533205,118.2772445678711,31.74843406677246,111.85218048095705,87.08999633789062,189.57522583007812,70.55095672607422,17.430999755859375,65.05244445800781,15.588083267211914,118.60913848876952,36.31510162353515,17.110000610351562
2022-05-13,471.3900146484375,33.52809143066406,104.06322479248048,122.17906951904295,32.08062744140625,115.03050231933594,91.25,196.8909912109375,74.4203109741211,18.763999938964844,66.3271484375,15.682937622070312,120.8086166381836,36.4057731628418,18.100000381469727
2022-05-16,463.3399963378906,33.843326568603516,101.9786605834961,124.5749282836914,31.976226806640625,113.4391098022461,86.97000122070312,198.2986297607422,72.73046875,18.650999069213867,66.31853485107422,16.030750274658203,121.01901245117188,37.05560302734375,17.209999084472656
2022-05-17,472.1300048828125,34.62736892700195,105.33334350585938,125.6310577392578,32.97282028198242,115.44928741455078,85.69000244140625,200.85617065429688,72.5288314819336,19.055999755859375,68.59231567382812,16.259981155395508,122.99853515625,36.98004531860352,18.36000061035156
2022-05-18,469.5,34.05348205566406,101.1254425048828,126.12002563476562,31.786399841308594,110.91597747802734,85.38999938964844,190.5665283203125,69.00511932373047,17.7189998626709,66.31853485107422,15.991226196289062,119.76626586914062,36.9422607421875,17.459999084472656
2022-05-19,474.5700073242187,33.96457290649414,100.00074005126952,127.14682006835938,31.63454246520996,109.4137954711914,90.5,189.62481689453125,72.05838012695312,18.347999572753903,64.50984191894531,15.975414276123049,120.37828063964844,37.1009407043457,17.5
2022-05-20,479.0299987792969,33.95649337768555,99.30266571044922,127.87045288085938,31.75792121887207,107.95075988769533,89.27999877929688,191.855224609375,73.64259338378906,18.635000228881836,64.46678161621094,16.125606536865234,120.53128814697266,37.42585372924805,17.739999771118164
2022-05-23,473.6700134277344,34.65970993041992,102.60887908935548,130.8139190673828,32.45079040527344,110.50809478759766,89.2300033569336,194.52178955078125,72.12557983398438,18.743999481201172,65.33668518066406,16.39436149597168,124.21302032470705,37.53165054321289,18.290000915527344
2022-05-24,479.0199890136719,34.81328201293945,98.49791717529295,133.6596221923828,30.83726501464844,105.03858947753906,84.44999694824219,179.70191955566406,68.92831420898438,18.034000396728516,59.83308410644531,16.726360321044922,123.57230377197266,38.29482650756836,16.860000610351562
2022-05-25,487.6099853515625,35.322513580322266,100.11709594726562,134.31480407714844,31.606060028076172,104.87506103515624,91.16000366210938,182.229736328125,70.55095672607422,18.78300094604492,62.08104705810547,16.837026596069336,125.6952896118164,38.71796798706055,17.229999542236328
2022-05-26,502.8399963378906,35.67007064819336,102.39556884765624,135.61541748046875,32.78298568725586,106.84507751464844,92.88999938964844,189.96185302734375,74.77555847167969,19.13999938964844,62.907867431640625,16.852840423583984,126.9384765625,38.52906036376953,17.979999542236328
2022-05-27,509.94000244140625,35.69432830810547,105.99264526367188,135.46873474121094,33.65618133544922,111.3293228149414,95.48999786376952,193.4313812255859,76.65742492675781,19.518999099731445,64.59596252441406,16.829124450683594,128.2486114501953,38.8388671875,18.760000228881836
2022-05-31,506.9299926757813,35.79130935668945,107.07855987548828,135.58609008789062,33.70364761352539,112.76212310791016,95.0500030517578,191.9543304443359,75.6396713256836,19.743999481201172,64.26005554199219,16.829124450683594,127.46442413330078,38.75575256347656,18.450000762939453
2022-06-01,495.3800048828125,35.508419036865234,105.86661529541016,136.44668579101562,33.08671569824219,112.8909683227539,94.51000213623048,186.9978790283203,76.08133697509766,19.291000366210938,62.80450820922851,16.77379035949707,128.6789093017578,38.8388671875,17.65999984741211
2022-06-02,498.2200012207031,35.40333938598633,107.49547576904295,138.37313842773438,32.66908645629883,116.5886688232422,97.1999969482422,197.12890625,80.77642059326172,20.50900077819824,63.09734344482422,16.750076293945312,129.86473083496094,38.75575256347656,18.0
2022-06-03,491.0700073242187,34.70011901855469,105.36243438720705,137.88418579101562,32.39384460449219,113.53427124023438,95.3000030517578,189.11924743652344,78.93294525146484,19.89800071716309,61.69344329833984,16.520837783813477,130.63934326171875,38.3930549621582,17.5
2022-06-06,484.7200012207031,34.17472839355469,104.54798889160156,137.24855041503906,32.34638595581055,115.79373931884766,95.16000366210938,192.5590362548828,79.61465454101562,19.714000701904297,62.640865325927734,16.55245590209961,131.1748504638672,38.71796798706055,16.850000381469727
2022-06-07,482.5499877929687,34.45762634277344,104.50920867919922,138.04171752929688,32.83993148803711,116.11983489990234,96.11000061035156,193.94683837890625,80.93964385986328,19.861000061035156,62.47722625732422,16.710554122924805,132.5327911376953,39.027774810791016,17.170000076293945
2022-06-08,487.9500122070313,34.62736892700195,104.07291412353516,136.32803344726562,32.32740783691406,116.1639404296875,94.9000015258789,194.92823791503903,81.26609802246094,20.28300094604492,61.59010696411133,16.639408111572266,129.3004913330078,38.95221710205078,16.670000076293945
2022-06-09,482.260009765625,34.093902587890625,100.15587615966795,132.98886108398438,31.77690696716309,113.82618713378906,93.91999816894533,182.39825439453125,77.21430206298828,19.277000427246097,60.755096435546875,16.505029678344727,127.20624542236328,38.49127960205078,15.630000114440918
2022-06-10,474.19000244140625,33.64933395385742,96.37458038330078,130.6681365966797,30.74234962463379,110.1844711303711,92.30999755859376,174.04161071777344,73.62339782714844,18.29400062561035,59.137298583984375,16.354841232299805,124.80593872070312,38.400611877441406,14.859999656677246
2022-06-13,454.4700012207031,32.49348068237305,92.7968978881836,126.0853271484375,29.91661071777344,105.45738983154295,84.91999816894531,162.83010864257812,69.43719482421875,16.9689998626709,57.41509246826172,15.61970329284668,119.17335510253906,37.47120666503906,14.029999732971191
2022-06-14,451.9700012207031,32.20248794555664,91.35224151611328,124.72421264648438,30.400665283203125,105.7775421142578,84.94000244140625,162.30470275878906,70.15729522705078,16.753999710083008,56.49311065673828,15.374661445617676,119.4411392211914,37.146278381347656,13.979999542236328
2022-06-15,449.0,32.4368896484375,92.9617156982422,126.57494354248048,31.159971237182617,108.79975128173828,86.68000030517578,167.87582397460938,73.98823547363281,18.01099967956543,56.91061019897461,15.366748809814451,120.99031066894533,37.13872528076172,14.850000381469728
2022-06-16,415.3500061035156,30.642478942871097,91.4104232788086,125.321533203125,30.63794708251953,105.10153198242188,81.7699966430664,159.4696044921875,69.99407196044922,17.334999084472656,53.95331573486328,14.98732566833496,118.84821319580078,36.90447998046875,13.649999618530272
2022-06-17,441.9599914550781,31.289119720458984,91.46858215332033,125.8698959350586,30.438631057739254,106.2017822265625,84.69999694824219,162.3146209716797,65.822265625,17.551000595092773,54.883995056152344,15.31932258605957,122.01353454589844,37.04804611206055,14.220000267028809
2022-06-21,437.4700012207031,31.103206634521484,90.45054626464844,127.68148803710938,30.90370750427246,110.56360626220705,83.9800033569336,155.68283081054688,67.2480697631836,17.090999603271484,55.24930191040039,15.777795791625977,125.91522216796876,38.27215576171875,14.039999961853027
2022-06-22,448.239990234375,31.44268798828125,90.65415954589844,126.3497314453125,30.429141998291016,110.50762176513672,83.20999908447266,154.49331665039062,66.84481811523438,17.888999938964844,54.927486419677734,16.062362670898438,127.34967803955078,38.37794494628906,13.970000267028809
2022-06-23,455.1300048828125,31.61243438720703,91.4298095703125,126.28121185302734,30.438631057739254,111.2554702758789,81.94000244140625,157.36805725097656,70.52214813232422,18.17099952697754,54.43169021606445,16.291603088378906,129.99862670898438,39.36024856567383,14.119999885559082
2022-06-24,463.1199951171875,31.984243392944336,94.80388641357422,127.49539947509766,31.131498336791992,116.9380874633789,86.80000305175781,168.67872619628906,75.32283020019531,19.084999084472656,56.188682556152344,16.591983795166016,131.08877563476562,38.50639724731445,14.279999732971191
2022-06-27,464.3599853515625,32.19440841674805,93.66950988769533,122.990966796875,31.359294891357425,114.81541442871094,85.58999633789062,168.0146026611328,73.64259338378906,18.913999557495117,56.319149017333984,16.42598533630371,130.57237243652344,38.50639724731445,14.079999923706056
2022-06-28,457.0299987792969,31.62860107421875,93.00049591064452,120.32748413085938,31.04607582092285,111.02304077148438,84.37999725341797,159.28125,68.94751739501953,17.959999084472656,55.37107849121094,16.291603088378906,127.21576690673828,38.12858963012695,13.65999984741211
2022-06-29,463.8399963378906,31.790258407592773,92.73871612548828,120.2785186767578,30.979637145996097,110.7197265625,84.0,162.5128936767578,68.25621032714844,17.836000442504883,55.075347900390625,16.560361862182617,128.49722290039062,38.49127960205078,13.170000076293944
2022-06-30,468.5299987792969,31.717504501342773,91.52677154541016,119.12303161621094,30.5240535736084,108.00529479980467,82.58000183105469,159.84632873535156,66.91202545166016,17.48699951171875,55.32759094238281,16.56826400756836,128.65980529785156,38.34772109985352,13.420000076293944
2022-07-01,480.9200134277344,32.56621170043945,93.21380615234376,120.18058776855467,31.38776206970215,107.7817840576172,83.05999755859375,158.6369171142578,68.64026641845703,17.9950008392334,55.93643951416016,16.84493064880371,130.83056640625,39.02021789550781,14.25
2022-07-05,481.2200012207031,32.4116096496582,94.22215270996094,122.15863800048828,31.482669830322266,112.26750946044922,85.44000244140625,166.72589111328125,71.20384979248047,18.58799934387207,55.649410247802734,16.73426628112793,131.54779052734375,38.853981018066406,14.4399995803833
2022-07-06,471.6400146484375,32.4116096496582,93.15563201904295,121.76693725585938,31.47318649291992,113.5649871826172,84.62999725341797,168.29214477539062,70.91580200195312,18.4060001373291,55.171024322509766,16.67102813720703,131.0122833251953,38.9219856262207,14.270000457763672
2022-07-07,465.3999938964844,32.50111389160156,94.46453094482422,122.990966796875,31.795888900756836,117.73897552490234,85.97000122070312,170.69107055664062,72.85528564453125,18.927000045776367,55.52763748168945,16.718456268310547,130.37155151367188,38.79956817626953,14.520000457763672
2022-07-08,463.5499877929687,32.51739501953125,92.94232177734376,123.02035522460938,31.549118041992188,118.3044662475586,84.36000061035156,169.39247131347656,72.24079132080078,18.697999954223633,56.06690979003906,16.660783767700195,129.78822326660156,38.63124084472656,13.989999771118164
2022-07-11,453.3900146484375,31.874530792236328,90.78990173339844,121.2675323486328,31.226411819458008,114.6597900390625,82.19000244140625,161.46214294433594,67.40168762207031,17.733999252319336,55.79728317260742,16.548646926879883,128.84149169921875,38.63888931274414,13.65999984741211
2022-07-12,468.1000061035156,32.34651184082031,90.75111389160156,119.44618225097656,31.530134201049805,113.01834106445312,82.08000183105469,161.8487091064453,66.43195343017578,17.44499969482422,55.849464416503906,16.50058364868164,128.56414794921875,38.85312271118164,13.949999809265137
2022-07-13,465.6400146484375,32.452293395996094,90.11119842529295,119.15240478515624,31.169462203979492,110.37478637695312,83.26000213623047,162.06683349609375,64.34845733642578,17.6560001373291,55.814674377441406,16.38043785095215,129.02317810058594,38.64653778076172,14.18000030517578
2022-07-14,468.75,32.20817184448242,89.044677734375,119.7497329711914,30.85624885559082,109.39744567871094,81.94999694824219,156.6741485595703,61.44883728027344,17.47800064086914,54.97967147827149,16.284317016601562,129.73085021972656,38.63124084472656,13.630000114440918
2022-07-15,476.6000061035156,33.282325744628906,92.30241394042967,120.60166931152344,31.966737747192383,110.79505157470705,84.4800033569336,163.26625061035156,62.639408111572266,18.910999298095703,56.52790069580078,16.476551055908203,131.36611938476562,39.0367546081543,13.960000038146973
2022-07-18,474.010009765625,32.98936080932617,92.78719329833984,121.05211639404295,31.53962516784668,108.07170867919922,86.08000183105469,165.77423095703125,62.53379821777344,19.09199905395508,56.96280670166016,16.44451332092285,128.59288024902344,38.47056198120117,13.880000114440918
2022-07-19,482.9500122070313,33.6159553527832,96.57818603515624,124.11711120605467,32.50773620605469,112.80970001220705,91.18000030517578,174.2498321533203,67.6417236328125,20.163000106811523,58.632816314697266,16.660783767700195,131.50953674316406,38.60063171386719,14.25
2022-07-20,483.2000122070313,34.030967712402344,100.20435333251952,124.93963623046876,32.97282028198242,112.89889526367188,92.75,181.4961853027344,70.4165267944336,21.643999099731445,60.93777084350586,16.404462814331055,131.44259643554688,37.54476547241211,14.4399995803833
2022-07-21,492.739990234375,34.397151947021484,101.00908660888672,127.5052261352539,33.1721305847168,113.33502960205078,91.55999755859376,181.5754852294922,71.70311737060547,22.38800048828125,60.21583938598633,15.15490436553955,127.36883544921876,36.46592712402344,14.510000228881836
2022-07-22,485.7000122070313,34.66568374633789,99.59353637695312,127.4562759399414,33.3714485168457,106.95162963867188,91.58000183105467,167.79649353027344,69.33157348632812,22.04400062561035,59.980987548828125,14.73838710784912,126.68983459472656,34.00987243652344,14.649999618530272
2022-07-25,478.9800109863281,34.55990219116211,99.56444549560548,127.22126770019533,33.4853401184082,106.5650634765625,92.23999786376952,165.19927978515625,68.50585174560547,21.85099983215332,60.36371612548828,14.84251594543457,128.6789093017578,34.24706268310547,14.65999984741211
2022-07-26,479.010009765625,34.76333999633789,96.74301147460938,128.03399658203125,32.3653678894043,104.09695434570312,89.77999877929688,157.7645721435547,65.72145080566406,21.391000747680664,58.945919036865234,14.658287048339844,128.0573272705078,34.36948776245117,14.43000030517578
2022-07-27,475.94000244140625,35.29228210449219,100.34978485107422,129.43431091308594,32.906368255615234,112.06629180908205,93.33999633789062,168.10379028320312,69.09153747558594,22.674999237060547,60.0418701171875,14.730377197265623,134.7513885498047,34.3618278503418,15.149999618530272
2022-07-28,435.5799865722656,32.0698356628418,101.7071762084961,130.41354370117188,33.105690002441406,113.2160873413086,93.08000183105467,159.3209228515625,69.62921142578125,22.60199928283691,60.58114242553711,14.882567405700684,135.50686645507812,34.85152053833008,15.59000015258789
2022-07-29,432.1000061035156,30.531841278076172,102.87064361572266,128.5040283203125,31.42572784423828,115.29763793945312,93.98999786376952,157.71502685546875,70.38773345947266,22.489999771118164,60.74641036987305,15.04277229309082,136.80743408203125,35.3411979675293,15.0
2022-08-01,426.55999755859375,30.52370834350586,102.98700714111328,128.15151977539062,31.73894500732422,113.8504638671875,95.27999877929688,158.53778076171875,70.59894561767578,22.621000289916992,60.98994445800781,15.002713203430176,137.50550842285156,35.394752502441406,15.399999618530272
2022-08-02,437.6499938964844,30.66204833984375,101.5229721069336,126.21263122558594,31.511152267456055,114.11808776855467,96.02999877929688,158.7955322265625,73.6521987915039,22.142000198364254,60.15494918823242,14.706348419189451,136.1284637451172,34.69083786010742,16.0
2022-08-03,452.1799926757813,31.31304931640625,105.70176696777344,130.5114288330078,31.86233139038086,117.04216766357422,98.06999969482422,167.33055114746094,60.71913528442383,22.67300033569336,61.15520477294922,14.714359283447266,137.41944885253906,34.68318557739258,16.709999084472656
2022-08-04,459.4500122070313,31.67923164367676,104.82917785644533,130.47230529785156,31.82436752319336,117.15119171142578,97.5,169.08518981933594,63.877986907958984,22.99099922180176,61.14651107788086,14.634254455566406,137.50550842285156,33.99457550048828,17.479999542236328
2022-08-05,462.9800109863281,31.142154693603516,103.384521484375,129.80636596679688,31.63454246520996,116.43751525878906,96.76000213623048,165.6552734375,65.0781478881836,22.67799949645996,60.08536911010742,14.698334693908691,138.24185180664062,34.392433166503906,14.59000015258789
2022-08-08,464.0499877929687,31.402565002441406,105.7890396118164,128.3278045654297,31.767414093017575,116.26902770996094,97.05999755859376,168.76795959472656,65.39501190185547,23.349000930786133,61.08563995361328,14.41798973083496,138.26097106933594,34.0787353515625,14.020000457763672
2022-08-09,452.5,31.052642822265625,104.83885192871094,126.59453582763672,32.023681640625,115.60489654541016,95.13999938964844,167.06292724609375,61.94811248779297,22.993999481201172,61.233497619628906,14.498089790344238,139.21731567382812,34.18585205078125,13.100000381469728
2022-08-10,462.69000244140625,31.703651428222656,109.00798797607422,128.43548583984375,33.105690002441406,118.64791870117188,97.87000274658205,176.78750610351562,63.4171257019043,24.410999298095703,62.48598861694336,14.425997734069824,138.50961303710938,34.30827331542969,13.100000381469728
2022-08-11,466.19000244140625,32.06169509887695,114.10790252685548,126.9862060546875,34.57684326171875,117.79549407958984,96.43000030517578,175.94493103027344,63.62835693359375,24.270000457763672,62.7817268371582,14.450027465820312,137.3333740234375,34.262359619140625,13.68000030517578
2022-08-12,478.1199951171875,32.54994583129883,117.86979675292967,128.64112854003906,34.643280029296875,120.61053466796876,97.88999938964844,178.92872619628906,65.26058197021484,24.93000030517578,63.103546142578125,14.634254455566406,140.05880737304688,34.54546356201172,13.68000030517578
2022-08-15,480.9200134277344,33.0137825012207,120.47792053222656,128.86634826660156,34.52939224243164,121.00700378417967,98.51000213623048,179.31532287597656,66.60477447509766,24.910999298095703,62.84261322021485,14.730377197265623,140.27879333496094,34.859169006347656,13.119999885559082
2022-08-16,482.8299865722656,32.842891693115234,121.1566162109375,132.3034210205078,34.643280029296875,120.6303482055664,99.04000091552734,177.9076690673828,65.06855773925781,24.569000244140625,64.08641815185547,14.874553680419922,140.22140502929688,35.04279327392578,13.6899995803833
2022-08-17,465.2799987792969,31.947765350341797,119.07205200195312,130.4037322998047,34.3300666809082,118.4992446899414,97.4800033569336,173.3279266357422,62.31297302246094,24.114999771118164,63.5036506652832,14.754404067993164,139.1885986328125,34.69083786010742,13.260000228881836
2022-08-18,458.0700073242187,31.418840408325195,118.93630981445312,129.7183074951172,34.18770217895508,119.1137924194336,96.47000122070312,173.13954162597656,62.44738006591797,24.517000198364254,63.686302185058594,14.762417793273926,140.4413299560547,33.81093978881836,13.1899995803833
2022-08-19,454.4599914550781,31.475801467895508,116.48332977294922,127.76962280273438,33.864994049072266,116.1798095703125,94.27999877929688,166.49789428710938,59.40374374389648,24.11599922180176,63.05135345458984,14.762417793273926,139.97276306152344,33.98691940307617,13.729999542236328
2022-08-22,438.510009765625,30.613224029541016,112.41116333007812,125.45863342285156,32.93484878540039,113.23591613769533,91.37999725341795,161.63063049316406,56.283294677734375,22.65399932861328,60.67682266235352,14.522114753723145,138.26097106933594,33.79563522338867,12.710000038146973
2022-08-23,432.05999755859375,30.303998947143555,111.36402893066406,124.09750366210938,32.754512786865234,112.8592529296875,92.80999755859376,159.70753479003906,55.447975158691406,22.454999923706055,60.633331298828125,14.466047286987305,137.57247924804688,33.26005172729492,12.789999961853027
2022-08-24,429.1799926757813,30.19820785522461,112.86685180664062,123.00076293945312,33.01077651977539,112.69074249267578,93.69000244140624,161.8388214111328,55.428768157958984,22.961000442504883,60.52894592285156,14.425997734069824,138.97821044921875,33.321258544921875,13.520000457763672
2022-08-25,438.5400085449219,30.596948623657227,113.88489532470705,124.959228515625,33.20060348510742,115.62474060058594,95.3499984741211,167.3107452392578,57.771507263183594,23.39800071716309,60.929054260253906,14.490078926086426,140.64215087890625,33.46664047241211,13.5600004196167
2022-08-26,425.7699890136719,29.945953369140625,110.59807586669922,129.42449951171875,32.498252868652344,109.37019348144533,91.8000030517578,160.3716583251953,55.563194274902344,22.32799911499023,59.537391662597656,14.329874992370604,136.76918029785156,33.09172058105469,13.15999984741211
2022-08-29,418.2999877929687,29.53093910217285,110.0745086669922,126.90788269042967,32.574180603027344,108.4582748413086,91.91000366210938,157.78439331054688,55.46717834472656,22.457000732421875,59.31126022338867,14.24176788330078,138.55743408203125,33.15293884277344,13.199999809265137
2022-08-30,409.510009765625,29.06709861755371,109.00798797607422,124.02473449707033,32.69847106933594,107.98249816894533,91.3000030517578,155.7919158935547,54.22860336303711,22.065000534057617,59.137298583984375,14.27380657196045,139.159912109375,32.540836334228516,13.289999961853027
2022-08-31,412.6300048828125,29.449565887451172,108.66864776611328,124.41699981689452,32.67934799194336,107.2688217163086,90.36000061035156,161.5116729736328,54.27660369873047,22.356000900268555,58.18921661376953,14.049530029296877,137.66810607910156,31.989940643310547,13.239999771118164
2022-09-01,420.3299865722656,30.02732276916504,109.10494232177734,125.21134185791016,32.54549789428711,108.77546691894533,90.1999969482422,163.92050170898438,53.239654541015625,23.003999710083008,57.96306610107422,14.01748752593994,137.62985229492188,31.989940643310547,13.1899995803833
2022-09-02,407.1400146484375,29.09964942932129,107.81542205810548,122.9067840576172,32.2586669921875,106.9020767211914,89.63999938964844,158.92440795898438,52.98041915893555,22.611000061035156,57.63255310058594,13.76917839050293,135.77462768554688,31.59972763061523,13.0600004196167
2022-09-06,397.0,28.269628524780273,106.73920440673828,122.31837463378906,31.522472381591797,105.8712158203125,88.93000030517578,157.1598663330078,51.684234619140625,21.839000701904297,57.36289978027344,13.44877815246582,135.70770263671875,31.446701049804688,12.630000114440918
2022-09-07,402.5499877929687,28.46492576599121,109.26007843017578,123.12252807617188,31.952716827392575,108.48800659179688,91.19000244140624,158.99378967285156,55.227142333984375,22.895999908447266,58.56322479248047,13.512860298156738,139.14077758789062,31.4314022064209,12.68000030517578
2022-09-08,395.9100036621094,27.968534469604492,108.9110336303711,124.6817855834961,32.04832458496094,107.42740631103516,90.7300033569336,160.6492462158203,56.79217147827149,22.743999481201172,59.050315856933594,13.432757377624512,139.01644897460938,31.615026473999023,12.539999961853027
2022-09-09,405.9100036621094,28.83111572265625,111.6742935180664,126.43717956542967,33.00442123413086,109.6774673461914,93.12000274658205,167.67752075195312,59.76859664916992,23.35700035095215,61.2421875,13.641018867492676,139.33204650878906,32.31895065307617,13.029999732971191
2022-09-12,406.4500122070313,29.04269027709961,112.8474578857422,128.320068359375,33.272125244140625,109.8856201171875,95.26000213623048,167.48916625976562,60.52710723876953,23.652999877929688,62.216346740722656,13.921368598937988,138.80606079101562,32.7168083190918,13.3100004196167
2022-09-13,386.8900146484375,27.22802734375,108.35838317871094,125.12307739257812,32.0196418762207,103.4030990600586,90.43000030517578,151.79698181152344,57.40665817260742,21.812999725341797,59.92879867553711,13.480815887451172,131.7199249267578,31.94403839111328,12.949999809265137
2022-09-14,385.1099853515625,28.04991340637207,109.07586669921876,124.4660415649414,32.04832458496094,104.07714080810548,92.25,150.1514434814453,56.312103271484375,22.41200065612793,59.25904083251953,13.432757377624512,135.72679138183594,31.58441734313965,12.710000038146973
2022-09-15,376.0,27.667455673217773,107.39850616455078,122.00456237792967,33.042667388916016,102.00550079345705,92.08999633789062,148.24813842773438,55.5535888671875,23.538000106811523,59.9722785949707,13.424748420715332,134.85659790039062,31.393146514892575,13.170000076293944
2022-09-16,377.5799865722656,28.09060287475586,104.95520782470705,119.38619232177734,32.19173812866211,101.8964614868164,87.43000030517578,145.0165252685547,53.162841796875,24.01300048828125,58.26749038696289,13.408727645874023,133.83335876464844,31.561466217041016,12.739999771118164
2022-09-19,372.1300048828125,28.041778564453125,105.8472137451172,120.5531768798828,32.851444244384766,102.1640853881836,86.9800033569336,146.73147583007812,52.22191619873047,24.363000869750977,59.1459846496582,13.424748420715332,134.56016540527344,31.55381774902344,13.15999984741211
2022-09-20,362.94000244140625,27.537256240844727,104.29590606689452,118.20938873291016,32.736717224121094,100.25105285644533,86.86000061035156,144.81826782226562,49.7447509765625,24.28499984741211,57.484989166259766,13.26454734802246,133.5369110107422,31.056486129760746,13.210000038146973
2022-09-21,353.0299987792969,26.60957908630371,101.30964660644533,115.21835327148438,31.283451080322266,98.40740203857422,81.55000305175781,140.88284301757812,47.82447814941406,23.687000274658203,57.11585998535156,13.016239166259766,130.79232788085938,30.207197189331055,12.220000267028809
2022-09-22,333.9599914550781,26.42241859436035,99.05057525634766,115.14972686767578,30.70022773742676,99.25983428955078,77.4800033569336,141.57676696777344,46.62430953979492,23.704999923706055,56.36005401611328,13.008230209350586,129.14752197265625,30.551504135131836,12.010000228881836
2022-09-23,321.6600036621094,25.909759521484375,96.47154235839844,113.40412902832033,30.317790985107425,97.87214660644533,75.2699966430664,139.18772888183594,45.41453552246094,22.641000747680664,55.57788848876953,12.823999404907228,126.54639434814452,30.237802505493164,11.789999961853027
2022-09-26,306.20001220703125,25.136695861816406,95.133544921875,112.5999984741211,29.75369644165039,97.3071517944336,73.77999877929688,135.18287658691406,44.4927978515625,22.406999588012695,54.417816162109375,12.551658630371094,126.5368194580078,29.786378860473633,11.40999984741211
2022-09-27,306.8900146484375,24.624032974243164,92.93263244628906,112.9137954711914,29.59115982055664,96.6430435180664,75.02999877929688,133.23004150390625,45.19369888305664,22.43600082397461,55.21756362915039,12.599717140197754,126.881103515625,29.75577163696289,11.31999969482422
2022-09-28,321.0799865722656,25.356407165527344,96.37458038330078,116.0617446899414,30.059646606445312,99.1706314086914,77.7699966430664,140.3772735595703,46.62430953979492,24.520000457763672,56.69402313232422,12.67982006072998,129.59698486328125,30.138334274291992,11.789999961853027
2022-09-29,312.5899963378906,24.762372970581055,94.4839324951172,115.19874572753906,29.17047691345215,96.56375885009766,75.26000213623047,135.22254943847656,46.326663970947266,23.97100067138672,55.771236419677734,12.439519882202148,128.7554168701172,29.56449317932129,11.65999984741211
2022-09-30,303.3500061035156,23.86724853515625,91.45889282226562,113.4727783203125,29.3330135345459,94.80931091308594,76.04000091552734,134.49888610839844,45.84659957885742,23.54400062561035,55.446067810058594,12.287328720092772,128.3059844970703,29.051860809326172,11.5
2022-10-03,320.2699890136719,24.925119400024418,94.17366027832033,117.54253387451172,29.887548446655273,97.77302551269533,78.36000061035156,137.40335083007812,48.27574157714844,23.90399932861328,55.86791229248047,12.73588752746582,132.82923889160156,29.962358474731445,11.949999809265137
2022-10-04,328.5400085449219,25.442338943481445,98.35248565673828,120.81796264648438,30.814960479736328,100.74665832519533,80.45999908447266,139.05885314941406,49.39910888671875,24.073999404907227,58.7768669128418,12.888076782226562,136.3101348876953,30.459686279296875,12.359999656677246
2022-10-05,329.2799987792969,25.237096786499023,97.73196411132812,120.29820251464844,30.155254364013672,100.53849792480467,80.66999816894531,137.77015686035156,49.00544738769531,23.67300033569336,58.27593231201172,12.759920120239258,135.05740356445312,30.14598846435547,12.220000267028809
2022-10-06,323.95001220703125,24.670616149902344,96.99510192871094,121.2690658569336,29.80150032043457,100.5285873413086,79.86000061035156,137.85940551757812,48.5109748840332,24.00200080871582,57.82772064208984,12.489263534545898,133.32650756835938,29.440324783325195,12.489999771118164
2022-10-07,312.5299987792969,24.030248641967773,94.2027587890625,119.9451675415039,29.992719650268555,97.81267547607422,78.61000061035156,132.28829956054688,46.36507415771485,22.475000381469727,57.11585998535156,12.179476737976074,131.5764617919922,28.670080184936523,11.979999542236328
2022-10-10,318.29998779296875,23.91530990600586,92.26364135742188,118.34668731689452,29.772817611694336,96.99988555908205,78.05999755859375,132.6253204345703,46.27865219116211,22.99799919128418,56.95766830444336,12.146868705749512,131.71035766601562,28.49113655090332,12.020000457763672
2022-10-11,308.44000244140625,23.54586410522461,90.26634216308594,116.94432067871094,29.32345199584961,96.32585144042967,77.75,127.42103576660156,45.26091384887695,21.429000854492188,56.91373825073242,12.07349681854248,131.15570068359375,27.962078094482425,11.600000381469728
2022-10-12,306.30999755859375,23.554075241088867,90.56689453125,116.58148193359376,29.151357650756836,96.70250701904295,77.33000183105469,126.39009857177734,44.89605712890625,22.086999893188477,57.73106002807617,11.926756858825684,127.12971496582033,27.759790420532227,11.65999984741211
2022-10-13,325.94000244140625,24.818389892578125,93.6985855102539,118.87625122070312,30.3082332611084,98.18932342529295,77.94000244140625,129.1558074951172,42.658931732177734,23.250999450683594,59.64691925048828,12.326218605041504,127.26363372802734,28.31997299194336,12.5
2022-10-14,323.30999755859375,24.670616149902344,91.57523345947266,118.04266357421876,30.164817810058594,95.7113037109375,75.77999877929688,125.6565399169922,39.80732727050781,23.0,58.59231948852539,12.220236778259276,125.77180480957033,28.30441093444824,12.43000030517578
2022-10-17,331.69000244140625,25.302772521972656,94.36759185791016,118.68992614746094,27.325214385986328,99.09133911132812,78.02999877929688,132.8731689453125,42.553314208984375,24.510000228881836,59.33932113647461,12.481112480163574,127.9903793334961,28.926828384399418,12.31999969482422
2022-10-18,328.8699951171875,25.245304107666016,95.48258209228516,120.98468780517578,27.917993545532227,99.88429260253906,79.5999984741211,131.6439666748047,44.14715194702149,24.086000442504883,60.88608169555664,12.717528343200684,130.208984375,28.841245651245117,12.880000114440918
2022-10-19,324.6499938964844,24.94974708557129,95.97705078125,121.4455795288086,28.03272247314453,98.75431060791016,79.62000274658203,132.07020568847656,42.94697189331055,27.238000869750977,60.12150192260742,12.668614387512209,129.80735778808594,28.452232360839844,12.609999656677246
2022-10-20,328.1199951171875,25.00722312927246,95.58922576904295,121.16120147705078,27.73633575439453,99.09133911132812,78.86000061035156,130.385009765625,40.99789810180664,26.81599998474121,59.73480224609375,13.64688491821289,130.0751190185547,28.78678321838379,12.920000076293944
2022-10-21,330.3999938964844,25.02363967895508,98.93421936035156,122.57334899902344,28.137893676757812,100.24112701416016,79.52999877929688,128.8782501220703,41.28593826293945,28.957000732421875,61.67705154418945,13.940366744995115,130.49586486816406,27.50304412841797,13.489999771118164
2022-10-24,337.07000732421875,25.51622772216797,98.6239776611328,123.2402114868164,28.319551467895508,101.6189193725586,78.66000366210938,128.59075927734375,40.84427261352539,28.2450008392334,62.69649124145508,14.274608612060549,133.23089599609375,27.985422134399418,13.18000030517578
2022-10-25,346.7099914550781,25.91030502319336,101.1836166381836,125.27017974853516,28.52989387512207,103.56170654296876,81.70999908447266,136.31297302246094,43.61907577514648,29.10199928283691,63.02166748046875,14.42134952545166,134.48362731933594,28.343307495117188,13.56999969482422
2022-10-26,344.8699951171875,25.86104393005371,101.44539642333984,124.78966522216795,27.698089599609375,94.09563446044922,78.47000122070312,128.68991088867188,42.4669075012207,29.86199951171875,62.740447998046875,14.788198471069336,134.68443298339844,28.343307495117188,13.0
2022-10-27,355.260009765625,26.246906280517575,101.2611846923828,125.23094177246094,26.93321418762207,91.4094467163086,78.12999725341797,97.08740997314452,41.82361602783203,29.694000244140625,62.52952575683594,14.698527336120604,134.48362731933594,28.148805618286133,12.489999771118164
2022-10-28,368.239990234375,26.23048973083496,102.7252197265625,125.76051330566406,27.57379913330078,95.44369506835938,80.05999755859375,98.3364486694336,41.93883514404297,29.57200050354004,63.7950553894043,15.06537628173828,144.400390625,29.308059692382812,12.949999809265137
2022-10-31,367.6199951171875,26.058076858520508,103.2972640991211,123.52459716796876,27.602481842041016,93.67933654785156,79.61000061035156,92.34902954101562,41.47797393798828,29.187999725341797,63.935672760009766,14.861572265625,144.9359130859375,29.07465362548828,13.0
2022-11-01,357.0,25.91030502319336,102.77368927001952,123.82860565185548,29.18960189819336,89.67483520507812,79.43000030517578,94.37126159667967,42.15006256103515,28.674999237060547,64.24324798583984,14.959397315979004,145.6244354248047,29.07465362548828,13.350000381469728
2022-11-02,347.25,25.37666130065918,98.7209243774414,126.17240142822266,28.730674743652344,86.2055892944336,76.77999877929688,89.75183868408203,43.916717529296875,27.299999237060547,62.95136260986328,15.024618148803713,143.4632568359375,29.339176177978516,12.68000030517578
2022-11-03,344.25,24.941539764404297,96.22913360595705,124.1718292236328,28.635066986083984,82.69670104980469,76.41999816894531,88.13603973388672,41.08431243896485,26.9060001373291,62.52073669433594,14.812658309936523,141.69407653808594,28.903486251831055,11.970000267028809
2022-11-04,348.82000732421875,25.45054817199707,96.54910278320312,127.2511215209961,28.52989387512207,85.81901550292969,70.72000122070312,89.99966430664062,41.30514144897461,26.07900047302246,63.46987533569336,14.934943199157717,142.3252410888672,28.973512649536133,10.43000030517578
2022-11-07,353.2799987792969,25.943143844604492,97.37322998046876,129.85971069335938,27.86062812805176,87.71223449707031,73.26000213623047,95.87803649902344,42.75494766235352,25.86000061035156,64.03235626220703,14.967552185058594,143.2337188720703,28.93461036682129,10.270000457763672
2022-11-08,354.6600036621094,26.18943977355957,96.85936737060548,126.60388946533205,28.05184555053711,88.1186294555664,72.9000015258789,95.63021087646484,42.34208679199219,26.34600067138672,65.1220932006836,15.13874626159668,143.34848022460938,29.46366310119629,10.0600004196167
2022-11-09,349.8800048828125,25.770736694335938,84.10961151123047,123.84821319580078,27.191360473632812,86.55252075195312,72.63999938964844,100.5866928100586,41.228328704833984,25.465999603271484,64.47177124023438,14.983854293823242,142.14353942871094,29.269155502319336,9.84000015258789
2022-11-10,373.1600036621094,26.903696060180664,87.70668029785156,127.78067016601562,28.1474552154541,93.11432647705078,76.36000061035156,110.89616394042967,46.89314651489258,27.496999740600582,66.00971984863281,15.358861923217772,143.87442016601562,29.96937370300293,10.800000190734863
2022-11-11,394.3999938964844,27.929927825927734,92.1182098388672,128.6927032470703,29.18003845214844,95.56263732910156,76.69999694824219,112.03614044189452,49.389503479003906,29.01300048828125,68.11894989013672,15.530057907104492,139.80062866210938,29.798206329345703,11.84000015258789
2022-11-14,387.80999755859375,28.02023124694824,91.4104232788086,127.05500793457033,29.074867248535156,94.85885620117188,73.5999984741211,113.22569274902344,46.739524841308594,29.927000045776367,67.13465118408203,15.538209915161133,139.10252380371094,29.805988311767575,11.489999771118164
2022-11-15,392.0899963378906,28.14338493347168,92.60298919677734,126.29006958007812,29.39994239807129,97.57477569580078,74.27999877929688,116.06080627441406,49.85036849975586,31.020000457763672,67.67073822021484,15.50559902191162,138.6626434326172,29.331396102905273,11.329999923706056
2022-11-16,388.9100036621094,27.897092819213867,91.0904541015625,126.8392333984375,29.151357650756836,97.9811782836914,74.01000213623047,112.24433135986328,47.37321853637695,30.60199928283691,66.9500961303711,15.432232856750488,138.5478973388672,29.4714412689209,10.90999984741211
2022-11-17,384.2900085449219,28.126964569091797,88.66654968261719,126.16258239746094,29.28520774841309,97.4954833984375,71.8499984741211,110.47980499267578,45.155296325683594,29.527999877929688,66.9940414428711,15.448532104492188,141.3115692138672,29.689285278320312,10.960000038146973
2022-11-18,374.3800048828125,28.323997497558594,89.00589752197266,127.56494140625,29.572040557861328,96.57367706298828,66.20999908447266,111.07459259033205,44.5504035949707,28.79800033569336,67.84651184082031,15.464835166931152,142.3252410888672,29.99271774291992,10.770000457763672
2022-11-21,369.0,28.200851440429688,94.6099853515625,125.38786315917967,29.17047691345215,94.75973510742188,66.94000244140625,108.90364074707033,45.10728073120117,28.5049991607666,67.2928466796875,15.358861923217772,143.32933044433594,30.047176361083984,10.5600004196167
2022-11-22,385.5499877929687,28.81658935546875,93.28167724609376,127.01575469970705,29.543354034423828,96.19700622558594,67.48999786376953,110.46989440917967,45.41453552246094,28.66900062561035,68.63746643066406,15.489295959472656,144.97415161132812,30.498432159423828,10.800000190734863
2022-11-23,390.2300109863281,29.169620513916016,95.8704071044922,128.42794799804688,29.7154541015625,97.5946044921875,68.58000183105469,111.262939453125,46.34586715698242,29.149999618530273,68.71656036376953,15.562667846679688,143.55886840820312,30.28058624267578,11.34000015258789
2022-11-25,390.1099853515625,29.26813316345215,95.86070251464844,126.99617004394533,29.91623306274414,96.6033935546875,68.45999908447266,110.44017791748048,45.38572692871094,28.554000854492188,69.56024932861328,15.58712100982666,144.4481964111328,30.358383178710938,11.470000267028809
2022-11-28,384.4700012207031,29.218873977661133,92.77750396728516,125.86840057373048,29.638961791992188,95.2057876586914,68.69000244140625,107.83306121826172,45.568153381347656,28.117000579833984,68.6814193725586,15.342551231384276,143.34848022460938,29.751527786254883,10.920000076293944
2022-11-29,385.2799987792969,29.128568649291992,91.80793762207033,125.30857849121094,30.327354431152344,94.35334777832033,70.20999908447266,108.50713348388672,45.01127624511719,28.09600067138672,69.21749877929688,15.49744987487793,142.12440490722656,29.82933235168457,11.140000343322754
2022-11-30,391.2900085449219,30.08091163635254,94.89115142822266,128.4415283203125,31.02530860900879,100.10236358642578,72.76000213623047,117.0719223022461,48.544586181640625,30.55299949645996,70.09634399414062,15.717558860778809,144.84030151367188,30.3272647857666,11.399999618530272
2022-12-01,389.1600036621094,29.78535270690918,95.58922576904295,129.26651000976562,30.690670013427734,100.10236358642578,73.55000305175781,119.39156341552734,47.96849822998047,31.69499969482422,70.18423461914062,15.644185066223145,145.17498779296875,29.821556091308594,11.630000114440918
2022-12-02,392.69000244140625,29.440540313720703,96.40367126464844,129.9147186279297,31.120914459228516,99.55720520019533,73.91999816894531,122.4149932861328,46.72991943359375,32.04100036621094,69.1208267211914,15.50559902191162,145.74879455566406,29.704849243164062,11.550000190734863
2022-12-05,387.7900085449219,28.857643127441406,93.01020050048828,128.08795166015625,30.6046199798584,98.60565948486328,73.87999725341797,121.36424255371094,43.95512008666992,31.25900077819824,67.84651184082031,15.285490036010742,144.0369873046875,28.841245651245117,11.149999618530272
2022-12-06,371.1700134277344,28.545669555664062,89.48098754882812,125.13179779052734,29.638961791992188,96.12761688232422,70.91000366210938,113.12657165527344,41.602787017822266,30.555999755859375,66.90613555908203,15.627882957458496,142.8607635498047,28.701196670532227,10.609999656677246
2022-12-07,374.8900146484375,28.422517776489254,89.34526062011719,123.7568359375,29.352136611938477,94.10554504394533,71.13999938964844,112.938232421875,41.333946228027344,30.84199905395508,66.50188446044922,15.73386573791504,142.28697204589844,28.91904640197754,10.739999771118164
2022-12-08,374.30999755859375,28.709861755371097,89.73307037353516,123.85504150390624,29.638961791992188,92.8863525390625,71.47000122070312,114.32604217529295,42.274879455566406,31.025999069213867,66.44915008544922,15.58712100982666,137.52462768554688,28.864582061767575,10.760000228881836
2022-12-09,380.5700073242187,28.99720764160156,90.53781127929688,122.48008728027344,29.93535423278809,92.01409149169922,71.7699966430664,114.8910903930664,41.84281539916992,32.000999450683594,66.48430633544922,15.562667846679688,135.38255310058594,29.09799575805664,11.09000015258789
2022-12-12,384.3999938964844,29.98239517211914,91.77886199951172,123.35415649414062,30.145694732666016,92.4898681640625,73.5999984741211,113.71142578125,41.81401443481445,31.51799964904785,68.80443572998047,15.73386573791504,136.17625427246094,29.52589988708496,11.270000457763672
2022-12-13,392.6799926757813,30.13838005065918,91.81763458251952,123.4327392578125,30.623741149902344,94.78947448730467,74.16999816894531,119.10409545898438,45.020877838134766,32.034000396728516,71.13337707519531,15.58712100982666,134.43582153320312,29.455883026123047,10.890000343322754
2022-12-14,328.3399963378906,29.02183723449707,91.28437042236328,122.43096923828124,30.40384101867676,94.23440551757812,73.08999633789062,120.53153228759766,42.783748626708984,31.78300094604492,71.08942413330078,15.407772064208984,136.13800048828125,29.13689613342285,10.979999542236328
2022-12-15,313.42999267578125,28.4143123626709,87.73577117919922,119.55335235595705,29.352136611938477,90.0614013671875,70.2300033569336,115.13890838623048,40.277793884277344,29.041000366210938,68.901123046875,15.05722427368164,134.07240295410156,29.38586044311523,10.0
2022-12-16,304.9599914550781,28.315786361694336,87.33824920654297,119.5631866455078,29.390378952026367,89.4666748046875,69.37000274658203,118.39034271240234,40.2681884765625,29.070999145507812,67.78498840332031,15.073532104492188,136.13800048828125,28.880146026611328,9.90999984741211
2022-12-19,306.1600036621094,27.897092819213867,83.16913604736328,118.63015747070312,28.19525909423828,87.66268157958984,68.38999938964844,113.4834442138672,38.76076889038086,28.829999923706055,67.94319152832031,14.559938430786133,135.4303436279297,28.81011962890625,9.25
2022-12-20,309.2900085449219,28.250110626220703,84.37138366699219,118.26678466796876,28.635066986083984,88.23757934570312,68.68000030517578,116.07070922851562,38.42472457885742,28.819000244140625,69.00743865966797,14.7311372756958,134.20632934570312,28.77900123596191,9.029999732971191
2022-12-21,321.3399963378906,28.800172805786133,84.27442169189453,120.30960845947266,28.998380661010746,88.79265594482422,70.68000030517578,118.71747589111328,39.08721923828125,29.79599952697754,69.85881805419922,14.796354293823242,135.2869415283203,29.393640518188477,9.039999961853027
2022-12-22,323.8800048828125,28.586719512939453,84.03204345703125,119.24889373779295,29.160917282104492,86.98865509033203,70.56999969482422,116.1004638671875,38.29991149902344,29.774999618530273,69.8676986694336,14.894177436828612,133.4317169189453,29.805988311767575,9.229999542236328
2022-12-23,333.9200134277344,28.849430084228516,85.33126068115234,119.33729553222656,29.409500122070312,88.44573974609375,70.69000244140625,117.012451171875,38.962406158447266,29.496000289916992,71.39311218261719,14.92678928375244,133.90029907226562,29.88379669189453,9.170000076293944
2022-12-27,332.7900085449219,28.734495162963867,83.74118041992188,118.6596450805664,29.27564811706543,86.62189483642578,69.58999633789062,115.86254119873048,37.61820983886719,28.41699981689453,72.17354583740234,15.04907512664795,134.82791137695312,30.537328720092773,9.229999542236328
2022-12-28,332.3399963378906,28.422517776489254,81.6081314086914,117.40251922607422,28.788040161132812,85.2639389038086,68.16000366210938,114.61351776123048,37.78142929077149,27.687999725341797,71.5083999633789,14.853419303894045,132.90573120117188,30.195005416870117,8.869999885559082
2022-12-29,338.94000244140625,28.775537490844727,84.52651977539062,120.00513458251952,29.218278884887695,87.67257690429688,70.1500015258789,119.21311950683594,39.45207214355469,29.11199951171875,72.35977935791016,15.040921211242676,133.30734252929688,30.545103073120117,9.43000030517578
2022-12-30,339.1000061035156,28.709861755371097,84.23564147949219,119.9953155517578,29.036624908447266,87.45453643798828,69.73999786376953,119.29242706298828,39.83613204956055,29.488000869750977,72.34207153320312,15.008312225341797,133.8811798095703,30.654037475585938,9.479999542236328
2023-01-03,341.5799865722656,29.429677963256836,86.26203155517578,120.6042251586914,28.941015243530273,88.33670043945312,68.86000061035156,123.65412139892578,39.42327117919922,29.4950008392334,73.19346618652344,15.277337074279783,132.96310424804688,31.21420669555664,9.539999961853027
2023-01-04,354.0,30.27359962463379,89.180419921875,122.77471923828124,29.90667152404785,87.30584716796875,71.01000213623047,126.26123046875,40.575439453125,30.94099998474121,74.88737487792969,15.603425979614258,133.84292602539062,32.0000114440918,10.380000114440918
2023-01-05,361.4299926757813,30.596275329589844,89.12223815917969,122.45059967041016,29.49555015563965,85.4423599243164,71.66000366210938,125.83496856689452,40.80587387084961,30.969999313354492,75.490478515625,15.660493850708008,138.16534423828125,32.443477630615234,10.859999656677246
2023-01-06,367.7300109863281,31.34918785095215,91.06137084960938,121.67473602294922,30.356037139892575,86.57234191894531,72.37999725341797,128.88816833496094,40.661842346191406,31.55500030517578,76.34185791015625,15.92136573791504,142.07659912109375,32.82471466064453,11.31999969482422
2023-01-09,367.1799926757813,31.06787872314453,91.88549041748048,121.94973754882812,29.897111892700195,87.24636840820312,72.26000213623047,128.3429412841797,42.12126541137695,31.517000198364254,76.00483703613281,15.74604320526123,142.26783752441406,32.692745208740234,11.609999656677246
2023-01-10,374.6400146484375,31.340913772583008,92.65145111083984,121.80240631103516,30.48988914489746,87.64285278320312,72.55999755859375,131.8323211669922,43.17741394042969,32.75400161743164,76.0935287475586,16.101646423339844,143.02333068847656,33.151092529296875,12.5600004196167
2023-01-11,378.4299926757813,31.398828506469727,93.39801788330078,123.85504150390624,30.661989212036133,90.71560668945312,73.33999633789062,131.73316955566406,43.859107971191406,32.72600173950195,75.36629486083984,16.05202865600586,142.29656982421875,32.54259490966797,12.600000381469728
2023-01-12,385.4700012207031,32.011085510253906,96.77210998535156,124.15950775146484,30.795839309692383,90.32902526855467,73.1500015258789,135.51992797851562,44.22395706176758,33.01300048828125,74.80757141113281,16.05202865600586,143.35804748535156,33.04044723510742,13.149999618530272
2023-01-13,388.4700012207031,32.20964813232422,96.37458038330078,123.2166748046875,30.910572052001953,91.31031799316406,74.66000366210938,135.78758239746094,44.29117584228515,33.28200149536133,74.55036926269531,16.167810440063477,143.13809204101562,33.079959869384766,13.140000343322754
2023-01-17,388.3500061035156,32.21792984008789,96.86905670166016,121.4881362915039,30.375158309936523,90.48763275146484,76.12000274658203,134.18170166015625,45.40493392944336,32.62200164794922,74.21336364746094,15.98587131500244,140.55609130859375,32.28180694580078,13.229999542236328
2023-01-18,381.8599853515625,31.671859741210938,96.02552795410156,121.49796295166016,30.097890853881836,90.3191146850586,73.5199966430664,131.86204528808594,45.32811737060547,32.632999420166016,73.2378158569336,15.729500770568848,139.52333068847656,31.586389541625977,12.59000015258789
2023-01-19,384.2000122070313,31.556020736694336,96.06432342529295,121.50777435302734,29.93535423278809,92.23216247558594,73.22000122070312,134.9647979736328,45.93301010131836,31.57799911499023,72.82096862792969,15.66334342956543,138.7965087890625,31.65751266479492,12.470000267028809
2023-01-20,396.1099853515625,32.57369613647461,100.33039093017578,123.73719787597656,30.174375534057617,97.1584701538086,75.11000061035156,138.15676879882812,48.410160064697266,34.25,74.30206298828125,15.903169631958008,138.7773895263672,31.610092163085938,13.020000457763672
2023-01-23,396.010009765625,33.31006622314453,102.47313690185548,125.13179779052734,31.235639572143555,98.91290283203124,75.94000244140625,142.02281188964844,49.99439239501953,35.742000579833984,74.97606658935547,15.795660018920898,138.06016540527344,31.31770133972168,13.510000228881836
2023-01-24,392.0299987792969,32.88810729980469,102.77368927001952,125.21036529541016,31.235639572143555,96.8412857055664,77.0,141.89395141601562,48.823020935058594,36.382999420166016,76.39507293701172,15.84528350830078,139.43724060058594,31.94199562072754,13.380000114440918
2023-01-25,403.760009765625,33.17768096923828,104.82917785644533,125.27912139892578,32.0196418762207,94.3830795288086,77.52999877929688,140.2682342529297,48.5253791809082,36.79600143432617,76.9449234008789,16.887298583984375,141.5984649658203,31.87088203430176,14.529999732971191
2023-01-26,410.3900146484375,33.43416976928711,106.36107635498048,126.83087158203124,32.4690055847168,96.66285705566406,79.44000244140625,146.01776123046875,49.71595001220703,36.48699951171875,76.2975082397461,16.53995704650879,142.1913604736328,31.823469161987305,15.0
2023-01-27,394.4100036621094,32.76399612426758,106.2059555053711,126.56568145751952,32.363834381103516,98.4966049194336,80.36000061035156,150.41908264160156,51.52101135253906,36.07699966430664,75.6323471069336,16.49860954284668,140.31700134277344,32.11585998535156,14.90999984741211
2023-01-30,390.94000244140625,32.46613693237305,104.31529235839844,126.68355560302734,32.18217468261719,96.08796691894533,79.44000244140625,145.77981567382812,50.311241149902344,35.31100082397461,75.24211883544922,16.67227554321289,140.55609130859375,32.43986129760742,14.380000114440918
2023-01-31,384.30999755859375,32.55714797973633,105.18791198730467,126.37905883789062,32.449886322021484,97.97126007080078,80.48999786376953,147.67320251464844,51.96267318725586,35.38600158691406,76.26203918457031,16.845949172973633,142.78428649902344,32.850791931152344,14.81999969482422
2023-02-01,398.6799926757813,33.07011795043945,106.06051635742188,114.67223358154295,32.803646087646484,99.54729461669922,81.31999969482422,151.7870635986328,49.360694885253906,36.19900131225586,77.71650695800781,16.688817977905273,144.3717041015625,32.945621490478516,15.359999656677246
2023-02-02,412.25,34.01332473754883,109.76424407958984,113.91600036621094,33.44422149658203,106.79304504394533,81.5199966430664,187.1267547607422,50.474456787109375,36.68899917602539,81.44136047363281,16.771522521972656,140.5273895263672,33.05625915527344,15.920000076293944
2023-02-03,406.2999877929687,33.07011795043945,107.34033966064452,111.88300323486328,33.080909729003906,103.85906219482422,79.80000305175781,184.90623474121097,46.51869201660156,36.59000015258789,81.3349380493164,16.399370193481445,138.84432983398438,32.80337142944336,15.420000076293944
2023-02-06,404.5899963378906,32.68952941894531,106.52591705322266,110.18394470214844,32.47857666015625,101.9955825805664,79.77999877929688,184.4403381347656,45.568153381347656,36.14799880981445,80.74960327148438,16.19261932373047,135.7650909423828,32.62161636352539,15.399999618530272
2023-02-07,402.6099853515625,32.82191467285156,108.23233032226562,112.13835906982422,32.555057525634766,106.69392395019533,80.68000030517578,189.9519195556641,46.86434173583984,36.29499816894531,80.63430786132812,15.919710159301758,136.74050903320312,32.044734954833984,15.329999923706056
2023-02-08,403.2999877929687,32.06900405883789,108.37777709960938,110.68482971191406,33.97964096069336,98.4966049194336,81.38999938964844,181.8332061767578,46.0194206237793,36.68299865722656,82.37257385253906,15.84528350830078,137.52462768554688,32.02102279663086,14.5600004196167
2023-02-09,393.7699890136719,31.35746192932129,107.00098419189452,109.79108428955078,34.170860290527344,94.17493438720705,80.16000366210938,176.37120056152344,45.34732437133789,36.25,82.70072174072266,15.688149452209473,136.60659790039062,31.45994758605957,14.369999885559082
2023-02-10,396.94000244140625,31.73805046081543,104.77099609375,109.80091857910156,34.2377815246582,93.73880004882812,76.41000366210938,172.63400268554688,43.28302383422851,34.736000061035156,80.82942199707031,15.770852088928224,137.41944885253906,31.618003845214844,14.220000267028809
2023-02-13,400.1300048828125,32.3420295715332,104.38318634033205,111.17589569091795,34.12305450439453,93.77845001220705,77.0,177.86805725097656,43.81110000610352,35.856998443603516,82.46126556396484,15.92798137664795,140.17356872558594,31.862974166870117,14.920000076293944
2023-02-14,400.1300048828125,32.31721878051758,104.38318634033205,110.2428741455078,34.189979553222656,93.84782409667967,78.08000183105469,177.91763305664062,43.24462127685547,35.99599838256836,82.63862609863281,15.837011337280272,141.04379272460938,31.87088203430176,14.729999542236328
2023-02-15,403.6099853515625,32.61507034301758,105.9150848388672,111.31338500976562,35.49026870727539,96.08796691894533,78.97000122070312,175.6177978515625,43.75349044799805,36.141998291015625,82.6829833984375,15.919710159301758,141.10116577148438,31.910388946533203,15.350000381469728
2023-02-16,400.3699951171875,32.863285064697266,102.60887908935548,109.72235870361328,35.11739730834961,94.6705322265625,78.20999908447266,170.9389190673828,42.16926193237305,35.07099914550781,82.65637969970703,15.92798137664795,140.31700134277344,31.483654022216797,15.3100004196167
2023-02-17,395.6199951171875,32.36685562133789,102.01744079589844,109.9973373413086,35.40421676635742,93.52073669433594,76.38999938964844,171.3750457763672,41.89082336425781,34.79600143432617,83.11754608154297,16.076841354370117,142.82249450683594,31.783946990966797,15.43000030517578
2023-02-21,377.9100036621094,31.30782127380371,98.98270416259766,110.01698303222656,34.58197021484375,90.98324584960938,75.05000305175781,170.58206176757812,40.74826431274414,33.75,81.0954818725586,15.88663101196289,140.66128540039062,30.977893829345703,14.75
2023-02-22,382.6499938964844,31.448469161987305,98.58519744873048,109.74199676513672,34.907047271728516,90.84446716308594,75.44000244140625,169.63040161132812,42.09245681762695,33.487998962402344,81.45909881591797,16.027219772338867,140.8908233642578,31.041109085083008,15.420000076293944
2023-02-23,383.2300109863281,31.183713912963867,98.6336669921875,108.74024200439452,34.74451446533203,90.09114837646484,76.48999786376953,170.54237365722656,41.900428771972656,32.3650016784668,81.53003692626953,16.00240707397461,138.4044189453125,30.44842529296875,15.729999542236328
2023-02-24,374.80999755859375,30.61281967163086,97.24718475341795,107.80721282958984,34.31427001953125,88.34661865234375,68.77999877929688,168.90670776367188,39.69211196899414,31.71500015258789,81.23738861083984,15.911443710327148,138.098388671875,30.6143798828125,15.550000190734863
2023-02-27,375.0499877929687,30.90240478515625,97.39261627197266,109.10360717773438,34.113487243652344,89.08010864257812,71.83000183105469,168.06411743164062,39.73051452636719,32.303001403808594,80.72299194335938,15.737770080566406,137.83067321777344,30.725013732910156,15.9399995803833
2023-02-28,367.6099853515625,30.75347328186035,96.57818603515624,109.14297485351562,33.718727111816406,89.2684326171875,72.05999755859375,173.41712951660156,39.768917083740234,32.2130012512207,80.32391357421875,15.638532638549805,135.9658660888672,30.66969871520996,15.619999885559082
2023-03-01,362.5400085449219,30.30669593811035,95.54075622558594,108.6215591430664,33.506900787353516,89.56580352783203,72.01000213623047,171.9103546142578,39.9609489440918,31.347999572753903,81.12208557128906,15.43177890777588,135.11476135253906,30.266658782958984,15.020000457763672
2023-03-02,363.0899963378906,30.571455001831055,95.90918731689452,110.47109985351562,33.805381774902344,91.19136810302734,72.45999908447266,173.01071166992188,40.05696105957031,31.187999725341797,81.43248748779297,15.43177890777588,134.98089599609375,30.353595733642575,15.239999771118164
2023-03-03,369.9800109863281,30.803123474121097,98.0616226196289,111.3171615600586,33.6224365234375,92.8268814086914,72.97000122070312,183.63739013671875,39.98014831542969,31.51799964904785,81.32605743408203,15.555830955505373,135.69808959960938,30.23505210876465,15.470000267028809
2023-03-06,369.1099853515625,30.679012298583984,97.5962371826172,111.35652160644533,33.506900787353516,94.29386901855467,72.5999984741211,183.29042053222656,37.9926643371582,31.20299911499023,81.41474914550781,15.52275276184082,137.43858337402344,30.14813232421875,15.130000114440918
2023-03-07,357.8500061035156,29.942651748657227,96.04492950439452,110.3235321044922,33.40098190307617,93.0350341796875,70.25,182.90379333496097,37.282169342041016,30.847000122070312,80.52788543701172,15.473133087158203,136.62571716308594,29.958471298217773,14.81999969482422
2023-03-08,353.8699951171875,29.70271110534668,96.27762603759766,110.46125793457033,33.218048095703125,93.42160034179688,70.25,183.3598175048828,36.552459716796875,31.179000854492188,79.87159729003906,15.390436172485352,136.9221649169922,29.65816879272461,15.34000015258789
2023-03-09,343.010009765625,29.346942901611328,93.21380615234376,108.67073822021484,32.03374481201172,91.50857543945312,68.1500015258789,180.10838317871094,35.189064025878906,29.777999877929688,78.63813018798828,15.150604248046877,134.9235076904297,28.883726119995117,14.770000457763672
2023-03-10,329.489990234375,29.21456527709961,90.7220230102539,107.42130279541016,31.90858268737793,89.83341979980469,66.6500015258789,177.94735717773438,34.07529830932617,29.275999069213867,78.1733627319336,15.241571426391602,133.4125518798828,28.98645782470703,14.350000381469728
2023-03-13,335.260009765625,29.380033493041992,89.78154754638672,108.28704833984376,31.08053970336914,90.30921173095705,66.97000122070312,179.32522583007812,33.403202056884766,29.35099983215332,76.54660034179688,15.134061813354492,133.62294006347656,28.875822067260746,14.020000457763672
2023-03-14,336.1400146484375,29.18973731994629,90.5184097290039,109.67422485351562,31.677501678466797,93.14407348632812,67.62999725341797,192.33103942871097,35.27547836303711,29.493999481201172,78.09291076660156,15.249838829040527,136.75958251953125,29.144512176513672,14.050000190734863
2023-03-15,341.94000244140625,29.694438934326172,90.26634216308594,109.5758285522461,31.311620712280273,95.26526641845705,67.02999877929688,196.028564453125,35.0450439453125,30.378999710083008,76.57340240478516,15.142333030700684,138.1079864501953,29.28675651550293,13.56999969482422
2023-03-16,346.45001220703125,29.984018325805664,91.42011260986328,111.69099426269533,31.71601104736328,99.4382553100586,67.66000366210938,203.14605712890625,35.16025924682617,31.006000518798828,78.03926849365234,15.208492279052734,135.3251495361328,28.907434463500977,14.15999984741211
2023-03-17,350.010009765625,29.810272216796875,90.36328125,111.51392364501952,31.513816833496097,100.7268295288086,66.33999633789062,193.90721130371097,35.25627136230469,30.350000381469727,77.02031707763672,14.993471145629885,136.22409057617188,29.073383331298828,14.34000015258789
2023-03-20,348.75,30.14122200012207,91.35224151611328,111.68115997314452,32.187808990478516,100.3303451538086,68.02999877929688,196.08804321289065,35.75554275512695,30.51300048828125,79.2548828125,15.291193008422852,139.24595642089844,29.579147338867188,14.239999771118164
2023-03-21,352.2900085449219,30.60454368591309,93.60162353515624,113.07816314697266,32.47665786743164,103.99783325195312,69.2300033569336,200.4001617431641,36.82129669189453,30.57900047302246,80.3542709350586,15.332544326782228,138.34703063964844,29.82412338256836,15.09000015258789
2023-03-22,341.8299865722656,29.950929641723633,92.01155090332033,111.32699584960938,32.08189392089844,102.4614486694336,66.23999786376953,198.0706329345703,37.6566162109375,29.38999938964844,78.33424377441406,15.208492279052734,137.18995666503906,29.484312057495117,14.510000228881836
2023-03-23,342.1700134277344,29.760631561279297,92.91324615478516,114.16036224365234,32.418888092041016,104.67185974121094,65.33999633789062,202.501708984375,38.136688232421875,32.0369987487793,79.21910858154297,15.26638412475586,136.08062744140625,29.531728744506836,14.529999732971191
2023-03-24,343.95001220703125,29.719257354736328,91.2165069580078,117.10191345214844,31.83155632019043,104.51325225830078,65.94999694824219,204.21669006347656,38.59754943847656,32.8390007019043,78.32528686523438,15.390436172485352,136.3101348876953,29.760902404785156,14.0
2023-03-27,348.3599853515625,30.116397857666016,92.70963287353516,116.71824645996094,32.380374908447266,101.55945587158205,67.08999633789062,201.0742645263672,38.72237014770508,32.76599884033203,79.12078857421875,15.605451583862305,137.61068725585938,30.06910514831543,14.34000015258789
2023-03-28,345.5400085449219,30.15777015686035,91.9339828491211,116.10829162597656,31.542701721191406,100.14201354980467,67.8499984741211,198.9330596923828,37.920654296875,32.35200119018555,79.3084945678711,15.481399536132812,136.5492401123047,30.029586791992188,14.479999542236328
2023-03-29,349.7099914550781,30.571455001831055,93.92159271240234,117.2593231201172,31.937463760375977,100.49885559082033,68.61000061035156,203.56243896484375,37.60860824584961,33.202999114990234,80.87267303466797,15.712961196899414,137.52462768554688,30.408910751342773,14.65999984741211
2023-03-30,349.04998779296875,30.736928939819336,95.11415100097656,117.17079162597656,32.418888092041016,100.00324249267578,69.19999694824219,206.03074645996097,36.11079788208008,33.84299850463867,82.89270782470703,15.779119491577148,138.2514190673828,30.55116271972656,14.850000381469728
2023-03-31,357.6099853515625,31.365732192993164,97.08235931396484,118.49890899658205,32.784767150878906,102.81828308105467,70.0,210.09506225585935,36.85970306396485,34.54800033569336,84.32282257080078,15.919710159301758,138.50961303710938,30.7329158782959,15.100000381469728
2023-04-03,356.2099914550781,31.448469161987305,96.72361755371094,119.38433837890624,32.909942626953125,103.44275665283205,69.30999755859375,211.21519470214844,36.91730880737305,34.827999114990234,85.09149932861328,16.03548812866211,140.345703125,30.993698120117188,14.8100004196167
2023-04-04,348.1199951171875,31.490154266357425,96.5394058227539,123.21134185791016,32.61145782470703,103.79959106445312,69.38999938964844,212.850830078125,35.55391311645508,34.67499923706055,84.72503662109375,16.242238998413086,139.91537475585938,31.333507537841797,15.149999618530272
2023-04-05,353.1199951171875,31.615215301513672,96.86905670166016,124.1065902709961,32.48628616333008,103.55178833007812,68.80000305175781,209.63900756835935,34.57456970214844,34.23500061035156,83.7060775756836,16.440719604492188,142.60256958007812,31.697019577026367,14.789999961853027
2023-04-06,350.2699890136719,31.423460006713867,96.92723083496094,123.1326141357422,32.207061767578125,107.46704864501952,69.12999725341797,214.2188415527344,34.29612731933594,33.93299865722656,83.16979217529297,16.480976104736328,143.07115173339844,31.71550178527832,15.109999656677246
2023-04-10,353.8900146484375,31.873676300048828,97.74166107177734,123.58516693115234,32.669227600097656,105.50446319580078,69.7300033569336,212.88058471679688,34.24812698364258,33.89899826049805,83.31278991699219,16.413877487182617,143.43453979492188,31.611059188842773,15.399999618530272
2023-04-11,358.5199890136719,31.99873733520508,97.36353302001952,123.64419555664062,32.91956329345703,104.42404174804688,70.18000030517578,211.98841857910156,34.66098403930664,33.82099914550781,83.63457489013672,16.5145263671875,143.3962860107422,31.69139862060547,14.93000030517578
2023-04-12,343.2799987792969,31.38177490234375,94.95902252197266,124.08690643310548,32.47665786743164,103.72028350830078,69.9000015258789,212.1371154785156,33.009544372558594,33.10300064086914,83.65245819091797,16.581626892089844,142.97552490234375,31.490575790405273,14.0600004196167
2023-04-13,347.6300048828125,31.72360610961914,97.77074432373048,126.20207977294922,32.678855895996094,106.48577117919922,70.54000091552734,218.43185424804688,34.30573654174805,34.61899948120117,84.3853759765625,16.74098014831543,143.7979278564453,31.586971282958984,14.039999961853027
2023-04-14,341.5,31.64856719970703,96.85936737060548,125.7987289428711,32.16855239868164,107.9131088256836,68.95999908447266,219.5618896484375,33.95048141479492,33.862998962402344,84.92167663574219,16.715822219848633,143.052001953125,31.50663948059082,13.779999732971191
2023-04-17,346.19000244140625,31.7569522857666,97.24718475341795,126.0053253173828,32.72699737548828,105.03858947753906,68.43000030517578,216.95480346679688,34.622581481933594,33.27199935913086,85.54734802246094,16.598400115966797,143.91268920898438,31.699434280395508,14.529999732971191
2023-04-18,343.32000732421875,31.90702438354492,97.85801696777344,126.94976043701172,32.73662567138672,103.5815200805664,67.70999908447266,215.9932403564453,33.80646514892578,33.369998931884766,85.93168640136719,16.623563766479492,143.7501220703125,31.281707763671875,14.270000457763672
2023-04-19,343.6700134277344,31.89034843444824,95.7443618774414,126.10368347167967,32.582576751708984,103.26433563232422,67.75,213.82229614257812,33.72005081176758,32.3120002746582,82.37429809570312,16.52291488647461,142.27743530273438,31.008563995361328,14.289999961853027
2023-04-20,336.0,31.456804275512695,95.08506774902344,126.71365356445312,32.44776916503906,104.36457061767578,66.87999725341797,211.21519470214844,33.23997497558594,32.53499984741211,82.46366119384766,14.803524017333984,139.56155395507812,29.875873565673828,13.829999923706056
2023-04-21,332.7099914550781,31.46514320373535,96.5394058227539,127.0186538696289,32.37074661254883,104.48353576660156,66.9800033569336,211.03677368164065,33.528018951416016,32.79800033569336,83.88483428955078,15.28159999847412,139.82931518554688,29.98030662536621,13.579999923706056
2023-04-24,330.8299865722656,31.02326774597168,96.64605712890624,127.38265991210938,31.427162170410156,105.03858947753906,67.19999694824219,210.9376220703125,33.10556411743164,32.902000427246094,83.82227325439453,14.70287799835205,139.4850311279297,29.803569793701172,13.359999656677246
2023-04-25,323.94000244140625,30.764806747436523,95.02688598632812,127.40233612060548,31.234588623046875,102.93722534179688,66.4000015258789,205.7432403564453,31.847780227661133,32.255001068115234,83.20555114746094,14.686102867126465,141.53150939941406,29.96424102783203,12.8100004196167
2023-04-26,320.6300048828125,30.44798469543457,93.66950988769533,123.09326934814452,31.26348114013672,102.79847717285156,65.41999816894531,207.57716369628903,31.80937767028809,32.1150016784668,80.92628479003906,14.42609691619873,141.79925537109375,29.65896797180176,12.579999923706056
2023-04-27,342.75,33.57448959350586,96.88845825195312,124.46076965332033,31.638986587524418,106.64435577392578,67.36000061035156,236.48329162597656,33.59523010253906,32.584999084472656,80.67604064941406,14.769977569580078,143.38670349121094,31.16120147705078,13.09000015258789
2023-04-28,368.7000122070313,34.491600036621094,99.3802261352539,125.21829223632812,32.02412414550781,106.39654541015624,67.77999877929688,238.22799682617188,35.42909622192383,32.99300003051758,80.95313262939453,14.82029914855957,137.61068725585938,31.193340301513672,13.609999656677246
2023-05-01,366.510009765625,34.716712951660156,99.09905242919922,125.35603332519533,32.06263732910156,106.25778198242188,68.4000015258789,241.0630645751953,34.53616714477539,32.4119987487793,82.39216613769531,14.677715301513672,136.9508819580078,31.09693145751953,13.289999961853027
2023-05-02,357.2300109863281,34.3498649597168,97.53805541992188,124.11643981933594,31.83155632019043,104.39430236816406,67.75,237.15737915039065,33.211177825927734,31.7549991607666,81.37321472167969,14.317066192626951,134.22540283203125,30.2614688873291,12.6899995803833
2023-05-03,356.8999938964844,34.09141159057617,97.7901382446289,123.04408264160156,31.48493194580078,104.48353576660156,67.2699966430664,234.9666290283203,32.231842041015625,31.93000030517578,77.79793548583984,14.333839416503906,133.7950897216797,30.510507583618164,12.829999923706056
2023-05-04,348.7799987792969,33.53281021118164,94.4839324951172,122.0012435913086,30.00215530395508,103.76985168457033,67.06999969482422,231.48719787597656,32.25104522705078,32.077999114990234,78.4057388305664,14.182866096496582,135.08609008789062,30.004411697387695,12.329999923706056
2023-05-05,350.8500061035156,33.7078971862793,97.46047973632812,123.3884048461914,30.782058715820312,104.64212036132812,77.16000366210938,230.75363159179688,31.89578628540039,32.2760009765625,80.22018432617188,14.367386817932127,137.2855682373047,30.39000701904297,12.890000343322754
2023-05-08,350.5,33.841285705566406,99.8359146118164,123.7229232788086,30.97462272644043,106.82276916503906,77.81999969482422,231.23936462402344,31.185283660888672,33.12099838256836,82.2134017944336,14.359001159667969,137.8784637451172,30.39000701904297,13.460000038146973
2023-05-09,339.0,33.03256607055664,99.06997680664062,123.3785629272461,30.502832412719727,106.40646362304688,77.62999725341797,231.33848571777344,30.63800621032715,33.2140007019043,81.93630981445312,14.275128364562988,135.82244873046875,30.181135177612305,13.40999984741211
2023-05-10,339.94000244140625,33.23265838623047,98.0616226196289,122.71941375732422,30.031042098999023,110.7677993774414,78.55999755859375,231.0510101318359,31.070070266723633,33.54199981689453,81.46260833740234,14.29190444946289,135.82244873046875,30.229337692260746,13.039999961853027
2023-05-11,341.7099914550781,33.65787124633789,89.5003662109375,123.29003143310548,29.530363082885746,115.5454330444336,77.76000213623047,233.73741149902344,30.436378479003903,34.47600173950195,81.45365905761719,14.224802017211914,136.46311950683594,30.20524024963379,12.380000114440918
2023-05-12,338.0899963378906,33.524471282958984,89.19011688232422,123.43760681152344,29.57850456237793,116.47716522216795,78.1500015258789,231.774658203125,29.629863739013672,33.98899841308594,82.98210144042969,14.283514976501465,137.82110595703125,30.19721221923828,12.510000228881836
2023-05-15,343.239990234375,33.51612854003906,90.03363800048828,122.81781768798828,29.857730865478516,115.4859619140625,80.38999938964844,236.7806854248047,31.146881103515625,33.5890007019043,81.98101043701172,14.21641731262207,138.29922485351562,29.538476943969727,12.8100004196167
2023-05-16,335.3399963378906,33.13261413574219,88.21086883544922,123.09326934814452,29.395566940307617,118.45960235595705,80.75,236.7410430908203,30.225147247314453,33.375,82.12400817871094,13.864151000976562,137.41944885253906,28.96006965637207,12.149999618530272
2023-05-17,338.5400085449219,33.59116744995117,89.94638061523438,122.8965072631836,30.213979721069336,119.77789306640624,82.05000305175781,240.37911987304688,30.33076286315918,33.99599838256836,83.06251525878906,13.973185539245604,135.39212036132812,29.064512252807617,12.510000228881836
2023-05-18,343.6099853515625,34.44157791137695,90.90625,124.16561889648438,29.934757232666016,121.75041198730467,84.5,244.70114135742188,30.743621826171875,37.12900161743164,84.21556091308594,13.880926132202148,132.1406707763672,29.024341583251953,12.399999618530272
2023-05-19,340.3999938964844,34.333194732666016,88.5696029663086,123.6245346069336,30.17546844482422,121.68102264404295,84.7300033569336,243.50167846679688,30.570798873901367,36.5359992980957,83.39325714111328,13.679631233215332,132.95355224609375,28.96006965637207,12.199999809265137
2023-05-22,341.489990234375,34.383216857910156,89.0252914428711,123.09326934814452,30.146581649780273,123.9509048461914,84.75,246.1583251953125,32.62548828125,36.30099868774414,82.94633483886719,13.7383394241333,135.41123962402344,28.887775421142575,12.15999984741211
2023-05-23,336.44000244140625,33.666202545166016,87.08617401123047,123.26052856445312,30.185094833374023,121.48278045654295,82.05999755859375,244.59210205078125,33.29758834838867,35.5989990234375,82.26703643798828,13.503499984741213,135.1912841796875,29.11271095275879,11.6899995803833
2023-05-24,331.239990234375,33.33271026611328,86.35899353027344,123.36874389648438,29.87698745727539,119.8373794555664,82.08000183105469,247.0406036376953,32.61589050292969,36.48500061035156,81.23915100097656,13.377689361572266,133.8811798095703,28.81547164916992,11.65999984741211
2023-05-25,319.6600036621094,32.5906867980957,85.4572982788086,123.36874389648438,29.915498733520508,122.39469909667967,81.69000244140625,250.49029541015625,32.29904556274414,35.900001525878906,79.65708923339844,12.706708908081056,129.8264617919922,27.971981048583984,11.09000015258789
2023-05-26,330.25,32.91584777832031,85.60272979736328,124.74605560302734,30.233240127563477,123.5147705078125,82.1500015258789,259.7589416503906,32.750308990478516,37.88800048828125,80.3989486694336,13.000263214111328,129.2431182861328,28.1165771484375,11.4399995803833
2023-05-30,333.3399963378906,32.649044036865234,85.14702606201172,124.61797332763672,30.310264587402344,122.5830307006836,80.2300033569336,260.2347412109375,33.49921417236328,39.29800033569336,80.77435302734375,13.117684364318848,129.2144317626953,28.036245346069336,11.300000190734863
2023-05-31,326.1499938964844,32.80745315551758,85.28277587890625,126.11558532714844,30.040666580200195,121.7900619506836,79.94000244140625,262.41558837890625,33.124755859375,39.52299880981445,78.8258285522461,13.19316864013672,131.2513427734375,28.6226806640625,11.279999732971191
2023-06-01,328.0199890136719,32.54899978637695,85.89358520507812,125.8101577758789,30.146581649780273,122.6325912475586,81.12999725341797,270.2368469238281,36.504451751708984,40.3129997253418,79.81796264648438,13.26026725769043,132.83880615234375,28.694978713989254,11.350000381469728
2023-06-02,329.32000732421875,32.67406463623047,88.00724029541016,125.79045104980467,30.685775756835938,123.57423400878906,82.83000183105469,270.2368469238281,37.41658401489258,40.047000885009766,81.62348175048828,12.757031440734863,125.45619201660156,27.7791805267334,11.75
2023-06-05,334.9100036621094,33.1743049621582,88.2302474975586,125.15000915527344,30.993879318237305,124.90245819091795,82.5,269.0274963378906,37.186153411865234,40.354000091552734,81.38215637207031,12.908004760742188,126.44119262695312,27.68277931213379,11.630000114440918
2023-06-06,329.0,32.899169921875,89.35494232177734,125.26824951171876,31.33087730407715,126.19103240966795,82.98999786376953,268.7598571777344,38.136688232421875,39.92900085449219,82.95527648925781,13.14284610748291,122.9220199584961,27.875579833984375,12.100000381469728
2023-06-07,336.7099914550781,33.64118957519531,89.70397186279297,124.38150024414062,32.110774993896484,121.42330932617188,82.80999755859375,261.30535888671875,37.75262451171875,39.97700119018555,84.73397827148438,13.503499984741213,121.01901245117188,28.325441360473633,13.119999885559082
2023-06-08,336.17999267578125,33.74124526977539,89.71369171142578,125.23869323730467,32.582576751708984,121.06647491455078,83.22000122070312,262.2768249511719,37.49339294433594,40.9370002746582,85.05814361572266,13.478337287902832,124.6242446899414,28.462013244628903,14.020000457763672
2023-06-09,328.4800109863281,33.541141510009766,89.1319351196289,124.0859146118164,32.293724060058594,121.15569305419922,84.1500015258789,262.6435546875,39.9321403503418,42.00199890136719,85.08515930175781,13.377689361572266,125.61875915527344,28.494138717651367,13.84000015258789
2023-06-12,335.29998779296875,33.92466354370117,90.30512237548828,123.90858459472656,32.24557876586914,122.55327606201172,85.66999816894531,268.6904296875,39.63450241088867,42.39699935913086,85.81453704833984,13.360916137695312,125.06411743164062,28.606613159179688,13.970000267028809
2023-06-13,335.2699890136719,33.916324615478516,90.9935073852539,125.44558715820312,32.072265625,122.74162292480467,87.02999877929688,268.9581298828125,41.25713348388672,43.573001861572266,85.87757110595703,13.26865577697754,124.20347595214844,28.502172470092773,13.789999961853027
2023-06-14,335.25,34.04971694946289,89.63612365722656,126.01705932617188,32.05301284790039,122.5830307006836,87.08000183105469,270.97052001953125,42.3516960144043,44.08599853515625,85.20221710205078,13.285429000854492,122.45344543457033,28.703012466430664,13.670000076293944
2023-06-15,342.8500061035156,34.57497787475586,90.11119842529295,127.09101104736328,32.418888092041016,123.99055480957033,90.33999633789062,279.3766784667969,41.573978424072266,44.527000427246094,86.08467102050781,13.444788932800291,126.95757293701172,29.27337074279785,13.130000114440918
2023-06-16,341.239990234375,34.3498649597168,88.54051208496094,126.7658920288086,32.39000701904297,122.44427490234376,90.18000030517578,278.5538635253906,40.56583404541016,43.19599914550781,85.6794662475586,13.46994972229004,125.20757293701172,29.28944396972656,12.800000190734863
2023-06-20,331.8599853515625,33.88297653198242,87.01829528808594,124.54900360107422,32.01449966430664,122.01803588867188,89.12999725341797,281.8548278808594,40.72904968261719,43.470001220703125,84.32876586914062,13.235105514526367,125.49444580078124,28.76728057861328,12.1899995803833
2023-06-21,328.7799987792969,33.866302490234375,85.94208526611328,122.73609161376952,31.95672607421875,119.49044799804688,88.6500015258789,279.1883544921875,39.37525939941406,42.44499969482422,85.09415435791016,13.092521667480469,126.881103515625,28.783348083496097,12.369999885559082
2023-06-22,325.9100036621094,33.832942962646484,85.79664611816406,123.60314178466795,31.677501678466797,122.06759643554688,88.80000305175781,282.4001159667969,39.42327117919922,42.24800109863281,85.6794662475586,13.067360877990724,128.46853637695312,28.799406051635746,12.09000015258789
2023-06-23,326.2799987792969,33.42442321777344,85.41851806640625,123.40608215332033,31.456043243408203,121.26472473144533,87.76000213623047,286.2165832519531,39.59609603881836,42.402000427246094,83.90553283691406,12.958325386047363,126.995849609375,28.526275634765625,11.789999961853027
2023-06-26,336.8800048828125,33.81627655029297,86.00025939941406,124.80517578125,32.00486755371094,117.29987335205078,87.30000305175781,276.0458984375,39.903343200683594,41.59400177001953,84.86001586914062,13.109297752380373,128.95626831054688,29.008275985717773,11.779999732971191
2023-06-27,353.8399963378906,34.58330535888672,86.34929656982422,129.44586181640625,33.083251953125,117.28996276855467,88.06999969482422,284.5511779785156,40.325801849365234,41.70800018310547,87.12020874023438,13.285429000854492,130.2185516357422,29.36174201965332,12.270000457763672
2023-06-28,359.3900146484375,34.741722106933594,86.12629699707031,128.73643493652344,33.05436325073242,119.12370300292967,88.72000122070312,282.8065185546875,40.277793884277344,42.98400115966797,86.87708282470703,13.235105514526367,130.31417846679688,29.57863998413086,12.449999809265137
2023-06-29,362.6799926757813,34.57497787475586,86.24263763427734,128.52952575683594,33.13139343261719,118.05320739746094,89.68000030517578,279.07928466796875,40.2105827331543,42.82400131225586,84.760986328125,13.402851104736328,130.85928344726562,29.715208053588867,12.420000076293944
2023-06-30,367.3699951171875,34.64167785644531,86.5625991821289,127.79058074951172,32.73662567138672,118.64791870117188,91.11000061035156,284.4817810058594,40.18178176879883,44.04899978637695,85.6794662475586,13.377689361572266,132.82923889160156,29.875873565673828,12.539999961853027
2023-07-03,368.2000122070313,35.06146240234375,87.7454605102539,128.943359375,33.04473876953125,118.84616088867188,91.75,283.5301208496094,40.72904968261719,44.14400100708008,86.04863739013672,13.52027416229248,133.2404327392578,29.94817543029785,13.010000228881836
2023-07-05,367.6499938964844,34.82638931274414,87.05708312988281,127.9777603149414,32.938819885253906,120.67990112304688,92.72000122070312,291.8074951171875,39.46167755126953,44.59000015258789,84.6529312133789,13.478337287902832,133.46038818359375,30.10883522033691,12.829999923706056
2023-07-06,371.7699890136719,34.599693298339844,86.03903198242188,128.77581787109375,32.77513885498047,119.05431365966795,91.63999938964844,289.4481506347656,39.490474700927734,43.88399887084961,82.97805786132812,13.310589790344238,133.077880859375,29.82766914367676,12.670000076293944
2023-07-07,371.94000244140625,34.78440475463867,85.94208526611328,127.29792785644533,32.813655853271484,118.42986297607422,91.76000213623048,288.00091552734375,40.52742767333984,43.810001373291016,83.73445129394531,13.325958251953123,132.8961639404297,29.35585021972656,12.539999961853027
2023-07-10,372.5400085449219,35.137027740478516,85.41851806640625,128.61817932128906,32.44776916503906,115.42647552490234,92.02999877929688,291.53985595703125,41.75640869140625,44.17100143432617,83.86051940917969,13.035706520080566,132.29371643066406,28.734392166137695,12.949999809265137
2023-07-11,380.2300109863281,35.271366119384766,86.76620483398438,135.30824279785156,32.47665786743164,116.11042022705078,92.87999725341795,295.693359375,43.07179641723633,44.020999908447266,86.67898559570312,13.001559257507324,133.90029907226562,28.611740112304688,13.300000190734863
2023-07-12,382.7200012207031,35.54842758178711,87.40612030029297,133.47564697265625,32.418888092041016,117.88468170166016,91.75,306.6471862792969,44.75203704833984,44.404998779296875,85.71546936035156,12.907654762268066,134.7322540283203,28.505434036254883,13.15999984741211
2023-07-13,383.6199951171875,35.733150482177734,87.71638488769531,134.6973876953125,32.42852020263672,123.44537353515624,93.12000274658205,310.68170166015625,45.721771240234375,45.03799819946289,86.8050537109375,12.907654762268066,134.54100036621094,28.325532913208008,13.100000381469728
2023-07-14,375.4700012207031,35.271366119384766,85.92269897460938,135.31809997558594,31.95672607421875,124.31763458251952,94.45999908447266,306.1812744140625,46.153839111328125,44.19100189208984,86.70599365234375,12.378372192382812,133.5751495361328,27.810379028320312,12.399999618530272
2023-07-17,374.80999755859375,35.33852767944336,82.95581817626953,136.2147216796875,32.19743347167969,123.5544204711914,94.29000091552734,307.91607666015625,46.55709457397461,45.005001068115234,88.45291900634766,11.550299644470217,131.9685516357422,25.72521209716797,12.3100004196167
2023-07-18,387.05999755859375,35.63239288330078,83.33395385742188,136.82559204101562,32.73662567138672,122.67223358154295,97.62999725341795,309.33355712890625,46.03862380981445,47.47999954223633,88.17375183105469,11.482007026672363,132.3988800048828,26.387556076049805,12.770000457763672
2023-07-19,388.5700073242187,35.85908126831055,84.39077758789062,134.825439453125,32.467037200927734,120.95744323730467,95.63999938964844,313.2591247558594,45.63536071777344,47.75899887084961,79.04300689697266,12.45520305633545,131.56695556640625,27.77766990661621,13.279999732971191
2023-07-20,395.4500122070313,36.27888107299805,83.58604431152344,135.11119079589844,32.524803161621094,118.15231323242188,96.81999969482422,299.8865661621094,43.993526458740234,43.742000579833984,79.39419555664062,12.51496124267578,133.97677612304688,27.50782012939453,13.109999656677246
2023-07-21,394.4700012207031,36.010215759277344,84.52651977539062,135.04220581054688,32.26483154296875,118.9651107788086,96.83999633789062,291.69842529296875,43.05258560180664,42.75,75.46817016601562,12.600330352783203,134.7418212890625,27.70407485961914,12.93000030517578
2023-07-24,399.4299926757813,36.34605026245117,83.96416473388672,135.73190307617188,31.96635627746582,120.46184539794922,97.16000366210938,289.07147216796875,43.78229141235352,42.83700180053711,74.81981658935547,12.762530326843262,135.1912841796875,27.78584098815918,12.609999656677246
2023-07-25,398.7099914550781,36.35443878173828,83.02369689941406,137.5152587890625,31.744901657104492,121.1358642578125,98.47000122070312,291.9066162109375,42.39970016479492,42.77000045776367,74.37860107421875,12.634476661682127,136.2432098388672,27.998449325561523,12.529999732971191
2023-07-26,394.5700073242187,36.027008056640625,83.2467041015625,136.78616333007812,31.918216705322266,128.13380432128906,97.9000015258789,295.97088623046875,43.20621490478515,42.266998291015625,74.65773010253906,12.711307525634766,134.9235076904297,28.080223083496097,12.760000228881836
2023-07-27,400.989990234375,38.07561111450195,82.76192474365234,135.485595703125,31.87006568908691,128.2626495361328,96.93000030517578,308.99652099609375,42.514915466308594,41.31700134277344,74.14447021484375,12.38690948486328,133.76638793945312,27.434226989746097,12.289999961853027
2023-07-28,396.7999877929687,37.97486114501953,83.50848388671875,135.8206024169922,32.00486755371094,131.41473388671875,89.33000183105469,322.6466979980469,43.78229141235352,42.577999114990234,74.33358001708984,12.335686683654783,134.71311950683594,27.82672882080078,12.789999961853027
2023-07-31,405.19000244140625,38.00004577636719,86.18446350097656,134.3426513671875,32.207061767578125,131.55349731445312,87.75,315.8265686035156,44.6560173034668,43.89699935913086,76.19754028320312,12.395445823669434,131.74862670898438,27.867616653442383,13.06999969482422
2023-08-01,411.2300109863281,38.04203796386719,86.3202133178711,134.11602783203125,32.02412414550781,130.39376831054688,87.0999984741211,319.9007568359375,44.31037521362305,43.86199951171875,74.60371398925781,12.207635879516602,131.2609100341797,27.336103439331055,12.869999885559082
2023-08-02,419.0700073242187,37.85731887817383,83.67329406738281,124.45046997070312,32.09152603149414,127.25162506103516,85.97000122070312,311.5738830566406,43.92631912231445,42.970001220703125,74.44161987304688,12.250321388244627,129.84559631347656,27.246158599853516,12.550000190734863
2023-08-03,422.7799987792969,37.92448425292969,82.88794708251953,122.0069808959961,31.735271453857425,127.32100677490234,86.25,310.46368408203125,44.319976806640625,43.099998474121094,73.76627349853516,12.028364181518556,129.45355224609375,27.033550262451172,12.890000343322754
2023-08-04,418.8599853515625,37.64741516113281,83.67329406738281,120.78523254394533,31.83155632019043,126.98402404785156,87.7300033569336,308.0250244140625,42.082855224609375,43.15999984741211,73.4781265258789,11.951532363891602,128.71719360351562,26.673757553100582,13.970000267028809
2023-08-07,419.4299926757813,38.15957260131836,84.18717956542969,122.2237548828125,31.850814819335938,130.37396240234375,89.22000122070312,313.8043518066406,41.708396911621094,44.07600021362305,73.3970947265625,11.96006965637207,130.6775665283203,26.600162506103516,14.470000267028809
2023-08-08,419.7799987792969,38.11759948730469,85.44759368896484,120.80494689941406,33.63207244873047,130.24505615234375,87.87999725341797,309.9184265136719,43.004581451416016,43.83000183105469,72.37055206298828,12.105194091796877,130.30459594726562,26.63287353515625,14.420000076293944
2023-08-09,419.9500122070313,38.016849517822266,84.82707214355469,120.1250991821289,33.36247253417969,128.52037048339844,86.30000305175781,302.5531005859375,43.89751434326172,42.88999938964844,72.3255386352539,12.182025909423828,131.69125366210938,26.74734878540039,14.109999656677246
2023-08-10,428.2900085449219,38.56258010864258,88.96711730957031,120.46993255615234,33.20841979980469,128.55010986328125,86.98999786376953,303.0784606933594,43.571067810058594,42.99800109863281,71.87529754638672,12.096657752990724,131.71035766601562,27.000843048095703,14.119999885559082
2023-08-11,427.94000244140625,38.64654541015625,86.31051635742188,120.4009780883789,33.314334869384766,128.42124938964844,86.61000061035156,299.0141906738281,43.16780090332031,42.16600036621094,71.95633697509766,12.267394065856934,132.29371643066406,27.278865814208984,13.699999809265137
2023-08-14,427.2799987792969,39.091529846191406,86.1069107055664,120.96257781982422,32.582576751708984,130.17572021484375,86.16000366210938,303.5246276855469,43.27341842651367,42.77799987792969,71.99236297607422,12.17348861694336,133.40298461914062,27.442405700683594,13.529999732971191
2023-08-15,428.0799865722656,39.48612976074219,84.41016387939453,119.63245391845705,32.746253967285156,128.6393280029297,86.11000061035156,299.3214416503906,43.715084075927734,42.369998931884766,72.09141540527344,12.071049690246582,132.523193359375,27.197092056274418,13.420000076293944
2023-08-16,426.7699890136719,38.90682220458984,83.7217788696289,118.90335845947266,32.341861724853516,127.56881713867188,85.5999984741211,291.7281799316406,43.014183044433594,41.54499816894531,71.60514831542969,12.03689956665039,132.2076416015625,27.20527076721191,13.1899995803833
2023-08-17,424.8299865722656,38.822845458984375,83.30486297607422,117.01164245605467,31.72564697265625,128.77809143066406,84.55999755859375,282.6082458496094,42.783748626708984,40.29999923706055,70.812744140625,11.96006965637207,130.40980529785156,27.033550262451172,12.760000228881836
2023-08-18,420.4700012207031,38.41984558105469,83.34364318847656,116.61751556396484,32.207061767578125,126.33971405029295,84.38999938964844,280.7842712402344,42.630130767822266,40.452999114990234,71.95633697509766,11.994215965270996,130.1898651123047,27.131677627563477,12.779999732971191
2023-08-21,420.0799865722656,38.50381088256836,83.26607513427734,116.85397338867188,31.96635627746582,127.2417221069336,83.95999908447266,287.3763427734375,42.62052917480469,40.82899856567383,71.43406677246094,12.03689956665039,129.62564086914062,26.98448944091797,12.649999618530272
2023-08-22,413.3800048828125,38.26033401489258,83.17882537841797,117.77029418945312,31.638986587524418,127.94548034667967,84.25,285.096435546875,43.03339385986328,41.31700134277344,71.26297760009766,12.17348861694336,129.25271606445312,27.148029327392575,12.539999961853027
2023-08-23,415.2799987792969,38.167972564697266,83.21762084960938,119.53395080566406,31.71601104736328,131.20655822753906,84.08999633789062,291.6786193847656,43.59986877441406,42.755001068115234,72.11841583251953,12.088119506835938,130.37155151367188,27.13985252380371,12.699999809265137
2023-08-24,411.989990234375,37.98326110839844,79.95988464355469,118.14469909667967,31.3693904876709,128.6393280029297,83.69999694824219,284.2537841796875,42.84135818481445,40.69300079345703,71.40706634521484,12.079584121704102,127.49312591552734,27.29521942138672,12.699999809265137
2023-08-25,416.7799987792969,38.17636489868164,80.82278442382812,117.92794036865234,31.224966049194336,128.7384490966797,84.79000091552734,283.01470947265625,42.04444885253906,41.60300064086914,71.91133117675781,12.04543685913086,127.52180480957033,27.27068328857422,12.270000457763672
2023-08-28,432.0,38.60455703735352,81.59844970703125,118.7457046508789,31.552330017089844,129.85848999023438,84.83999633789062,287.7333068847656,42.48611068725586,41.805999755859375,72.43359375,12.130803108215332,129.2718505859375,27.434226989746097,12.789999961853027
2023-08-29,451.1000061035156,39.2762336730957,81.83113098144531,119.36742401123048,31.94054794311523,133.38723754882812,84.27999877929688,295.39593505859375,43.004581451416016,42.999000549316406,72.67671966552734,12.608867645263672,130.76364135742188,28.36642265319824,12.949999809265137
2023-08-30,439.510009765625,39.56169509887695,81.71477508544922,118.96281433105467,32.416114807128906,134.68572998046875,84.30000305175781,292.5311279296875,44.35838317871094,43.46699905395508,72.83879852294922,12.574718475341797,131.38522338867188,28.325532913208008,13.109999656677246
2023-08-31,438.1199951171875,39.25944519042969,81.13304138183594,118.40032196044922,32.08612823486328,134.97314453125,84.52999877929688,293.3143005371094,45.001670837402344,43.36800003051758,72.94684600830078,12.625940322875977,130.29507446289062,28.60355758666992,13.140000343322754
2023-09-01,422.3200073242187,38.39466094970703,79.15514373779297,118.95293426513672,30.067399978637695,134.46763610839844,84.05000305175781,293.7999267578125,44.608009338378906,43.987998962402344,72.22648620605469,12.506422996520996,131.32785034179688,28.505434036254883,11.5600004196167
2023-09-05,408.989990234375,37.41233444213867,78.71883392333984,119.90029907226562,30.504148483276367,134.57669067382812,82.86000061035156,297.5372314453125,44.14715194702149,44.86800003051758,71.74022674560547,12.361299514770508,130.90707397460938,28.047508239746097,11.640000343322754
2023-09-06,419.9800109863281,37.72298049926758,78.5152359008789,119.30821228027344,30.455615997314453,133.27821350097656,80.69999694824219,296.5657043457031,43.455848693847656,44.57600021362305,72.19046020507812,12.47227668762207,128.26773071289062,27.949386596679688,11.489999771118164
2023-09-07,416.9800109863281,37.64741516113281,78.11770629882812,119.3476791381836,29.950939178466797,134.07113647460938,80.9000015258789,296.070068359375,42.70694351196289,44.31399917602539,71.6501693725586,12.47227668762207,131.28005981445312,27.646833419799805,11.029999732971191
2023-09-08,422.4200134277344,37.806941986083984,79.09696960449219,120.14701080322266,30.43621063232422,135.18133544921875,80.94000244140625,295.2968444824219,42.29408645629883,44.279998779296875,71.046875,12.293004035949709,131.61474609375,27.352458953857425,11.31999969482422
2023-09-11,435.8399963378906,38.00004577636719,80.00834655761719,120.91674041748048,30.746782302856445,135.71656799316406,82.58000183105469,304.8826599121094,41.79481887817383,44.5359992980957,71.52411651611328,12.395445823669434,134.12977600097656,27.753135681152344,11.579999923706056
2023-09-12,436.6099853515625,37.941280364990234,81.13304138183594,119.82134246826172,31.17382049560547,134.15045166015625,81.6500015258789,299.0340270996094,41.573978424072266,43.46900177001953,71.19993591308594,12.344225883483888,133.98634338378906,27.83490753173828,11.329999923706056
2023-09-13,439.3999938964844,37.941280364990234,80.93913269042969,120.0779266357422,30.455615997314453,135.50840759277344,82.4800033569336,302.4044189453125,40.815467834472656,41.2239990234375,70.02933502197266,12.48081398010254,135.3155975341797,27.68772315979004,11.40999984741211
2023-09-14,449.3699951171875,38.596168518066406,81.90869140625,121.42003631591795,31.08646774291992,136.88619995117188,85.01000213623047,309.0065002441406,42.284481048583984,40.04899978637695,70.58763122558594,12.85643482208252,136.86477661132812,27.83490753173828,11.729999542236328
2023-09-15,447.9500122070313,38.06721878051758,82.97521209716797,118.87399291992188,30.940889358520508,136.1923828125,83.81999969482422,297.6957702636719,42.39010238647461,39.694000244140625,69.70516204833984,13.001559257507324,135.72679138183594,27.63047981262207,11.84000015258789
2023-09-18,455.7300109863281,38.31909942626953,82.43225860595703,119.0121612548828,30.853540420532227,136.99522399902344,83.12000274658203,299.916259765625,41.103511810302734,39.439998626708984,69.73218536376953,12.882043838500977,134.65577697753906,27.417871475219727,11.65999984741211
2023-09-19,449.6799926757813,38.39466094970703,79.44601440429688,119.40689849853516,31.144704818725582,136.82672119140625,82.80000305175781,302.4143371582031,40.72904968261719,39.619998931884766,69.12886810302734,12.984485626220703,136.2432098388672,27.31157493591309,11.640000343322754
2023-09-20,448.1700134277344,38.20155715942383,80.04713439941406,118.8641357421875,30.232393264770508,132.56451416015625,81.5,297.0613708496094,39.92254257202149,38.630001068115234,68.02019500732422,13.274737358093262,135.8606719970703,27.475112915039062,11.5
2023-09-21,446.8200073242187,38.36946487426758,80.21196746826172,117.23585510253906,31.1932315826416,129.29354858398438,79.97000122070312,293.1556701660156,39.39446258544922,38.415000915527344,67.87479400634766,13.06985569000244,133.87158203125,27.221622467041016,11.510000228881836
2023-09-22,445.2099914550781,38.03363800048828,78.77701568603516,117.4332275390625,30.426502227783203,129.10519409179688,79.75,296.4765319824219,39.61529541015625,37.98099899291992,67.01145935058594,12.907654762268066,133.2595977783203,27.21344566345215,11.100000381469728
2023-09-25,440.0199890136719,37.672607421875,78.5443115234375,118.13388061523438,30.290624618530273,129.95762634277344,79.62000274658203,298.2112731933594,39.84572982788086,38.47999954223633,67.61125946044922,12.85643482208252,133.89068603515625,27.115318298339844,10.65999984741211
2023-09-26,428.7200012207031,37.14366149902344,77.61353302001953,116.80164337158205,30.038286209106445,127.4399871826172,79.91999816894531,296.3575134277344,39.27444839477539,37.92499923706055,66.75702667236328,12.82228660583496,134.32106018066406,26.9763126373291,10.6899995803833
2023-09-27,433.4200134277344,37.445919036865234,77.46809387207031,116.4167938232422,30.00916862487793,129.3926544189453,81.0199966430664,295.14813232421875,38.386322021484375,37.75899887084961,66.69341278076172,12.694233894348145,133.59426879882812,26.493858337402344,11.029999732971191
2023-09-28,444.4800109863281,37.66421890258789,77.69109344482422,117.6108627319336,30.222686767578125,131.14707946777344,83.69000244140625,301.3139953613281,37.906246185302734,37.63600158691406,67.2931900024414,12.813750267028809,133.59426879882812,26.616518020629883,10.6899995803833
2023-09-29,439.8200073242187,37.22762680053711,78.58309173583984,118.8147964477539,30.280920028686523,129.70985412597656,83.04000091552734,297.5966491699219,37.6134033203125,37.7599983215332,67.68395233154297,12.82228660583496,133.92898559570312,26.50204086303711,10.859999656677246
2023-10-02,438.5,37.35355758666992,79.18423461914062,118.56809997558594,29.94123077392578,132.99075317382812,84.41000366210938,304.1491394042969,36.59086227416992,38.03300094604492,66.66614532470703,12.523497581481934,133.17349243164062,25.97052574157715,10.510000228881836
2023-10-03,432.1700134277344,36.7197380065918,77.11905670166016,117.97598266601562,29.310380935668945,131.2660369873047,82.93000030517578,298.3203125,36.6292724609375,37.67499923706055,65.85737609863281,12.617403030395508,130.4671630859375,26.150421142578125,10.350000381469728
2023-10-04,432.8399963378906,36.73663711547851,76.90575408935547,119.1305694580078,29.417137145996097,134.0513458251953,84.11000061035156,302.91986083984375,36.475643157958984,37.689998626708984,66.61162567138672,12.506422996520996,132.0259552001953,25.790630340576172,10.289999961853027
2023-10-05,431.7799987792969,36.356346130371094,78.35039520263672,119.19963073730467,29.310380935668945,133.88282775878906,85.2300033569336,302.1367492675781,35.371490478515625,37.25899887084961,66.25720977783203,12.66008472442627,131.42347717285156,26.01958656311035,10.09000015258789
2023-10-06,431.1600036621094,36.73663711547851,80.41556549072266,121.34107208251952,29.48507499694824,136.37075805664062,87.51000213623047,312.6841125488281,35.81315231323242,38.1510009765625,67.4749526977539,12.571346282958984,132.95355224609375,25.764862060546875,10.279999732971191
2023-10-09,442.4200134277344,37.26060104370117,82.12200164794922,122.9496078491211,30.067399978637695,137.20338439941406,86.98999786376953,315.5885925292969,35.928367614746094,38.595001220703125,68.06563568115234,12.814945220947266,134.0150604248047,26.26596450805664,10.529999732971191
2023-10-10,444.7200012207031,37.58173370361328,82.40316772460938,126.39366912841795,30.348857879638672,136.84654235839844,86.55000305175781,319.0383605957031,36.2644157409668,37.332000732421875,68.41094970703125,13.015043258666992,136.18580627441406,26.52486228942871,10.670000076293944
2023-10-11,449.8200073242187,37.38736343383789,82.2674331665039,127.98247528076172,30.271217346191406,139.3146514892578,87.61000061035156,324.9663391113281,36.79248809814453,36.59299850463867,68.0111083984375,12.849745750427246,136.86477661132812,26.274311065673828,10.960000038146973
2023-10-12,447.6799926757813,37.10003662109375,81.78265380859375,129.83773803710938,29.844175338745117,137.74855041503906,86.23999786376953,321.3381652832031,35.899566650390625,36.119998931884766,68.67449188232422,12.571346282958984,134.9713134765625,25.814970016479492,10.31999969482422
2023-10-13,449.2699890136719,37.02397918701172,81.78265380859375,129.56141662597656,30.038286209106445,136.1527099609375,84.55000305175781,311.95062255859375,34.12330627441406,35.56800079345703,67.74757385253906,12.493048667907717,135.47817993164062,25.614532470703125,10.369999885559082
2023-10-16,454.4500122070313,37.39582061767578,83.10126495361328,129.4133758544922,30.688549041748047,137.87741088867188,85.58000183105469,318.35430908203125,34.93942642211914,36.082000732421875,69.08341979980469,12.53654670715332,136.97955322265625,26.09892845153809,10.899999618530272
2023-10-17,452.6799926757813,37.4887809753418,83.57634735107422,129.30482482910156,30.970006942749023,138.49195861816406,84.4800033569336,321.1795654296875,34.97782897949219,35.571998596191406,69.55598449707031,12.684446334838867,136.5301055908203,26.31607437133789,10.920000076293944
2023-10-18,448.3200073242187,37.20144271850586,82.10261535644531,128.54495239257812,30.63031768798828,136.74745178222656,82.54000091552734,314.21075439453125,34.08489990234375,34.61899948120117,68.4563980102539,12.458250045776367,133.58470153808594,25.931894302368164,10.579999923706056
2023-10-19,435.8699951171875,36.39859771728515,80.71613311767578,126.5417022705078,29.94123077392578,136.53927612304688,80.5,310.08697509765625,34.75699996948242,40.176998138427734,67.44769287109375,13.276041984558104,131.81556701660156,26.374534606933594,10.390000343322754
2023-10-20,429.6499938964844,36.22112274169922,80.13440704345703,125.76209259033205,29.718008041381836,134.408203125,79.94999694824219,305.963134765625,34.10410690307617,40.09600067138672,67.19322204589844,13.380437850952148,131.0027313232422,26.366182327270508,10.329999923706056
2023-10-23,430.2699890136719,36.28873443603515,80.57069396972656,124.67657470703124,29.601539611816406,135.30026245117188,78.81999969482422,311.27655029296875,33.9024772644043,40.68399810791016,68.68358612060547,13.006341934204102,131.7199249267578,26.215848922729492,10.140000343322754
2023-10-24,431.1799926757813,36.72818756103515,80.04713439941406,125.97920989990234,29.553014755249023,137.5899658203125,78.5999984741211,309.8291931152344,35.409889221191406,41.37300109863281,67.69304656982422,13.510937690734863,134.90440368652344,28.646181106567383,10.079999923706056
2023-10-25,423.7300109863281,36.12816619873047,78.13709259033203,124.06473541259766,29.358905792236328,124.50597381591795,77.69999694824219,296.92254638671875,33.54722595214844,41.125,67.60215759277344,13.215140342712402,134.82791137695312,28.136728286743164,9.729999542236328
2023-10-26,411.7099914550781,33.085792541503906,77.35175323486328,122.01214599609376,28.92216110229492,121.20523834228516,78.0999984741211,285.83990478515625,33.528018951416016,40.354000091552734,67.502197265625,13.154240608215332,136.6161651611328,28.788166046142575,9.800000190734863
2023-10-27,372.0,33.49988555908203,76.91544342041016,121.01541900634766,28.57276725769043,121.09622192382812,77.0,294.1469421386719,32.62548828125,39.7869987487793,67.23865509033203,12.893243789672852,133.8811798095703,27.927942276000977,9.550000190734863
2023-10-30,389.7999877929687,34.184425354003906,78.22435760498047,119.71279907226562,28.71834945678711,123.36608123779295,78.5999984741211,300.02532958984375,32.6830940246582,41.007999420166016,67.72030639648438,13.276041984558104,135.38255310058594,28.91343879699707,9.850000381469728
2023-10-31,402.7999877929687,34.894309997558594,79.1066665649414,122.16016387939452,29.494779586791992,122.98942565917967,80.0199966430664,298.64739990234375,33.22077941894531,41.16899871826172,68.07472229003906,13.39783763885498,137.57247924804688,29.339372634887695,9.9399995803833
2023-11-01,406.510009765625,35.34221267700195,78.60247802734375,122.15027618408205,29.56271743774414,125.3386001586914,80.41000366210938,309.13531494140625,28.122447967529297,42.01900100708008,67.68395233154297,13.554435729980469,138.71043395996094,29.564868927001953,10.079999923706056
2023-11-02,412.6199951171875,35.916893005371094,80.75491333007812,126.59103393554688,30.038286209106445,126.36945343017578,82.44999694824219,308.16387939453125,28.016828536987305,42.47100067138672,69.61052703857422,13.68493366241455,140.09706115722656,29.982450485229492,11.079999923706056
2023-11-03,420.1099853515625,36.49155807495117,82.4807357788086,127.8838119506836,30.882658004760746,127.9653091430664,85.36000061035156,311.86138916015625,28.26646614074707,43.23600006103515,70.56468963623047,13.81543254852295,141.04379272460938,30.082666397094727,11.770000457763672
2023-11-06,415.7000122070313,35.883087158203125,81.46269226074219,127.5680160522461,30.377973556518555,129.10519409179688,85.38999938964844,313.0509338378906,27.315929412841797,43.4739990234375,70.02853393554688,13.702332496643066,140.9003448486328,29.765304565429688,11.449999809265137
2023-11-07,412.9800109863281,35.528141021728516,82.01535034179688,128.02195739746094,30.028581619262695,129.81886291503906,86.12999725341797,316.0446472167969,28.79454040527344,43.46099853515625,69.66504669189453,13.780633926391602,140.69952392578125,30.015859603881836,11.609999656677246
2023-11-08,413.4800109863281,35.08868408203125,81.92809295654297,129.01864624023438,29.63065719604492,130.6812286376953,87.30999755859375,316.99627685546875,28.650522232055664,43.665000915527344,68.76537322998047,13.615336418151855,140.23095703125,29.87388038635254,9.399999618530272
2023-11-09,404.4599914550781,34.54782485961914,87.59033203125,129.57127380371094,28.80569648742676,129.09530639648438,86.13999938964844,317.7595520019531,27.73838996887207,43.51499938964844,68.13833618164062,13.597935676574709,140.4700469970703,29.74860191345215,9.640000343322754
2023-11-10,409.80999755859375,35.41827392578125,85.58334350585938,131.0318145751953,29.242441177368164,131.4246368408203,87.5199966430664,325.90802001953125,28.516101837158203,44.7239990234375,68.8289794921875,13.606635093688965,141.1585235595703,29.82377052307129,10.130000114440918
2023-11-13,406.4100036621094,35.063331604003906,86.71773529052734,130.93312072753906,28.71834945678711,130.9290008544922,87.63999938964844,326.32440185546875,27.9592227935791,44.46200180053711,68.8017349243164,13.554435729980469,140.7760467529297,29.91563415527344,9.890000343322754
2023-11-14,414.8399963378906,35.38447570800781,88.2981185913086,132.66995239257812,29.2036190032959,132.44558715820312,89.0,333.38238525390625,29.5434513092041,44.8650016784668,71.09178924560547,13.597935676574709,140.5847930908203,29.965747833251953,10.4399995803833
2023-11-15,417.6000061035156,35.942237854003906,91.07107543945312,132.66006469726562,29.572425842285156,133.43679809570312,89.19000244140625,329.8136901855469,30.705217361450195,46.194000244140625,71.0372543334961,13.711033821105955,140.76646423339844,30.06596565246582,10.5600004196167
2023-11-16,412.8500061035156,35.84082794189453,91.63341522216795,131.6436309814453,29.19391441345215,135.72647094726562,89.0999984741211,331.28082275390625,30.3211612701416,46.69499969482422,69.9467544555664,13.81543254852295,141.04379272460938,30.21629524230957,10.31999969482422
2023-11-17,407.7000122070313,35.849281311035156,91.28437042236328,131.939697265625,29.46566390991211,134.1207275390625,89.5999984741211,332.1234436035156,31.137277603149418,46.59099960327149,71.84603881835938,13.83283233642578,141.25416564941406,30.25804901123047,10.710000038146973
2023-11-20,413.05999755859375,36.28873443603515,92.1375961303711,133.66664123535156,29.737417221069336,135.0524444580078,89.81999969482422,337.0105285644531,31.2908992767334,47.446998596191406,71.94599914550781,14.006831169128418,142.0096435546875,30.675636291503903,10.739999771118164
2023-11-21,402.4599914550781,36.00139617919922,91.57523345947266,134.2686004638672,29.417137145996097,135.76612854003906,87.04000091552734,334.04656982421875,30.570798873901367,47.494998931884766,71.49162292480469,14.08513069152832,142.1148681640625,31.109926223754883,10.579999923706056
2023-11-22,405.2799987792969,35.899986267089844,92.17637634277344,134.32778930664062,29.46566390991211,137.2727813720703,87.79000091552734,338.51727294921875,30.79162979125977,47.79999923706055,72.1186752319336,14.067729949951172,142.40176391601562,31.193443298339844,10.65999984741211
2023-11-24,405.9200134277344,35.9844970703125,93.13623046875,134.80149841308594,29.572425842285156,135.48858642578125,87.62999725341797,335.2856750488281,30.75322151184082,47.95600128173828,72.78205108642578,14.102529525756836,142.46864318847656,31.24354553222656,10.850000381469728
2023-11-27,396.8399963378906,35.57038879394531,92.27333068847656,135.31466674804688,29.329788208007812,135.21102905273438,85.95999908447266,331.7864074707031,30.388370513916016,47.91699981689453,71.97325897216797,14.102529525756836,142.29656982421875,31.193443298339844,10.779999732971191
2023-11-28,401.2900085449219,35.38447570800781,89.68460083007812,134.7711181640625,28.98039436340332,135.99412536621094,84.54000091552734,336.03900146484375,31.21409034729004,47.900001525878906,71.91874694824219,14.076430320739746,141.8948974609375,31.29366111755371,10.619999885559082
2023-11-29,398.8999938964844,35.1816520690918,89.68460083007812,135.69015502929688,28.70863914489746,133.8035430908203,83.5999984741211,329.30816650390625,31.185283660888672,47.71900177001953,72.50943756103516,14.180826187133787,143.0137481689453,31.53585624694824,10.779999732971191
2023-11-30,400.1300048828125,35.40137481689453,89.86881256103516,136.38189697265625,28.66982078552246,131.36514282226562,84.22000122070312,324.3021240234375,31.089275360107425,47.39699935913086,73.27277374267578,14.415724754333496,144.5024871826172,32.01190185546875,10.449999809265137
2023-12-01,401.8699951171875,35.67180633544922,89.76216125488281,136.1348419189453,29.310380935668945,130.70103454589844,84.25,321.99237060546875,32.06861114501953,46.57400131225586,74.34512329101562,14.581024169921877,146.2313232421875,32.22069549560547,11.329999923706056
2023-12-04,399.1400146484375,36.40704727172851,89.20951080322266,136.19415283203125,29.358905792236328,128.13380432128906,84.12999725341797,317.23419189453125,31.54053497314453,45.38999938964844,74.8721923828125,14.494023323059082,146.7595977783203,31.769695281982425,11.390000343322754
2023-12-05,364.3999938964844,35.16474914550781,88.02664184570312,135.79884338378906,28.61158561706543,129.8386993408203,81.41000366210938,315.5192565917969,31.03166389465332,45.51499938964844,73.97251892089844,14.981216430664062,147.9121551513672,32.08706283569336,10.869999885559082
2023-12-06,361.9800109863281,35.23235321044922,88.71502685546875,135.5221710205078,28.34954071044922,128.87722778320312,82.54000091552734,314.6865234375,31.54053497314453,44.67300033569336,74.47233581542969,14.737622261047363,149.3528594970703,32.15388488769531,10.920000076293944
2023-12-07,368.6600036621094,35.637996673583984,89.5391616821289,133.95091247558594,28.466005325317383,135.72647094726562,84.27999877929688,323.7469787597656,30.95485496520996,45.20000076293945,74.60865783691406,14.868123054504396,150.1788330078125,32.27915573120117,10.81999969482422
2023-12-08,367.5499877929687,35.57884216308594,90.28815460205078,135.5221710205078,29.05803871154785,133.8035430908203,85.19000244140625,329.8533020019531,30.820432662963867,45.375999450683594,74.4632568359375,14.720223426818848,150.21728515625,31.945087432861328,11.470000267028809
2023-12-11,374.6300048828125,36.052101135253906,89.68506622314453,136.92539978027344,28.815404891967773,132.1184539794922,87.08999633789062,322.44842529296875,30.993257522583008,45.98899841308594,76.38072967529297,14.459227561950684,152.57044982910156,31.4606876373291,11.43000030517578
2023-12-12,367.05999755859375,36.06055450439453,88.58588409423828,138.67454528808594,28.242780685424805,131.35523986816406,90.05999755859375,331.310546875,30.743621826171875,46.29999923706055,76.2989273071289,14.276527404785156,154.09759521484375,31.15167808532715,11.229999542236328
2023-12-13,379.3500061035156,36.90565490722656,90.29788970947266,140.6707305908203,28.67952537536621,131.40480041503906,88.05999755859375,331.82598876953125,32.11662292480469,47.99800109863281,76.27166748046875,14.311326026916504,153.24276733398438,30.89278030395508,11.880000114440918
2023-12-14,383.9100036621094,37.72540664672851,91.37760925292967,139.18841552734375,29.184206008911133,130.7803192138672,93.06999969482422,330.2697448730469,33.153568267822266,46.983001708984375,78.5435562133789,14.485322952270508,150.66868591308594,31.627729415893555,12.489999771118164
2023-12-15,379.9299926757813,37.59019088745117,90.91069793701172,137.1922607421875,28.902751922607425,131.43453979492188,93.0,332.0045166015625,32.932735443115234,47.20600128173828,78.8797836303711,14.372225761413574,149.97715759277344,31.210145950317383,12.260000228881836
2023-12-18,383.8900146484375,37.77611541748047,90.32706451416016,136.46095275878906,28.77657699584961,134.6063995361328,93.2699966430664,341.6199951171875,32.66389846801758,48.61199951171875,78.44359588623047,14.320027351379396,150.08282470703125,31.4606876373291,11.970000267028809
2023-12-19,386.3599853515625,37.77611541748047,91.3678741455078,136.91555786132812,29.06774520874023,135.44895935058594,94.91000366210938,347.31005859375,33.29758834838867,49.50199890136719,78.770751953125,14.45052433013916,149.70823669433594,31.37717628479004,12.359999656677246
2023-12-20,381.2200012207031,37.35356140136719,88.78043365478516,134.97866821289062,28.57276725769043,137.12408447265625,90.63999938964844,346.2394714355469,32.81752395629883,48.926998138427734,77.90743255615234,14.267827987670898,148.4307861328125,31.15167808532715,11.65999984741211
2023-12-21,383.510009765625,37.20144271850586,89.50997924804688,136.25344848632812,29.0871524810791,139.18577575683594,91.4000015258789,351.0075378417969,33.73925018310547,49.1609992980957,79.19014739990234,14.346125602722168,148.80538940429688,31.260251998901367,11.489999771118164
2023-12-22,382.0899963378906,37.18454360961914,88.5372543334961,136.04591369628906,28.931867599487305,140.24642944335938,91.43000030517578,350.313720703125,33.79685592651367,48.67599868774414,78.86949157714844,14.398324966430664,149.55455017089844,31.31036376953125,11.270000457763672
2023-12-26,389.5,37.12538528442383,88.46916961669922,135.67039489746094,28.999805450439453,140.27613830566406,92.3499984741211,351.74114990234375,33.96968460083008,49.11899948120117,79.43753814697266,14.415724754333496,150.63031005859375,31.302005767822266,11.5
2023-12-27,391.5400085449219,37.17608642578125,87.91470336914062,135.0972442626953,28.82510757446289,139.13624572753906,92.9800033569336,354.71502685546875,34.382545471191406,49.17900085449219,79.382568359375,14.424426078796388,151.69639587402344,31.1600341796875,11.489999771118164
2023-12-28,392.3900146484375,37.28594970703125,87.93416595458984,135.14666748046875,28.863929748535156,138.99745178222656,94.0500030517578,355.2008361816406,35.265872955322266,49.05099868774414,79.46503448486328,14.56362247467041,152.66651916503906,31.31036376953125,11.6899995803833
2023-12-29,388.6799926757813,37.05777359008789,87.82716369628906,135.19606018066406,28.795991897583008,138.4622344970703,93.5999984741211,350.8787536621094,35.0450439453125,48.6879997253418,79.26346588134766,14.598424911499023,153.991943359375,31.485750198364254,11.380000114440918
2024-01-02,391.510009765625,37.15135192871094,88.23571014404297,134.17820739746094,29.349199295043945,136.95558166503906,91.80999755859376,343.2754821777344,34.9586296081543,46.849998474121094,79.94147491455078,15.007320404052734,155.50949096679688,32.47124481201172,11.65999984741211
2024-01-03,386.6700134277344,36.845096588134766,89.15007781982422,134.10906982421875,29.116270065307617,137.69900512695312,89.36000061035156,341.4713134765625,34.4305534362793,47.0260009765625,77.87078094482422,14.989920616149902,155.6727294921875,32.7050895690918,11.300000190734863
2024-01-04,375.75,36.2666015625,88.08980560302734,134.36598205566406,29.174501419067383,135.1912384033203,89.04000091552734,344.09820556640625,34.915428161621094,47.46699905395508,77.96240234375,14.92031955718994,155.884033203125,32.88047790527344,11.350000381469728
2024-01-05,372.2000122070313,36.61540222167969,88.42052459716797,134.01022338867188,29.25214576721191,134.53701782226562,89.20999908447266,348.88623046875,35.21786880493164,47.40599822998047,78.68623352050781,15.19871711730957,156.91175842285156,33.57366180419922,11.199999809265137
2024-01-08,378.8699951171875,37.202396392822266,89.05279541015625,134.85020446777344,29.650068283081055,137.6197052001953,90.22000122070312,355.537841796875,36.379634857177734,48.50299835205078,80.83023071289062,15.06821632385254,156.9501495361328,33.49014663696289,11.399999618530272
2024-01-09,368.6099853515625,36.819576263427734,87.22407531738281,136.09532165527344,29.36861038208008,139.7111358642578,91.4499969482422,354.3184814453125,37.48379135131836,48.20899963378906,80.98597717285156,14.986872673034668,156.74844360351562,33.154693603515625,11.029999732971191
2024-01-10,367.0,36.989715576171875,86.85443878173828,136.00640869140625,29.76653289794922,141.0294647216797,89.5,367.2449645996094,37.234153747558594,47.83300018310547,80.83939361572266,14.916139602661133,156.8348846435547,33.18866729736328,10.970000267028809
2024-01-11,367.6199951171875,36.811065673828125,87.01008605957031,136.11509704589844,29.989757537841797,140.83120727539062,91.27999877929688,366.4519958496094,36.13959503173828,49.222999572753906,81.68231964111328,14.350260734558104,155.7591552734375,32.186546325683594,10.539999961853027
2024-01-12,364.8999938964844,36.57285690307617,87.88552856445312,136.29296875,30.222686767578125,141.39620971679688,90.66000366210938,371.2300720214844,35.409889221191406,49.21599960327149,81.3249740600586,14.571308135986328,156.1145477294922,32.7470588684082,10.649999618530272
2024-01-16,368.3399963378906,36.657936096191406,90.51187896728516,135.5320587158203,29.844175338745117,141.23764038085938,90.5999984741211,364.26123046875,35.2082633972168,48.124000549316406,81.03178405761719,14.535940170288086,156.63320922851562,33.36700439453125,10.350000381469728
2024-01-17,359.239990234375,36.02838897705078,87.87579345703125,135.00830078125,29.737417221069336,140.2265625,90.30999755859376,365.1632690429687,34.40174865722656,48.03300094604492,80.30796813964844,14.509416580200195,157.7761993408203,33.01031494140625,10.15999984741211
2024-01-18,364.5499877929687,36.190032958984375,89.6948013305664,136.4016571044922,29.960643768310547,142.2189178466797,90.6500015258789,372.855712890625,34.92021942138672,48.53099822998047,80.57367706298828,14.500574111938477,158.37168884277344,33.06976318359375,10.279999732971191
2024-01-19,371.1000061035156,36.87912368774414,90.5216064453125,136.09532165527344,30.115928649902344,145.09341430664062,91.18000030517578,380.112060546875,34.622581481933594,48.29499816894531,80.5186996459961,14.739303588867188,158.6309814453125,33.400978088378906,10.350000381469728
2024-01-22,373.1499938964844,37.10882186889648,92.48651885986328,135.9470977783203,30.348857879638672,144.7068634033203,89.02999877929688,378.4565734863281,34.77620315551758,48.57099914550781,81.34331512451172,14.854244232177734,157.88182067871094,33.61328887939453,10.470000267028809
2024-01-23,378.6400146484375,37.38956069946289,91.21224212646484,137.52822875976562,30.59149169921875,145.74761962890625,90.0199966430664,381.84674072265625,35.09304428100586,49.21900177001953,81.99383544921875,15.199077606201172,157.26712036132812,35.863800048828125,10.539999961853027
2024-01-24,371.3900146484375,37.26194763183594,90.9496078491211,136.23367309570312,30.48473358154297,147.3930206298828,89.3499984741211,387.2989196777344,35.467498779296875,54.48699951171875,81.68231964111328,14.74814224243164,155.5959014892578,35.05701446533203,10.40999984741211
2024-01-25,369.0700073242187,38.51252365112305,92.27251434326172,137.3009490966797,31.18352508544922,150.53517150878906,89.77999877929688,389.75732421875,36.53325271606445,56.20000076293945,83.35902404785156,15.190237045288086,156.13377380371094,35.91475296020508,10.579999923706056
2024-01-26,377.0700073242187,39.354740142822266,92.75886535644533,137.7752685546875,31.270875930786133,150.85235595703125,89.29000091552734,390.7090148925781,36.44684219360352,57.04199981689453,83.27656555175781,15.287494659423828,155.7495880126953,36.008174896240234,10.619999885559082
2024-01-29,380.8299865722656,39.22713088989258,94.83077239990234,136.94520568847656,31.397043228149418,152.16073608398438,89.11000061035156,397.5290832519531,36.85009765625,57.57899856567383,83.68887329101562,15.252129554748535,156.642822265625,35.7109375,10.489999771118164
2024-01-30,376.9800109863281,39.6865234375,94.29578399658205,135.9273223876953,31.34851837158203,150.12876892089844,88.83000183105469,396.577392578125,36.22601318359375,56.28499984741211,83.72552490234375,15.499698638916016,155.30776977539062,36.067623138427734,10.100000381469728
2024-01-31,370.7099914550781,39.59295272827149,93.4300537109375,135.9569854736328,31.34851837158203,138.86863708496094,88.8499984741211,386.7437438964844,36.85009765625,56.4109992980957,82.80929565429688,15.641169548034668,154.8563690185547,35.9657096862793,10.020000457763672
2024-02-01,382.3399963378906,39.75458908081055,94.4124984741211,136.29296875,31.455276489257812,139.9193115234375,89.38999938964844,391.3433837890625,36.72528076171875,56.750999450683594,82.28704071044922,15.95063018798828,156.07615661621094,36.08460235595703,10.460000038146973
2024-02-02,319.2099914550781,38.35939025878906,94.4805908203125,135.028076171875,30.863245010375977,141.1285858154297,88.19999694824219,470.8551940917969,35.928367614746094,56.4640007019043,82.4244613647461,15.764949798583984,155.3845977783203,35.77886962890625,10.25
2024-02-05,303.6499938964844,38.17222595214844,94.01368713378906,133.34814453125,30.48473358154297,142.4171600341797,87.41000366210938,455.4107666015625,34.0464973449707,56.20600128173828,81.36162567138672,15.676535606384276,155.6055145263672,35.14193344116211,10.06999969482422
2024-02-06,290.2799987792969,37.789405822753906,96.58168029785156,133.6643524169922,30.688549041748047,142.83346557617188,88.83999633789062,450.7616271972656,34.60337829589844,55.5880012512207,81.54487609863281,15.570432662963867,154.6354217529297,34.904144287109375,10.06999969482422
2024-02-07,283.6700134277344,36.46226501464844,96.4357681274414,135.13677978515625,28.60188102722168,144.26080322265625,87.66000366210938,465.5021362304687,33.4320068359375,55.93000030517578,79.0893783569336,15.322864532470703,155.3845977783203,34.326656341552734,9.75
2024-02-08,282.6000061035156,35.09259033203125,107.5248031616211,137.2119903564453,27.932209014892575,144.62754821777344,88.0,465.9085388183594,33.63363265991211,55.85300064086914,79.37339782714844,14.871928215026855,154.56820678710938,33.89353942871094,9.829999923706056
2024-02-09,291.1499938964844,35.79018783569336,105.43345642089844,138.95123291015625,28.89304542541504,147.6903839111328,89.52999877929688,464.0350036621094,34.00809097290039,56.13199996948242,77.50428771972656,14.889612197875977,155.77841186523438,33.732177734375,9.640000343322754
2024-02-12,297.9100036621094,36.24958419799805,106.30891418457033,135.9273223876953,29.543310165405273,146.2333221435547,89.5,464.8181457519531,35.51551055908203,55.78499984741211,79.20848083496094,15.048766136169434,155.36538696289062,34.05489730834961,9.960000038146973
2024-02-13,292.6499938964844,35.60302734375,107.44699096679688,137.36021423339844,28.815404891967773,143.86431884765625,87.75,456.1145935058594,34.20012283325195,55.45199966430664,78.00821685791016,14.942663192749023,155.09645080566406,34.080379486083984,9.539999961853027
2024-02-14,287.2799987792969,35.74765396118164,108.5169906616211,141.39208984375,29.358905792236328,144.65728759765625,89.4000015258789,469.1600341796875,34.90102005004883,57.93299865722656,78.60377502441406,14.951505661010742,155.03883361816406,34.09735870361328,9.729999542236328
2024-02-15,294.1400146484375,35.56049728393555,109.38269805908205,142.35064697265625,29.659772872924805,141.51516723632812,93.83000183105467,479.8164978027344,36.14919662475586,59.34600067138672,79.7398910522461,15.110661506652832,155.18292236328125,34.47102737426758,10.140000343322754
2024-02-16,293.0,35.08408737182617,108.55590057373048,140.60153198242188,29.543310165405273,139.28492736816406,93.25,469.19970703125,36.091590881347656,58.39500045776367,80.17970275878906,15.004557609558104,154.06875610351562,34.3861083984375,9.829999923706056
2024-02-20,295.1300048828125,35.44138717651367,106.4548110961914,139.37615966796875,29.2036190032959,139.87965393066406,92.0500030517578,467.6434020996094,34.70899200439453,57.51300048828125,80.95848846435547,14.951505661010742,155.64393615722656,34.394596099853516,9.890000343322754
2024-02-21,287.29998779296875,35.60302734375,104.73308563232422,139.504638671875,29.06774520874023,141.2970733642578,91.1999969482422,464.447998046875,34.766597747802734,57.334999084472656,81.19672393798828,15.031085014343262,157.5648651123047,34.904144287109375,9.56999969482422
2024-02-22,297.0,35.65406799316406,104.70391082763672,141.826904296875,28.970687866210938,142.82354736328125,93.48999786376952,482.4094543457031,34.6801872253418,58.84700012207031,80.91268920898438,14.66856861114502,157.0846405029297,34.58992385864258,9.5600004196167
2024-02-23,299.4200134277344,35.64556121826172,104.80118560791016,140.9078826904297,29.339494705200195,142.69468688964844,95.31999969482422,480.3255615234375,35.390689849853516,58.35599899291992,81.17839050292969,14.854244232177734,157.8433837890625,34.53047561645508,8.609999656677246
2024-02-26,292.6400146484375,35.892269134521484,104.7428207397461,140.8979949951172,28.75716781616211,136.36087036132812,92.16999816894533,478.0530090332031,35.16025924682617,58.76499938964844,81.6273422241211,14.677410125732422,157.43040466308594,33.706703186035156,8.550000190734863
2024-02-27,290.0,35.96033477783203,106.43535614013672,138.0382843017578,28.698936462402344,137.65933227539062,93.54000091552734,483.3224487304687,35.83235549926758,60.16699981689453,81.69149017333984,14.88077163696289,158.11231994628906,33.910526275634766,8.699999809265137
2024-02-28,288.3399963378906,35.858253479003906,107.7777099609375,138.61219787597656,28.57276725769043,135.18133544921875,94.27999877929688,480.3156127929687,34.47855758666992,59.64799880981445,80.72027587890625,14.99571418762207,157.3247528076172,34.05489730834961,8.710000038146973
2024-02-29,293.92999267578125,36.453758239746094,108.53643798828124,138.01849365234375,28.912456512451172,137.2430419921875,96.9800033569336,486.37890625,34.60337829589844,60.29199981689453,80.98597717285156,14.96919059753418,157.46937561035156,33.98695755004883,8.789999961853027
2024-03-01,293.1600036621094,36.41122055053711,108.89635467529295,139.31475830078125,28.553356170654297,135.93463134765625,97.1500015258789,498.4557495117187,34.47855758666992,61.93399810791016,81.03178405761719,15.01339626312256,157.53688049316406,34.13982391357422,8.670000076293945
2024-03-04,279.05999755859375,35.60302734375,110.58888244628906,137.35549926757812,28.184551239013672,132.17796325683594,98.6999969482422,494.377197265625,33.66244125366211,61.58300018310547,81.72811889648438,14.854244232177734,157.5079803466797,34.233238220214844,8.109999656677246
2024-03-05,280.8500061035156,35.781681060791016,109.791259765625,134.85205078125,28.22372055053711,131.5039520263672,98.1999969482422,486.4681701660156,33.201576232910156,59.849998474121094,81.599853515625,15.181394577026367,159.97654724121094,34.267208099365234,8.140000343322754
2024-03-06,276.3299865722656,35.858253479003906,107.05789947509766,134.09999084472656,27.83199691772461,130.24505615234375,99.19000244140624,492.2932434082031,32.49107360839844,59.76900100708008,83.01085662841797,15.190237045288086,161.44229125976562,33.910526275634766,8.40999984741211
2024-03-07,282.0,35.50944900512695,107.17462921142578,133.98123168945312,28.067033767700195,133.19891357421875,100.51000213623048,508.2700500488281,32.750308990478516,60.85100173950195,84.97160339355469,15.07529067993164,158.52049255371094,33.57081985473633,8.739999771118164
2024-03-08,283.7799987792969,36.22406005859375,107.3108139038086,133.73385620117188,28.262893676757812,134.21983337402344,99.73999786376952,502.0778198242187,32.548683166503906,60.48199844360352,84.64846801757812,15.20791721343994,158.13475036621094,33.553836822509766,8.729999542236328
2024-03-11,298.25,37.04076385498047,109.24652099609376,135.29730224609375,29.31075668334961,136.45999145507812,100.05999755859376,479.888916015625,32.740699768066406,60.09299850463867,87.15958404541016,15.322864532470703,158.87725830078125,34.080379486083984,9.06999969482422
2024-03-12,294.70001220703125,36.74301528930664,109.3924331665039,134.5947723388672,28.85047912597656,137.28268432617188,101.9000015258789,495.92523193359375,32.20303726196289,61.108001708984375,87.56580352783203,15.20791721343994,157.8358154296875,34.080379486083984,8.859999656677246
2024-03-13,298.3999938964844,36.819576263427734,109.43135833740234,135.52490234375,29.16386032104492,138.5613250732422,104.27999877929688,491.7773132324219,31.962995529174805,60.94499969482422,88.32283020019531,15.199077606201172,158.23118591308594,34.19077682495117,8.850000381469727
2024-03-14,297.0,36.42823791503906,109.00334167480467,133.6151123046875,28.713375091552734,141.84226989746094,103.41000366210938,488.06585693359375,31.99180603027344,61.30099868774414,85.51628112792969,15.039923667907717,157.04510498046875,33.774654388427734,8.529999732971191
2024-03-15,290.6499938964844,36.385704040527344,108.89635467529295,132.86306762695312,28.938617706298828,139.93910217285156,103.7699966430664,480.39501953125,32.21263122558594,60.5880012512207,85.17469024658203,15.07529067993164,156.03257751464844,33.53685760498047,8.539999961853027
2024-03-18,296.17999267578125,36.68345642089844,110.7445297241211,131.0918426513672,29.095308303833008,146.38198852539062,104.37999725341795,493.1764831542969,33.729652404785156,61.8390007019043,85.6270751953125,15.296337127685549,155.39614868164062,33.910526275634766,8.479999542236328
2024-03-19,298.5799865722656,36.57285690307617,111.3865203857422,131.56683349609375,29.1932373046875,145.7377166748047,104.0199966430664,492.442138671875,34.286529541015625,62.07400131225586,86.18099212646484,15.181394577026367,155.00079345703125,33.94449996948242,8.5
2024-03-20,295.29998779296875,36.66643905639648,113.2833251953125,130.93353271484375,29.594757080078125,147.43267822265625,104.41999816894533,501.651123046875,34.57456970214844,62.76900100708008,87.02111053466797,15.21675968170166,155.4058074951172,34.071876525878906,8.739999771118164
2024-03-21,294.6099853515625,36.48778533935547,113.51678466796876,131.0918426513672,29.878755569458008,146.3026885986328,106.66000366210938,503.87396240234375,34.267330169677734,62.270999908447266,87.06726837158203,15.172552108764648,155.18402099609375,34.428565979003906,8.720000267028809
2024-03-22,290.6000061035156,36.36017990112305,112.7094268798828,130.3199920654297,29.418481826782227,149.44485473632812,105.98999786376952,505.679931640625,34.3249397277832,62.80099868774414,86.75337982177734,15.01339626312256,154.87545776367188,34.2841911315918,8.4399995803833
2024-03-25,290.6000061035156,36.275108337402344,116.10424041748048,129.15237426757812,29.594757080078125,148.75100708007812,106.0999984741211,499.1701965332031,33.9312858581543,62.74599838256836,86.199462890625,15.137184143066406,155.3672332763672,34.70882034301758,8.460000038146973
2024-03-26,287.8900146484375,36.13898849487305,116.65867614746094,129.52838134765625,29.94730758666992,149.34571838378906,104.37999725341795,492.09478759765625,34.24812698364258,62.92399978637695,85.6547622680664,15.190237045288086,155.3479461669922,34.69183349609375,8.380000114440918
2024-03-27,293.510009765625,36.64091873168945,117.68003845214844,130.4882354736328,30.525100708007812,149.54397583007812,106.80999755859376,490.0802917480469,34.44975280761719,61.35300064086914,87.85199737548828,15.517382621765137,156.2254638671875,35.27781677246094,8.640000343322754
2024-03-28,290.6300048828125,36.87912368774414,119.02239990234376,131.27984619140625,30.623031616210938,149.60342407226562,105.7699966430664,481.86370849609375,34.83381271362305,60.733001708984375,89.32911682128906,15.561590194702148,157.39222717285156,35.634498596191406,8.729999542236328
2024-04-01,284.1499938964844,35.968841552734375,118.21503448486328,131.94281005859375,30.701377868652344,154.1233673095703,104.22000122070312,487.5895080566406,34.47855758666992,61.430999755859375,89.1629409790039,15.473174095153809,156.8618927001953,35.90625762939453,8.789999961853027
2024-04-02,278.0199890136719,35.83171463012695,119.4698486328125,130.7652587890625,30.387998580932617,153.20152282714844,104.87999725341795,493.56341552734375,33.816062927246094,61.42100143432617,87.99047088623047,15.49085521697998,156.29295349121094,36.1270637512207,8.479999542236328
2024-04-03,275.69000244140625,35.59175491333008,115.7345962524414,131.13140869140625,30.76013565063477,153.55836486816406,104.1999969482422,502.8617858886719,34.344139099121094,63.007999420166016,87.52886962890625,15.570432662963867,157.43080139160156,36.3818359375,8.729999542236328
2024-04-04,271.2300109863281,35.2318115234375,113.8961410522461,128.20242309570312,30.49571990966797,149.20693969726562,102.41000366210938,507.0097961425781,32.37586212158203,61.7140007019043,85.98712158203125,15.53506565093994,155.83973693847656,36.050636291503906,8.4399995803833
2024-04-05,267.489990234375,35.05183792114258,115.15095520019533,128.9247589111328,30.378204345703125,151.1596221923828,103.5199966430664,523.3041381835938,32.36625671386719,63.61800003051758,85.5070571899414,15.402441024780272,155.3575897216797,35.77037811279297,8.319999694824219
2024-04-08,273.04998779296875,34.88900375366211,114.1490478515625,128.63783264160156,30.564271926879883,153.48899841308594,102.8000030517578,515.2760009765625,32.69269943237305,62.84099960327149,85.93173217773438,15.252129554748535,155.15504455566406,35.439170837402344,8.520000457763672
2024-04-09,271.4599914550781,34.409080505371094,114.7521514892578,129.3206024169922,30.701377868652344,155.2235870361328,102.7300033569336,512.944091796875,33.710445404052734,61.81999969482422,86.72567749023438,15.187423706054688,155.2515106201172,35.244998931884766,8.6899995803833
2024-04-10,262.8500061035156,34.04056167602539,113.99342346191406,127.9451904296875,30.23130798339844,154.7676544189453,101.41999816894533,515.8515625,32.135826110839844,61.858001708984375,84.71310424804688,15.034649848937988,154.65367126464844,34.96883773803711,8.319999694824219
2024-04-11,266.5299987792969,34.4005126953125,113.95452117919922,127.82640075683594,30.1039981842041,158.00889587402344,102.73999786376952,519.156005859375,32.4622688293457,62.87799835205078,85.47012329101562,14.756065368652344,154.95260620117188,34.65815734863281,8.539999961853027
2024-04-12,260.5,33.740604400634766,110.90015411376952,126.54993438720705,29.467445373535156,156.34365844726562,101.04000091552734,507.9822387695313,31.3773136138916,62.28300094604492,83.6329574584961,14.65721321105957,154.33543395996094,34.27843475341797,8.34000015258789
2024-04-15,256.8999938964844,33.792030334472656,109.86906433105467,125.7187271118164,29.72206687927246,153.49888610839844,99.7699966430664,496.4015808105469,30.686012268066406,60.71500015258789,83.59603118896484,14.594305992126465,154.11366271972656,34.615013122558594,8.359999656677246
2024-04-16,257.57000732421875,33.5263557434082,110.7737045288086,125.22398376464844,29.771032333374023,153.0429229736328,92.20999908447266,495.9351806640625,30.465181350708008,61.75199890136719,83.97454071044922,14.459506034851074,154.084716796875,34.32159423828125,8.140000343322754
2024-04-17,258.0299987792969,33.41494369506836,109.8593521118164,124.98648071289062,29.829790115356445,154.10353088378906,91.81999969482422,490.387939453125,30.993257522583008,61.36899948120117,85.35011291503906,14.48646640777588,154.3740234375,34.3302116394043,8.229999542236328
2024-04-18,259.9100036621094,33.954864501953125,109.36325073242188,124.31360626220705,30.133377075195312,154.63876342773438,89.63999938964844,497.95953369140625,30.935651779174805,61.055999755859375,84.47307586669922,14.67518424987793,155.10687255859375,34.63227081298828,8.3100004196167
2024-04-19,265.2099914550781,34.486209869384766,109.5383529663086,125.93641662597656,30.74054718017578,152.73565673828125,89.95999908447266,477.3882141113281,30.897245407104492,55.50400161743164,85.5070571899414,14.83694553375244,156.5340118408203,34.94295120239258,8.399999618530273
2024-04-22,265.0799865722656,34.76902389526367,108.9352569580078,125.78800964355467,30.750343322753903,154.90638732910156,88.44999694824219,478.0431823730469,30.686012268066406,55.459999084472656,86.56873321533203,14.65721321105957,156.56297302246094,33.31187057495117,8.470000267028809
2024-04-23,266.30999755859375,34.589054107666016,110.60833740234376,125.80778503417967,31.053926467895508,156.8690185546875,90.08999633789062,492.30316162109375,30.426776885986328,57.775001525878906,86.98417663574219,14.827959060668944,157.42117309570312,34.261173248291016,8.4399995803833
2024-04-24,264.70001220703125,34.46049880981445,110.81260681152344,126.79730987548828,31.053926467895508,157.73138427734375,89.6500015258789,489.7231140136719,30.666810989379883,55.512001037597656,88.60901641845703,15.10654354095459,158.31796264648438,34.07994842529297,8.380000114440918
2024-04-25,259.1000061035156,32.45508575439453,109.69397735595705,125.97599029541016,31.024547576904297,154.6288604736328,88.48999786376953,438.0019836425781,30.426776885986328,56.47999954223633,89.282958984375,14.89985179901123,158.19261169433594,33.8469352722168,8.289999961853027
2024-04-26,254.61000061035156,33.05500030517578,109.65508270263672,126.55982208251952,30.564271926879883,170.4386749267578,89.83000183105469,439.8973388671875,30.618803024291992,56.12300109863281,88.52592468261719,15.052623748779297,158.10585021972656,34.24391555786133,8.109999656677246
2024-04-29,259.760009765625,33.29495620727539,109.0228042602539,126.55982208251952,30.916824340820312,164.68966674804688,90.54000091552734,429.30902099609375,30.27315330505371,55.94900131225586,88.52592468261719,15.29526424407959,158.38548278808594,34.59774398803711,8.149999618530273
2024-04-30,255.94000244140625,32.660770416259766,108.0695343017578,125.49113464355467,30.368412017822266,161.34930419921875,88.91000366210938,426.8777465820313,29.591455459594727,55.06399917602539,85.71016693115234,15.17843532562256,158.3083038330078,34.07994842529297,7.360000133514404
2024-05-01,259.70001220703125,32.73789978027344,107.4664535522461,126.83687591552734,30.681791305541992,162.41978454589844,89.27999877929688,435.8287048339844,29.937105178833008,55.17100143432617,86.45793914794922,15.205398559570312,159.56190490722656,33.82967758178711,7.619999885559082
2024-05-02,262.0,32.87501907348633,109.5480728149414,127.1535415649414,31.004961013793945,165.155517578125,88.2699966430664,438.2996520996094,30.042722702026367,56.51499938964844,85.51628112792969,15.11552906036377,159.0219268798828,33.59667205810547,7.949999809265137
2024-05-03,265.92999267578125,33.157840728759766,110.55970764160156,128.20242309570312,31.44565200805664,165.77008056640625,94.66000366210938,448.5009765625,30.65721321105957,57.93399810791016,85.6270751953125,15.14249324798584,158.72299194335938,33.5621452331543,7.96999979019165
2024-05-06,271.4700012207031,32.98643493652344,113.29306030273438,129.19195556640625,31.886341094970703,166.6225128173828,95.87999725341795,462.1159973144531,30.95485496520996,59.696998596191406,86.03327941894531,15.268301010131836,156.57257080078125,33.94186782836914,7.960000038146973
2024-05-07,268.0,32.98643493652344,102.51528930664062,128.8753204345703,31.65130615234375,169.74484252929688,96.33999633789062,464.6563720703125,30.25395393371582,60.599998474121094,87.42731475830078,15.349183082580566,156.3990478515625,33.92460632324219,7.769999980926514
2024-05-08,272.7799987792969,33.46636962890625,102.5639190673828,123.92769622802734,32.47392654418945,167.8912811279297,95.79000091552734,468.9830627441406,28.631319046020508,60.946998596191406,87.76890563964844,15.376144409179688,157.01617431640625,34.071319580078125,7.800000190734863
2024-05-09,263.92999267578125,33.029293060302734,102.9141082763672,125.78800964355467,32.630615234375,168.4661865234375,97.02999877929688,471.7814331054687,29.361021041870117,61.20899963378906,88.3412857055664,15.43904972076416,158.80010986328125,34.33885192871094,8.039999961853027
2024-05-10,275.54998779296875,33.68918991088867,102.90437316894533,125.80778503417967,32.718753814697266,167.16766357421875,97.0199966430664,472.5555114746094,29.466638565063477,61.08700180053711,88.4613037109375,15.430062294006348,158.33724975585938,34.86528015136719,8.149999618530273
2024-05-13,274.6499938964844,34.02341842651367,102.94328308105467,125.25365447998048,32.4935188293457,167.6533660888672,95.58999633789062,464.42816162109375,29.725875854492188,61.65900039672851,88.90445709228516,15.510942459106444,157.5176239013672,34.9860954284668,8.380000114440918
2024-05-14,278.1300048828125,34.02341842651367,102.47637939453124,125.26355743408205,32.620826721191406,168.84283447265625,95.83000183105467,468.2388000488281,30.666810989379883,61.36600112915039,89.1629409790039,15.54689121246338,156.6111602783203,34.94295120239258,8.5600004196167
2024-05-15,271.7699890136719,33.63776779174805,99.96674346923828,126.28276824951172,32.2780647277832,170.99374389648438,96.4800033569336,477.8546447753906,30.10993003845215,61.35200119018555,90.16000366210938,15.573850631713867,156.8715057373047,34.94295120239258,8.199999809265137
2024-05-16,277.5400085449219,33.740604400634766,100.5503921508789,127.8066177368164,32.00386047363281,172.64906311035156,96.37999725341795,469.6082763671875,30.10993003845215,61.051998138427734,89.2275619506836,15.54689121246338,157.7393798828125,34.73582458496094,8.229999542236328
2024-05-17,273.0199890136719,33.6549072265625,100.43365478515624,126.41139221191406,32.17034149169922,174.5125274658203,96.58999633789062,468.29827880859375,29.96590805053711,62.11000061035156,88.74749755859375,15.636754989624023,158.14439392089844,34.57185363769531,8.050000190734863
2024-05-20,274.8399963378906,33.60348892211914,100.09319305419922,126.95563507080078,32.30744934082031,175.36500549316406,99.43000030517578,465.2518005371094,29.168994903564453,64.08200073242188,88.82135772705078,15.74459457397461,158.04794311523438,34.623634338378906,8.09000015258789
2024-05-21,275.1099853515625,33.60348892211914,100.2002182006836,127.49988555908205,32.18992614746094,176.28683471679688,101.9800033569336,461.0740051269531,28.83294677734375,65.06099700927734,87.67658233642578,15.51992893218994,158.49154663085938,34.192138671875,7.889999866485596
2024-05-22,271.0899963378906,33.329246520996094,100.20993041992188,133.72396850585938,32.327030181884766,174.82977294921875,101.4000015258789,464.199951171875,28.429689407348633,64.0469970703125,87.9443130493164,15.726621627807615,159.59083557128906,34.33885192871094,8.0600004196167
2024-05-23,268.4100036621094,33.14927291870117,97.914306640625,132.99171447753906,32.28786087036133,172.0246124267578,93.4800033569336,462.2152404785156,28.30487060546875,63.56700134277344,86.98417663574219,15.699662208557127,159.0797576904297,34.02816390991211,7.699999809265137
2024-05-24,271.4599914550781,33.029293060302734,98.98430633544922,133.6448211669922,32.91461944580078,173.45196533203125,95.98999786376952,474.5600280761719,28.22805976867676,64.67500305175781,87.80583953857422,15.726621627807615,160.07298278808594,34.29569625854492,7.730000019073486
2024-05-28,271.4200134277344,33.029293060302734,99.645751953125,130.66636657714844,32.8068962097168,174.84957885742188,94.88999938964844,476.2469787597656,28.1800537109375,64.9000015258789,86.05174255371094,15.51992893218994,161.33621215820312,33.96775817871094,7.869999885559082
2024-05-29,271.3500061035156,32.515079498291016,98.12831115722656,130.77536010742188,33.11048126220703,174.3539581298828,94.0,470.7295227050781,28.36248207092285,65.46199798583984,84.12226104736328,15.385129928588867,162.8501434326172,33.743370056152344,7.659999847412109
2024-05-30,276.1099853515625,33.31209945678711,98.9259262084961,130.0420379638672,33.56096267700195,170.59725952148438,93.31999969482422,463.4754943847656,28.765735626220703,64.76599884033203,83.75296783447266,15.834463119506836,164.60519409179688,34.804874420166016,8.079999923706055
2024-05-31,287.1199951171875,34.306236267089844,101.07564544677734,131.67710876464844,33.7176513671875,170.98385620117188,93.73999786376952,463.2572021484375,29.409029006958008,64.16200256347656,85.8209457397461,16.373661041259766,169.35797119140625,35.51253128051758,8.239999771118164
2024-06-03,286.2200012207031,33.92058563232422,99.96674346923828,131.78611755371094,34.08979034423828,171.64797973632812,94.3499984741211,473.8356018066406,29.783483505249023,63.37900161743164,83.42062377929688,16.184946060180664,167.5381622314453,35.365814208984375,8.329999923706055
2024-06-04,280.6000061035156,33.903438568115234,100.511474609375,135.2643280029297,33.805789947509766,172.26248168945312,93.5199966430664,473.3393859863281,29.84109115600586,63.1619987487793,84.21458435058594,16.49048614501953,172.21351623535156,35.86635971069336,8.239999771118164
2024-06-05,278.1000061035156,33.54349899291992,98.73139190673828,136.7111358642578,33.913516998291016,173.86825561523438,93.5999984741211,491.2711181640625,30.186742782592773,65.0270004272461,84.29765319824219,16.445552825927734,174.49795532226562,35.68512725830078,8.300000190734863
2024-06-06,279.3599853515625,33.483497619628906,98.44930267333984,136.15618896484375,33.639305114746094,175.17665100097656,92.25,489.9810791015625,31.396514892578125,64.85199737548828,83.97454071044922,16.42757797241211,174.01394653320312,35.66786575317383,8.34000015258789
2024-06-07,276.8299865722656,33.38923263549805,98.77030181884766,135.58145141601562,33.40427017211914,172.92662048339844,90.52999877929688,489.1871948242187,30.743621826171875,64.14700317382812,84.09455108642578,16.26582145690918,174.06234741210938,35.331298828125,8.270000457763672
2024-06-10,276.07000732421875,33.24353790283203,99.93756103515624,134.9769744873047,32.99296188354492,173.67088317871094,89.75,498.75347900390625,30.580398559570312,64.44999694824219,83.69449615478516,16.050142288208008,174.9044952392578,34.873905181884766,8.119999885559082
2024-06-11,276.8299865722656,32.84074783325195,98.11857604980467,135.45260620117188,32.650203704833984,175.26856994628906,89.77999877929688,503.5861206054687,30.445980072021484,64.8550033569336,83.40609741210938,16.050142288208008,172.6878204345703,34.88253402709961,8.039999961853027
2024-06-12,275.05999755859375,32.420806884765625,98.05049896240234,134.4022216796875,32.728546142578125,176.42959594726562,89.87999725341797,504.9456787109375,29.812286376953125,65.00599670410156,82.95951843261719,15.825475692749023,168.2254180908203,34.32159423828125,7.809999942779541
2024-06-13,274.1700134277344,32.20655822753906,97.3598403930664,134.64002990722656,32.64041519165039,173.81973266601562,89.05999755859375,500.2419738769531,30.34516334533691,65.32599639892578,83.1642074584961,15.879396438598633,169.50315856933594,34.3302116394043,7.289999961853027
2024-06-14,276.260009765625,32.08657455444336,97.24313354492188,134.74903869628906,32.4935188293457,175.43727111816406,88.75,500.7982177734375,30.292356491088867,66.93800354003906,82.25245666503906,15.85243320465088,170.35498046875,34.23527908325195,7.239999771118164
2024-06-17,285.95001220703125,31.97515869140625,98.75083923339844,136.28501892089844,32.74813461303711,175.88380432128906,90.43000030517578,503.2517395019531,29.32261657714844,67.58300018310547,83.80614471435547,15.879396438598633,171.7004852294922,34.054054260253906,7.159999847412109
2024-06-18,277.6199951171875,31.6237850189209,98.73139190673828,136.87957763671875,32.86565399169922,173.75027465820312,91.94000244140624,496.1593627929687,29.25540542602539,68.56700134277344,84.8109359741211,16.220888137817383,171.9231414794922,34.58911895751953,6.989999771118164
2024-06-20,284.0,32.437950134277344,99.06211853027344,136.6021270751953,33.639305114746094,174.9510040283203,92.27999877929688,498.3546752929687,29.082584381103516,67.90299987792969,83.49913024902344,16.27480697631836,170.7905731201172,34.727203369140625,7.039999961853027
2024-06-21,290.3500061035156,32.977867126464844,99.48039245605467,137.80116271972656,33.747032165527344,178.25552368164062,92.95999908447266,491.4807434082031,29.773881912231445,68.61199951171875,84.16899108886719,16.535417556762695,171.0712890625,34.727203369140625,7.179999828338623
2024-06-24,285.8500061035156,32.977867126464844,99.19830322265624,139.95152282714844,33.747032165527344,177.8486785888672,89.37999725341797,495.5832214355469,29.57225227355957,66.9020004272461,84.41088104248047,16.76008415222168,172.25221252441406,35.52978515625,7.309999942779541
2024-06-25,290.79998779296875,32.9093017578125,99.41230010986328,139.35693359375,33.90372085571289,182.6218719482422,89.83999633789062,507.1953125,29.034574508666992,67.24099731445312,83.545654296875,16.796031951904297,171.94247436523438,35.45212173461914,7.239999771118164
2024-06-26,291.5899963378906,32.75504684448242,99.39285278320312,139.29751586914062,33.70785903930664,182.47300720214844,90.31999969482422,509.698486328125,29.111387252807617,67.76899719238281,82.51295471191406,16.858938217163086,170.66473388671875,35.40034103393555,7.25
2024-06-27,294.1099853515625,32.806461334228516,99.38311767578124,138.25698852539062,33.37489700317383,183.9913330078125,90.80999755859376,516.0955200195312,29.2362060546875,68.43399810791016,82.79206848144531,16.849950790405273,171.73919677734375,35.22772979736328,7.349999904632568
2024-06-28,298.9599914550781,33.56063461303711,96.58168029785156,138.06871032714844,33.65889358520508,180.75624084472656,93.73999786376952,500.85784912109375,29.168994903564453,67.48799896240234,83.45262145996094,17.173471450805664,170.53887939453125,35.5901985168457,7.440000057220459
2024-07-01,296.0199890136719,32.712196350097656,95.36577606201172,136.07691955566406,33.414066314697266,181.58982849121097,94.7699966430664,501.3147583007813,28.17045211791992,67.36100006103516,81.58259582519531,17.0566463470459,173.34605407714844,36.02170181274414,7.099999904632568
2024-07-02,303.5,32.70362854003906,95.317138671875,137.62278747558594,33.76661682128906,183.82260131835935,96.6999969482422,506.10260009765625,28.27606773376465,67.95800018310547,82.87579345703125,16.912857055664062,174.21722412109375,35.4693717956543,7.199999809265137
2024-07-03,301.25,32.87643051147461,95.92021942138672,137.41470336914062,34.06040954589844,184.39816284179688,94.79000091552734,506.5595397949219,28.343278884887695,68.2509994506836,83.0153579711914,16.787044525146484,172.7459259033203,35.486637115478516,7.230000019073486
2024-07-05,301.7900085449219,32.71226501464844,95.317138671875,137.00839233398438,33.825374603271484,189.1416015625,95.33999633789062,536.3098754882812,28.24726295471191,69.06500244140625,82.70833587646484,16.86792755126953,173.5009307861328,35.616085052490234,7.210000038146973
2024-07-08,290.55999755859375,32.254329681396484,95.15101623535156,138.3858184814453,33.805789947509766,187.58360290527344,94.47000122070312,525.7904663085938,28.996170043945312,68.5739974975586,83.36888885498047,16.903871536254883,173.4331512451172,35.84046936035156,7.110000133514404
2024-07-09,293.9100036621094,32.409854888916016,94.83830261230467,139.30740356445312,34.4619255065918,187.53399658203125,95.12000274658205,526.4658203125,29.70667266845703,68.5739974975586,84.2061996459961,16.894886016845703,173.3170166015625,35.64197540283203,7.340000152587891
2024-07-10,293.95001220703125,32.340728759765625,94.76011657714844,142.78562927246094,34.589237213134766,189.71714782714844,94.43000030517578,531.1246948242188,29.62026023864746,67.76499938964844,84.8109359741211,17.093734741210938,174.7399444580078,36.03230667114258,7.320000171661377
2024-07-11,304.1400146484375,32.617225646972656,94.39854431152344,143.98468017578125,34.902618408203125,184.1501007080078,95.87999725341795,509.28131103515625,30.292356491088867,65.2750015258789,85.84361267089844,17.20319366455078,173.08468627929688,36.22526550292969,7.380000114440918
2024-07-12,311.0400085449219,33.083797454833984,94.91647338867188,144.36122131347656,34.990753173828125,183.6539001464844,97.94000244140624,495.5434875488281,30.993257522583008,64.76000213623047,86.80188751220703,17.157583236694336,173.7913055419922,36.33929443359375,7.400000095367432
2024-07-15,324.5899963378906,33.645416259765625,94.6623992919922,143.6873779296875,35.24538040161133,185.1027374267578,98.37999725341795,492.8515625,30.743621826171875,65.6449966430664,87.22054290771484,16.947792053222656,175.93057250976562,35.77793884277344,7.420000076293945
2024-07-16,327.4200134277344,34.22431564331055,96.22593688964844,145.34230041503906,35.97006607055664,182.51268005371097,97.16999816894533,486.5240173339844,33.038352966308594,65.63200378417969,88.7091064453125,17.194072723388672,177.12115478515625,36.356834411621094,7.980000019073486
2024-07-17,330.29998779296875,35.071067810058594,95.09237670898438,145.6692657470703,36.6751708984375,179.63490295410156,96.72000122070312,458.9093933105469,34.13290786743164,64.74600219726562,85.1458511352539,17.47684097290039,177.6825714111328,36.865570068359375,8.319999694824219
2024-07-18,321.6300048828125,34.68225860595703,94.58422088623048,145.1936492919922,36.3324089050293,176.33038330078125,94.7300033569336,472.6769714355469,33.59523010253906,64.30400085449219,85.67615509033203,17.46771812438965,176.45326232910156,36.900657653808594,8.520000457763672
2024-07-19,320.30999755859375,34.630409240722656,93.55815887451172,138.9308319091797,36.12675476074219,176.30059814453125,95.0999984741211,473.6108093261719,33.287986755371094,63.33399963378906,84.66207122802734,17.440351486206055,176.220947265625,36.50594711303711,8.670000076293945
2024-07-22,312.9700012207031,34.15519332885742,91.98484802246094,141.9532470703125,36.273651123046875,180.2799072265625,95.06999969482422,484.1499938964844,33.038352966308594,64.75,85.3598403930664,16.920427322387695,171.75856018066406,34.28682327270508,8.550000190734863
2024-07-23,320.0400085449219,33.27389144897461,88.86754608154297,140.7046356201172,36.30303192138672,180.39898681640625,95.5999984741211,485.431396484375,32.98073959350586,64.2760009765625,85.84361267089844,16.610292434692383,170.90672302246094,34.11139678955078,8.619999885559082
2024-07-24,312.6600036621094,32.91099548339844,87.7535171508789,139.9019775390625,36.32261657714844,171.30908203125,92.66999816894533,458.1941833496094,31.674957275390625,63.5989990234375,84.42948913574219,17.47684097290039,171.22613525390625,34.79554748535156,8.470000267028809
2024-07-25,315.2300109863281,33.04059600830078,87.17695617675781,140.51637268066406,36.30303192138672,166.00003051757812,92.22000122070312,450.3866882324219,31.92459487915039,63.40900039672851,86.84839630126953,17.50420379638672,169.53219604492188,35.04114532470703,7.989999771118164
2024-07-26,367.6199951171875,34.29344177246094,87.88056182861328,143.86573791503906,36.733924865722656,165.72216796875,93.63999938964844,462.5946960449219,31.92459487915039,63.137001037597656,88.78353118896484,17.340015411376953,169.90969848632812,35.163944244384766,8.3100004196167
2024-07-29,377.3599853515625,35.14883804321289,90.04019927978516,146.5115966796875,37.00813293457031,168.2327880859375,95.47000122070312,462.6045837402344,31.87659072875977,62.69599914550781,88.83004760742188,17.239681243896484,171.20680236816406,35.11132049560547,8.420000076293945
2024-07-30,383.0700073242187,35.26115417480469,91.65259552001952,147.7700958251953,37.62509536743164,168.9869842529297,94.62000274658205,460.1014099121094,32.347049713134766,62.257999420166016,91.10010528564452,17.312650680541992,169.74514770507812,35.12009811401367,8.779999732971191
2024-07-31,379.7200012207031,35.65861129760742,91.55487060546876,149.5736083984375,37.252960205078125,170.22743225097656,96.19000244140624,471.663818359375,36.619667053222656,62.834999084472656,91.21175384521484,17.558931350708008,176.44357299804688,35.541107177734375,8.649999618530273
2024-08-01,376.9700012207031,34.78593826293945,90.9294662475586,147.05662536621094,36.988548278808594,169.45338439941406,92.9800033569336,494.4210205078125,36.072391510009766,62.48500061035156,88.24393463134766,17.759607315063477,181.0802001953125,35.830562591552734,8.380000114440918
2024-08-02,373.1600036621094,34.47488784790039,87.52876281738281,147.4827117919922,36.53807067871094,165.38478088378906,91.20999908447266,484.8850708007813,35.2082633972168,61.36399841308594,85.59242248535156,17.668394088745117,182.7161102294922,35.935821533203125,8.270000457763672
2024-08-05,363.5,33.852783203125,85.77955627441406,144.18287658691406,35.60771942138672,158.03146362304688,88.05999755859375,472.5578308105469,34.23851776123047,59.85499954223633,83.62937927246094,17.24880027770996,180.8865966796875,34.909576416015625,7.880000114440918
2024-08-06,356.7799987792969,33.62813949584961,87.91964721679688,144.4107666015625,38.00703430175781,157.0788116455078,90.0,490.7954406738281,34.25773239135742,60.957000732421875,85.00630187988281,17.50420379638672,183.78086853027344,35.31305694580078,7.570000171661377
2024-08-07,353.94000244140625,33.27389144897461,84.00102996826172,143.1027374267578,38.41834259033203,157.72384643554688,90.08999633789062,485.6598510742187,33.55683135986328,61.14799880981445,84.31783294677734,17.558931350708008,184.4874725341797,35.33060073852539,7.710000038146973
2024-08-08,363.94000244140625,33.99966812133789,84.00102996826172,145.68911743164062,38.48689270019531,160.79019165039062,91.72000122070312,506.2317504882813,33.48001480102539,63.03499984741211,87.0530776977539,17.695755004882812,187.4108123779297,35.541107177734375,7.019999980926514
2024-08-09,364.4100036621094,33.76638412475586,84.2453384399414,145.2729034423828,38.51627349853515,162.41766357421875,92.18000030517578,514.3174438476562,33.46080780029297,63.39400100708008,86.82048034667969,17.777849197387695,187.98191833496097,35.74284362792969,7.03000020980835
2024-08-12,350.760009765625,33.29116439819336,83.99125671386719,144.5891571044922,38.0266227722168,161.04818725585938,91.5999984741211,512.5096435546875,32.42386245727539,63.31399917602539,87.52755737304688,17.723119735717773,188.7078857421875,35.54987716674805,6.710000038146973
2024-08-13,357.0,33.80094528198242,83.64923858642578,145.5701904296875,38.17351531982422,162.90390014648438,91.87000274658205,525.0156860351562,33.18236541748047,64.802001953125,87.83456420898438,17.80521583557129,189.07574462890625,35.769161224365234,7.059999942779541
2024-08-14,351.2200012207031,33.705902099609375,84.33329010009766,145.13418579101562,38.251861572265625,159.14288330078125,93.48999786376952,523.24755859375,32.80791473388672,66.16799926757812,87.87178039550781,17.90555191040039,190.1986083984375,35.87441635131836,6.960000038146973
2024-08-15,352.010009765625,34.14655685424805,86.76654052734375,145.70892333984375,38.18330764770508,160.0657958984375,94.43000030517578,533.7470703125,34.219322204589844,66.3219985961914,89.49990844726562,17.412986755371094,188.39816284179688,35.12009811401367,7.239999771118164
2024-08-16,353.30999755859375,34.23296356201172,87.26492309570312,147.0169677734375,38.721927642822266,161.7130889892578,95.18000030517578,523.903076171875,33.78725814819336,67.40699768066406,89.85343170166016,17.641027450561523,190.266357421875,35.620052337646484,7.409999847412109
2024-08-19,355.05999755859375,34.78593826293945,88.7502670288086,148.3151092529297,38.87861633300781,165.39466857910156,96.52999877929688,525.7506713867188,35.12185287475586,68.85299682617188,90.16045379638672,17.777849197387695,191.25369262695312,35.73408508300781,7.630000114440918
2024-08-20,347.32000732421875,34.58721160888672,87.69489288330078,147.70071411132812,39.240962982177734,165.90077209472656,96.83999633789062,523.2176513671875,35.07384490966797,69.85399627685547,89.56502532958984,17.777849197387695,189.9372406005859,35.830562591552734,7.769999980926514
2024-08-21,345.19000244140625,34.50944900512695,88.65255737304688,148.39439392089844,39.57392883300781,164.58094787597656,96.47000122070312,531.5914306640625,35.65953063964844,69.71199798583984,90.51398468017578,17.823457717895508,189.2015838623047,36.005985260009766,7.679999828338623
2024-08-22,340.32000732421875,34.051509857177734,87.87078857421875,145.798095703125,39.926483154296875,162.54666137695312,95.95999908447266,528.3829956054688,34.96822738647461,68.89600372314453,90.5325927734375,17.796091079711914,190.15017700195312,35.848106384277344,7.5
2024-08-23,348.7300109863281,34.40576171875,88.49620056152344,146.28367614746094,40.1615104675293,164.35272216796875,96.77999877929688,524.4791870117188,35.83235549926758,68.6729965209961,91.6024932861328,17.99676513671875,192.2216796875,36.14632415771485,8.050000190734863
2024-08-26,355.3699951171875,34.777305603027344,89.68839263916016,147.2151641845703,40.23006820678711,164.88861083984375,96.13999938964844,517.6451416015625,35.88035583496094,68.84400177001953,91.97464752197266,18.02412986755371,194.0124053955078,36.39192581176758,8.229999542236328
2024-08-27,360.7699890136719,34.76865768432617,88.82846069335938,147.85928344726562,40.19089889526367,163.41990661621094,96.58999633789062,515.6386108398438,35.61152267456055,69.5719985961914,92.20722198486328,17.92379379272461,197.4971923828125,36.356834411621094,8.109999656677246
2024-08-28,355.79998779296875,34.50080871582031,87.45059204101562,148.15695190429688,40.376956939697266,161.60391235351562,96.9499969482422,513.3341064453125,35.27547836303711,68.38400268554688,91.87230682373048,18.078861236572266,194.96107482910156,36.39192581176758,7.96999979019165
2024-08-29,351.5299987792969,34.09471130371094,87.7632827758789,149.0797119140625,40.22027587890625,160.54212951660156,96.7300033569336,514.764404296875,35.70753479003906,69.24800109863281,91.76065063476562,18.02412986755371,193.6736602783203,36.18141174316406,7.730000019073486
2024-08-30,347.5400085449219,34.189754486083984,88.32030487060547,150.63748168945312,40.514060974121094,162.1298828125,97.66999816894533,517.833740234375,35.72673797607422,70.13500213623047,93.43528747558594,18.151830673217773,192.9841461181641,36.64628982543945,7.840000152587891
2024-09-03,346.4200134277344,34.1292724609375,87.09879302978516,145.09100341796875,40.18109893798828,156.15591430664062,95.33999633789062,508.3475341796875,35.371490478515625,67.53199768066406,92.41191864013672,18.63527488708496,194.74188232421875,37.65498733520508,7.360000133514404
2024-09-04,331.6400146484375,33.412132263183594,87.21604919433594,145.93441772460938,40.59513092041016,155.25286865234375,95.26000213623048,509.321044921875,34.99703598022461,67.96800231933594,91.87230682373048,18.76297378540039,193.06182861328125,36.383148193359375,7.320000171661377
2024-09-05,330.7799987792969,34.38848876953125,86.62973022460938,144.77349853515625,39.845924377441406,156.03684997558594,94.1999969482422,513.41357421875,35.05464172363281,68.36199951171875,92.9515151977539,18.8359432220459,191.48858642578125,36.234039306640625,7.420000076293945
2024-09-06,327.42999267578125,34.22431564331055,85.9359130859375,142.88829040527344,39.737491607666016,149.76519775390625,92.77999877929688,496.93414306640625,34.392147064208984,66.5770034790039,91.86299896240234,19.12783432006836,187.4292449951172,36.09370422363281,7.21999979019165
2024-09-09,324.8399963378906,34.31935501098633,86.3267822265625,143.17605590820312,39.49104309082031,147.76792907714844,94.8000030517578,501.4240112304687,34.593772888183594,67.54199981689453,92.0118637084961,19.61127662658691,189.6628570556641,37.47956085205078,7.300000190734863
2024-09-10,323.3900146484375,33.8182258605957,86.38542938232422,142.67994689941406,39.32345199584961,147.71826171875,96.05999755859376,501.4240112304687,34.814605712890625,67.36199951171875,92.59798431396484,19.802827835083008,190.8282165527344,38.28651428222656,7.019999980926514
2024-09-11,327.4200134277344,33.42076873779297,86.30725860595703,142.58071899414062,38.84041595458984,150.20240783691406,97.33000183105467,508.4170837402344,33.9312858581543,68.14700317382812,91.44434356689452,19.565670013427734,192.8093109130859,38.41807556152344,6.940000057220459
2024-09-12,339.0299987792969,33.96510696411133,87.26492309570312,143.62254333496094,38.35737228393555,153.71006774902344,97.2699966430664,522.0951538085938,33.59523010253906,68.68000030517578,91.6862335205078,19.693368911743164,196.5676116943359,38.4707145690918,7.659999847412109
2024-09-13,340.1700134277344,34.1724739074707,88.48643493652344,144.6941375732422,39.09672164916992,156.46249389648438,98.8499984741211,521.121826171875,33.6240348815918,69.70600128173828,93.00733184814452,19.738977432250977,196.9755096435547,38.97066879272461,8.489999771118164
2024-09-16,343.3699951171875,34.00831604003906,89.75680541992188,145.37875366210938,39.14601135253906,157.05870056152344,101.5199966430664,530.2294921875,33.77766036987305,69.6500015258789,94.04933166503906,20.313634872436523,199.90834045410156,39.47063064575195,8.5600004196167
2024-09-17,339.3500061035156,33.939186096191406,90.74378967285156,141.47935485839844,39.95436477661133,158.3107147216797,102.91999816894533,533.2520141601562,34.50735855102539,70.69100189208984,94.64474487304688,19.86667823791504,196.84925842285156,38.66367721557617,8.449999809265137
2024-09-18,339.6400146484375,34.40576171875,91.44738006591795,139.35601806640625,40.02337265014648,158.79763793945312,102.8000030517578,534.8726806640625,34.814605712890625,69.0469970703125,95.46346282958984,19.821069717407227,191.00299072265625,38.48825454711914,8.420000076293945
2024-09-19,331.3399963378906,34.794578552246094,91.32034301757812,139.64378356933594,39.90507507324219,161.1128387451172,104.31999969482422,555.9016723632812,35.371490478515625,70.43199920654297,96.66362762451172,19.48357391357422,193.87757873535156,38.54087448120117,8.399999618530273
2024-09-20,330.3999938964844,34.656333923339844,91.61351013183594,138.4630584716797,39.638912200927734,162.5536651611328,103.63999938964844,558.1388549804688,34.85300827026367,70.10299682617188,95.82062530517578,19.647764205932617,193.6833648681641,38.88296127319336,8.239999771118164
2024-09-23,331.6199951171875,35.19203567504883,90.85128021240234,139.97120666503906,40.52613067626953,160.82469177246094,104.66000366210938,561.1812744140625,35.30427932739258,70.53700256347656,95.82998657226562,19.602153778076172,196.61619567871097,38.821556091308594,8.15999984741211
2024-09-24,323.3599853515625,35.72773361206055,91.55487060546876,140.5367889404297,41.71894454956055,161.26190185546875,107.43000030517578,560.1075439453125,35.83235549926758,72.22599792480469,95.2867202758789,19.693368911743164,195.62562561035156,39.17240524291992,8.319999694824219
2024-09-25,314.489990234375,35.071067810058594,91.77963256835938,140.37799072265625,41.38377380371094,160.4669647216797,106.9499969482422,565.0588989257812,35.52511215209961,72.15599822998047,94.2751235961914,19.666000366210938,197.441650390625,39.07592010498047,8.1899995803833
2024-09-26,317.010009765625,35.44260025024414,93.03045654296876,142.49142456054688,41.69922637939453,161.69912719726562,108.1500015258789,564.591796875,35.688331604003906,71.14299774169922,96.4669189453125,19.74809837341309,197.3833770751953,39.13732147216797,8.300000190734863
2024-09-27,326.2200012207031,35.978309631347656,93.8219985961914,143.52333068847656,41.669654846191406,162.91139221191406,108.73999786376952,564.1144409179688,36.302825927734375,70.73500061035156,96.16718292236328,19.97613525390625,199.25767517089844,39.374149322509766,8.380000114440918
2024-09-30,324.0799865722656,36.09062957763672,93.9979019165039,142.32273864746094,41.72880172729492,164.79937744140625,109.48999786376952,569.1653442382812,36.33162689208984,70.927001953125,96.84158325195312,20.067354202270508,200.40359497070312,39.39168548583984,8.25
2024-10-01,328.95001220703125,36.030147552490234,91.90666961669922,141.1420135498047,41.71894454956055,165.93212890625,110.61000061035156,573.1723022460938,36.03398132324219,70.61299896240234,96.18592071533205,20.185932159423828,200.1511383056641,39.65482711791992,8.15999984741211
2024-10-02,329.239990234375,35.95180130004883,92.00439453125,142.08462524414062,41.39363098144531,164.80931091308594,111.52999877929688,569.5332641601562,35.95717239379883,71.10900115966797,95.57708740234376,20.24066162109375,202.0739593505859,39.51448822021485,7.96999979019165
2024-10-03,322.3900146484375,35.52525329589844,91.4962387084961,139.5941619873047,41.304908752441406,164.80931091308594,109.05999755859376,579.4363403320312,35.80355453491211,70.68000030517578,94.62167358398438,20.112960815429688,202.02542114257812,39.049617767333984,7.739999771118164
2024-10-04,326.32000732421875,35.85604476928711,92.98160552978516,141.58853149414062,41.2161865234375,166.00169372558594,110.87000274658205,592.5309448242188,36.101192474365234,71.97000122070312,95.11812591552734,19.985258102416992,202.2681884765625,38.75138854980469,7.78000020980835
2024-10-07,324.57000732421875,35.30763244628906,90.28449249267578,141.78692626953125,41.02888488769531,161.94752502441406,110.81999969482422,581.4348754882812,36.03398132324219,70.19200134277344,94.4718246459961,19.86667823791504,202.3167724609375,38.45317077636719,7.71999979019165
2024-10-08,327.29998779296875,35.64712142944336,90.40177154541016,142.21360778808594,40.98945999145508,163.33868408203125,111.58999633789062,589.4983520507812,36.21641159057617,72.1760025024414,95.05255889892578,19.93964958190918,205.07476806640625,38.602272033691406,7.71999979019165
2024-10-09,334.0199890136719,36.038856506347656,91.46692657470705,142.6204071044922,41.14718246459961,160.83462524414062,112.55999755859376,587.132080078125,35.390689849853516,72.74299621582031,96.2702178955078,20.00349998474121,205.96823120117188,38.68999099731445,7.730000019073486
2024-10-10,328.7799987792969,35.7776985168457,90.8708267211914,140.86419677734375,40.762718200683594,161.05323791503906,112.69000244140624,580.4901733398438,35.09304428100586,73.02899932861328,95.27735137939452,19.60439109802246,205.34669494628903,38.26061248779297,7.539999961853027
2024-10-11,326.04998779296875,35.9169807434082,91.98484802246094,142.12429809570312,40.80215072631836,162.2058868408203,114.80999755859376,586.5751953125,36.21641159057617,72.27899932861328,96.34515380859376,19.74297523498535,206.8907928466797,38.30515670776367,7.519999980926514
2024-10-14,331.79998779296875,36.535037994384766,92.80570220947266,143.0470733642578,40.95987701416016,163.9149932861328,115.83999633789062,587.0425415039062,36.28361892700195,71.30000305175781,96.71981048583984,19.641345977783203,209.6779632568359,38.47440719604492,7.539999961853027
2024-10-15,331.94000244140625,36.65691375732422,92.07278442382812,145.27952575683594,41.23590469360352,164.41184997558594,115.3499984741211,582.916259765625,37.080535888671875,70.5979995727539,97.43167877197266,19.872312545776367,210.765625,38.96436309814453,7.599999904632568
2024-10-16,330.2200012207031,36.778778076171875,94.54513549804688,143.9102783203125,41.48235321044922,164.11373901367188,114.41000366210938,573.4905395507812,36.31722640991211,70.19999694824219,98.80856323242188,20.05708694458008,213.4168243408203,39.11580657958984,8.0
2024-10-17,327.5299987792969,36.76137161254883,94.33992004394533,143.07681274414062,41.96539306640625,161.89785766601562,115.20999908447266,573.6296997070312,36.51405334472656,68.76499938964844,98.55567932128906,20.0755615234375,215.5436248779297,39.062355041503906,7.78000020980835
2024-10-18,325.6099853515625,36.50021743774414,95.06305694580078,143.22567749023438,41.866817474365234,162.38473510742188,114.94000244140624,573.1723022460938,36.89810943603515,76.38899993896484,97.86254119873048,20.18642807006836,216.76727294921875,39.18707275390625,7.820000171661377
2024-10-21,315.4100036621094,35.281517028808594,94.41810607910156,144.57505798339844,41.45277404785156,163.03062438964844,114.95999908447266,571.8697509765625,36.34122467041016,77.20700073242188,97.0476531982422,20.010894775390625,216.33998107910156,38.92873001098633,7.550000190734863
2024-10-22,329.82000732421875,36.16942596435547,94.53536224365234,144.58499145507812,41.63022232055664,164.09385681152344,115.68000030517578,578.6806640625,36.25481414794922,76.42400360107422,94.63105010986328,19.86307716369629,212.6884765625,36.96892929077149,7.53000020980835
2024-10-23,332.2200012207031,36.16942596435547,94.0467529296875,143.731689453125,41.26547622680664,161.74880981445312,114.7300033569336,560.4654541015625,36.11079788208008,74.92900085449219,94.3406982421875,20.777698516845703,214.57247924804688,38.180442810058594,7.329999923706055
2024-10-24,332.0199890136719,36.256473541259766,93.22589874267578,143.90037536621094,41.11760330200195,161.68919372558594,116.4499969482422,564.5320434570312,35.918766021728516,75.45500183105469,94.0971450805664,20.509780883789062,226.81851196289065,37.28962707519531,7.519999980926514
2024-10-25,336.0,36.26518630981445,92.86432647705078,144.06903076171875,41.11760330200195,164.22303771972656,116.31999969482422,569.970703125,35.72673797607422,75.46800231933594,94.15335845947266,20.167953491210938,219.82630920410156,36.86203384399414,7.599999904632568
2024-10-28,329.6700134277344,36.421871185302734,94.0076675415039,143.0569610595703,41.4133415222168,165.66384887695312,118.43000030517578,574.8526611328125,35.544315338134766,74.91200256347656,96.0079574584961,20.4266300201416,221.2344665527344,37.075828552246094,7.610000133514404
2024-10-29,327.2699890136719,36.62208557128906,93.93927001953124,144.48577880859375,41.40348815917969,168.60507202148438,118.80999755859376,589.88623046875,35.467498779296875,75.94400024414062,95.25862121582033,20.491302490234375,219.52528381347656,36.8174934387207,7.550000190734863
2024-10-30,331.29998779296875,36.770076751708984,92.91319274902344,147.97833251953125,41.43305969238281,173.35479736328125,117.1999969482422,588.4146728515625,35.41949462890625,75.3740005493164,95.85807800292967,20.34348487854004,216.33998107910156,36.77294921875,7.769999980926514
2024-10-31,327.6099853515625,38.014888763427734,94.0076675415039,149.675048828125,41.40348815917969,170.02603149414062,117.13999938964844,564.3331909179688,34.593772888183594,75.60299682617188,94.60295867919922,20.823894500732425,216.71868896484375,37.53014373779297,8.130000114440918
2024-11-01,366.489990234375,37.91913986206055,93.62655639648438,150.08184814453125,41.285194396972656,170.20489501953125,117.1500015258789,563.91552734375,34.267330169677734,75.61000061035156,94.67789459228516,20.435871124267575,216.83523559570312,36.844215393066406,8.229999542236328
2024-11-04,375.8299865722656,37.022518157958984,93.60700988769533,151.6991424560547,42.389286041259766,168.1678924560547,117.20999908447266,557.4727172851562,34.785804748535156,75.5510025024414,95.48342895507812,20.251096725463867,217.7772216796875,36.57697296142578,8.170000076293945
2024-11-05,382.3800048828125,37.04863739013672,94.42787170410156,154.288818359375,42.98076248168945,168.66473388671875,117.62000274658205,569.1553955078125,35.467498779296875,76.39099884033203,96.6448745727539,20.371198654174805,220.55467224121097,36.75513458251953,8.210000038146973
2024-11-06,408.0199890136719,39.29453659057617,96.63636779785156,156.72967529296875,44.83406066894531,175.39183044433594,125.98999786376952,568.777587890625,36.37003326416016,78.02100372314453,98.4058074951172,20.620641708374023,225.4880523681641,36.66604995727539,8.380000114440918
2024-11-07,393.0400085449219,38.467559814453125,96.67545318603516,158.75375366210938,44.03556442260742,179.60494995117188,124.5999984741211,588.3152465820312,29.869895935058594,79.65399932861328,98.12480926513672,20.361963272094727,224.80825805664065,36.14046859741211,9.369999885559082
2024-11-08,393.7099914550781,38.22381591796875,96.7634048461914,156.6800537109375,43.966556549072266,177.22019958496094,123.0,585.9686889648438,29.341819763183594,79.50399780273438,97.84381866455078,20.639122009277344,228.51800537109375,36.0602912902832,9.18000030517578
2024-11-11,396.0400085449219,38.476261138916016,98.5614776611328,158.1485137939453,45.1396598815918,179.20750427246094,123.8000030517578,579.833984375,30.666810989379883,80.54399871826172,97.78761291503906,20.611404418945312,231.4411468505859,36.02466583251953,9.329999923706056
2024-11-12,392.0,38.33697891235352,98.68851470947266,161.6013946533203,46.2338981628418,180.46945190429688,129.6699981689453,581.4745483398438,29.64906311035156,81.94999694824219,97.25372314453124,20.46358871459961,232.1014862060547,35.98903274536133,9.220000267028809
2024-11-13,406.2200012207031,38.22381591796875,100.37908935546876,161.45257568359375,46.066307067871094,177.746826171875,127.0199966430664,576.6821899414062,29.514644622802734,83.0469970703125,96.79474639892578,20.60216522216797,233.92721557617188,36.64823913574219,9.720000267028809
2024-11-14,394.25,37.8494987487793,106.63323974609376,162.8416748046875,46.805660247802734,174.4677276611328,129.19000244140625,573.8583984375,30.013917922973633,83.72599792480469,98.38706970214844,20.555973052978516,230.88755798339844,36.407718658447266,9.859999656677246
2024-11-15,389.5700073242187,37.32719421386719,112.45740509033205,160.10316467285156,44.99178695678711,171.3972930908203,129.0,550.910400390625,29.48583984375,82.39600372314453,90.72518920898438,20.95323181152344,228.809326171875,37.10255432128906,9.220000267028809
2024-11-18,385.0199890136719,37.43165969848633,110.95250701904295,162.7325439453125,44.7354850769043,174.1894989013672,132.60000610351562,551.2285766601562,29.293811798095703,84.70500183105469,92.10206604003906,21.2396297454834,230.18833923339844,37.63703918457031,9.470000267028809
2024-11-19,384.8399963378906,36.83971405029297,109.85802459716795,164.83602905273438,45.110084533691406,176.9916229248047,134.44000244140625,557.8803100585938,29.082584381103516,87.13200378417969,91.83043670654295,20.999427795410156,226.4689178466797,37.35198593139648,9.5
2024-11-20,389.1199951171875,37.422950744628906,111.6561050415039,165.41148376464844,45.05093765258789,174.86517333984375,136.50999450683594,562.2849731445312,29.197797775268555,88.38500213623047,92.80455780029295,21.091814041137695,228.67337036132812,37.61031723022461,9.949999809265137
2024-11-21,383.8399963378906,37.866905212402344,112.10562133789062,166.66168212890625,45.97758865356445,166.56808471679688,138.57000732421875,559.868896484375,30.244348526000977,89.74800109863281,95.48342895507812,21.230392456054688,229.75135803222656,37.85974884033203,10.229999542236328
2024-11-22,388.2699890136719,37.840797424316406,113.0144271850586,165.37181091308594,46.184600830078125,163.71624755859375,140.2899932861328,555.9415283203125,30.26835250854492,89.77899932861328,95.89554595947266,21.4151668548584,231.4022674560547,38.43878173828125,10.109999656677246
2024-11-25,384.4700012207031,37.60575485229492,113.3564453125,162.86151123046875,45.42554473876953,166.58795166015625,140.5399932861328,561.8773193359375,31.27169609069824,86.55899810791016,97.97494506835938,21.341259002685547,233.0143585205078,39.17815780639648,10.399999618530272
2024-11-26,390.2900085449219,37.11827850341797,112.8189697265625,163.73464965820312,45.49454879760742,168.0486297607422,138.8699951171875,570.2591552734375,31.35810661315918,87.26000213623047,98.00304412841795,21.33201789855957,237.85061645507812,39.525577545166016,10.109999656677246
2024-11-27,389.80999755859375,37.04863739013672,114.91998291015624,162.01617431640625,46.046592712402344,168.15794372558594,139.72999572753906,565.94384765625,31.21409034729004,87.73400115966797,97.74077606201172,21.498315811157227,239.9558563232422,39.53448486328125,10.380000114440918
2024-11-29,396.9700012207031,37.5970573425293,114.7929458618164,162.58236694335938,46.45076751708984,167.87973022460938,138.25,571.0346069335938,31.43492126464844,88.68099975585938,98.1810073852539,21.39668655395508,240.67706298828125,39.49885559082031,10.479999542236328
2024-12-02,394.4299926757813,37.68410110473633,114.4900131225586,164.85716247558594,46.10573959350586,170.40362548828125,137.75999450683594,589.438720703125,31.87659072875977,89.77400207519531,98.3589859008789,20.971710205078125,238.61083984375,39.062355041503906,10.5600004196167
2024-12-03,397.6099853515625,37.30978775024414,113.7961883544922,166.58558654785156,45.7508544921875,170.2545623779297,137.35000610351562,610.1397705078125,31.54053497314453,90.21700286865234,97.22561645507812,21.93252944946289,238.6400604248047,39.04453659057617,10.550000190734863
2024-12-04,402.1199951171875,37.03993225097656,114.32388305664062,166.3074493408203,45.64241409301758,173.26539611816406,136.72999572753906,610.2689208984375,31.550140380859375,91.1060028076172,96.72918701171876,21.73851776123047,236.91497802734375,37.877559661865234,10.649999618530272
2024-12-05,404.1400146484375,37.24884796142578,113.84505462646484,164.51942443847656,45.987449645996094,171.5463409423828,134.6699981689453,605.4467163085938,31.2908992767334,91.78700256347656,96.60741424560548,22.01568031311035,237.753173828125,37.90428924560547,10.68000030517578
2024-12-06,403.05999755859375,37.562232971191406,114.06981658935548,165.90017700195312,46.33247375488281,173.60325622558594,136.75999450683594,620.2018432617188,31.617351531982425,93.4739990234375,96.86968994140624,22.061870574951172,237.59722900390625,37.74394226074219,10.65999984741211
2024-12-09,365.9599914550781,33.99317169189453,111.99812316894533,164.5094757080078,45.57341003417969,174.458740234375,133.99000549316406,610.0601806640625,32.05901336669922,91.36900329589844,86.94104766845703,21.59070205688477,223.05563354492188,37.73503494262695,10.5600004196167
2024-12-10,377.9599914550781,34.411006927490234,112.11538696289062,164.2015380859375,45.711421966552734,184.2078399658203,134.36000061035156,615.7771606445312,31.732563018798828,91.33499908447266,86.60385131835938,21.72003936767578,227.5779266357422,37.68158721923828,10.890000343322754
2024-12-11,378.489990234375,34.56770324707031,111.99812316894533,162.83070373535156,45.41568374633789,194.38470458984375,134.67999267578125,629.0608520507812,30.225147247314453,93.65599822998048,86.26664733886719,21.692325592041016,228.39663696289065,37.40542984008789,10.81999969482422
2024-12-12,388.4500122070313,35.02906799316406,112.2815170288086,161.50955200195312,46.66764450073242,190.9625701904297,135.83999633789062,627.1815795898438,29.361021041870117,92.55500030517578,84.44953155517578,21.58146095275879,227.3537750244141,37.4856071472168,12.489999771118164
2024-12-13,379.7799987792969,34.75050354003906,110.75706481933594,156.57257080078125,46.41134262084961,188.83367919921875,135.9499969482422,616.8013916015625,30.19634437561035,91.88700103759766,84.5993881225586,21.830902099609375,226.05751037597656,37.66376876831055,12.06999969482422
2024-12-16,378.9800109863281,33.82777786254883,110.04054260253906,155.3606719970703,46.391624450683594,195.63815307617188,137.8300018310547,621.1697998046875,31.070070266723633,92.10800170898438,85.13330078125,21.101049423217773,223.6501312255859,36.4166259765625,11.600000381469728
2024-12-17,371.0299987792969,33.77554702758789,110.9337387084961,153.76138305664062,48.37307357788086,194.4045867919922,137.86000061035156,616.3933715820312,30.3211612701416,91.91300201416016,83.33489990234375,21.091814041137695,215.11233520507812,36.327537536621094,11.350000381469728
2024-12-18,358.260009765625,32.95726776123047,109.29457092285156,148.92373657226562,48.72796249389648,187.4210662841797,132.58999633789062,594.2527465820312,29.84109115600586,88.95500183105469,82.19217681884766,20.768461227416992,215.0928192138672,35.846500396728516,10.630000114440918
2024-12-19,352.7699890136719,32.55683898925781,109.31420135498048,146.90724182128906,48.146339416503906,187.5304718017578,132.19000244140625,592.6407470703125,30.37877082824707,90.2040023803711,82.32331085205078,20.851608276367188,212.47103881835935,35.605979919433594,10.489999771118164
2024-12-20,351.5,33.270652770996094,109.9620132446289,146.8178253173828,48.8265380859375,190.4154052734375,133.27999877929688,582.3715209960938,32.41425704956055,90.90499877929688,83.90009307861328,21.017906188964844,214.72247314453125,35.57034683227539,10.6899995803833
2024-12-23,349.4700012207031,33.06173324584961,109.3436508178711,146.32115173339844,48.7476806640625,193.61868286132812,132.5,596.899658203125,31.550140380859375,91.1449966430664,81.86064910888672,21.101049423217773,216.03823852539065,35.57925796508789,10.4399995803833
2024-12-24,352.19000244140625,33.42734146118164,110.4822235107422,148.18865966796875,49.28001403808594,195.0909881591797,133.32000732421875,604.7608032226562,31.89578628540039,93.21199798583984,81.56795501708984,21.20267868041992,217.35398864746097,35.45453643798828,10.550000190734863
2024-12-26,351.7799987792969,33.29676818847656,110.47241973876952,148.0793914794922,49.122283935546875,194.5836639404297,133.35000610351562,600.3823852539062,32.09741973876953,92.41400146484376,82.54991149902344,21.211917877197266,218.00697326660156,35.597068786621094,10.619999885559082
2024-12-27,348.6499938964844,33.01820373535156,109.49088287353516,147.1356964111328,48.76739501953125,191.7583923339844,131.85000610351562,596.8599243164062,31.847780227661133,90.75499725341795,81.6623764038086,21.11952781677246,217.36373901367188,35.561439514160156,10.609999656677246
2024-12-30,343.17999267578125,32.548133850097656,108.75472259521484,145.5662078857422,48.146339416503906,190.24630737304688,131.00999450683594,588.3319091796875,31.49253273010254,90.04299926757812,81.02976989746094,20.88856315612793,215.06358337402344,35.27637481689453,10.510000228881836
2024-12-31,342.7699890136719,32.670005798339844,109.29457092285156,145.3278045654297,47.890037536621094,188.31637573242188,129.5,582.6301879882812,31.40611457824707,89.13200378417969,81.23749542236328,21.03638458251953,215.1317901611328,35.62379837036133,10.56999969482422
2025-01-02,349.3500061035156,32.574249267578125,108.77435302734376,144.93045043945312,48.294212341308594,188.44569396972656,129.22999572753906,596.2926635742188,31.310102462768555,88.6729965209961,81.61517333984375,21.091814041137695,213.9622344970703,35.81977462768555,10.65999984741211
2025-01-03,358.3500061035156,32.791873931884766,109.10807800292967,145.31785583496094,48.61952209472656,190.79342651367188,129.49000549316406,601.6561279296875,31.3773136138916,88.1050033569336,81.09587097167969,20.943994522094727,213.5529022216797,35.864315032958984,10.56999969482422
2025-01-06,349.54998779296875,32.63518524169922,109.00011444091795,144.2847900390625,48.92512130737305,195.8470458984375,129.27000427246094,627.1004638671875,32.23683547973633,88.17900085449219,80.34996032714844,20.87932586669922,206.9935760498047,35.28528594970703,10.829999923706056
2025-01-07,347.6300048828125,32.36532974243164,109.33383178710938,143.70863342285156,48.530799865722656,194.4742431640625,129.63999938964844,614.8508911132812,31.290395736694336,87.91899871826172,79.90619659423828,20.509780883789062,206.95458984375,34.670616149902344,10.510000228881836
2025-01-08,349.32000732421875,32.6286735534668,107.73391723632812,143.2417449951172,48.27449798583984,192.94224548339844,130.30999755859375,607.7162475585938,30.768888473510746,87.5,79.44355010986328,20.491302490234375,210.053955078125,34.68843078613281,10.0600004196167
2025-01-10,334.8900146484375,31.917638778686523,106.64441680908205,139.9140167236328,47.50556945800781,191.0421600341797,128.50999450683594,612.8308715820312,29.75484848022461,83.76899719238281,77.48909759521484,20.292959213256836,205.9409942626953,34.278656005859375,9.699999809265137
2025-01-13,337.8399963378906,31.99664306640625,106.08493041992188,141.0166473388672,47.50556945800781,190.0174865722656,130.61000061035156,605.3380126953125,30.102519989013672,84.02899932861328,78.51824188232422,20.171327590942383,208.04620361328125,34.55970001220703,9.84000015258789
2025-01-14,346.2900085449219,31.93519592285156,106.12419891357422,140.80804443359375,48.12662506103515,188.6745147705078,131.27999877929688,591.3272705078125,30.60470962524414,82.83999633789062,80.02894592285156,20.39587020874023,208.74794006347656,34.70475769042969,9.729999542236328
2025-01-15,348.0,32.04053497314453,106.1830825805664,141.18553161621094,47.85060119628906,194.53390502929688,133.3699951171875,614.084716796875,30.971694946289062,84.82599639892578,80.72763061523438,20.49878692626953,208.7674102783203,34.61409378051758,9.789999961853027
2025-01-16,346.67999267578125,31.87374496459961,104.49483489990234,140.46034240722656,47.63372802734375,191.90765380859375,133.55999755859375,608.2933349609375,31.599435806274418,84.23699951171875,81.04865264892578,20.601701736450195,210.27810668945312,34.759151458740234,9.470000267028809
2025-01-17,351.3699951171875,32.11075973510742,105.04449462890624,141.05638122558594,47.318267822265625,194.9815673828125,135.61000061035156,609.7561645507812,31.618755340576172,85.80999755859375,80.61432647705078,20.854310989379883,213.41644287109375,35.158058166503906,9.520000457763672
2025-01-21,350.55999755859375,32.4531135559082,106.6934814453125,142.327880859375,47.21969223022461,197.0209197998047,138.91000366210938,613.427978515625,31.618755340576172,86.96800231933594,81.75679016113281,21.041427612304688,213.92327880859375,35.37564468383789,9.770000457763672
2025-01-22,352.79998779296875,32.57600402832031,106.80146026611328,141.404052734375,47.45628356933594,197.33924865722656,138.5399932861328,620.4334106445312,31.464231491088867,95.39900207519533,81.32246398925781,20.88237762451172,212.646484375,35.31218338012695,10.050000190734863
2025-01-23,359.9599914550781,32.89201736450195,108.99029541015624,117.79200744628906,47.87031936645508,196.95127868652344,139.17999267578125,633.3196411132812,32.12094497680664,98.48600006103516,81.34135437011719,21.0788516998291,210.56076049804688,35.520694732666016,10.279999732971191
2025-01-24,367.5799865722656,33.02369689941406,110.08961486816406,115.78541564941406,48.37307357788086,199.1696929931641,140.74000549316406,644.3052978515625,32.893550872802734,97.75900268554688,81.72846221923828,21.25661277770996,213.0265960693359,35.847076416015625,10.25
2025-01-27,367.489990234375,33.559165954589844,111.2478256225586,117.12646484375,49.43773651123047,190.81333923339844,140.1300048828125,656.6344604492188,33.79170227050781,97.18900299072266,83.40911102294922,22.58515357971191,215.8140563964844,36.844337463378906,10.489999771118164
2025-01-28,365.3800048828125,32.96224594116211,110.06998443603516,115.75562286376952,49.32929992675781,194.28521728515625,142.42999267578125,671.0133666992188,34.20696258544922,97.18299865722656,82.34219360351562,22.82840347290039,215.53140258789065,36.62675476074219,10.25
2025-01-29,359.3299865722656,32.79545974731445,111.1006088256836,116.32183074951172,49.71376037597656,194.39463806152344,142.47000122070312,673.1627197265625,33.975189208984375,97.81500244140624,81.96450805664062,22.669355392456055,229.1860809326172,36.51795959472656,10.43000030517578
2025-01-30,336.6199951171875,29.18760681152344,111.33616638183594,117.89134979248048,50.295379638671875,199.82627868652344,144.05999755859375,683.6210327148438,34.0041618347168,97.3239974975586,81.6906967163086,22.472885131835938,228.4258728027344,35.78361511230469,10.619999885559082
2025-01-31,345.489990234375,29.547515869140625,110.9729995727539,122.09323120117188,50.45310974121094,202.9598846435547,144.67999267578125,685.7903442382812,34.47738265991211,97.6760025024414,81.94563293457031,22.201560974121097,227.06137084960935,35.711082458496094,10.4399995803833
2025-02-03,341.5,29.134937286376953,111.8956527709961,122.09323120117188,51.21217346191406,200.18441772460935,145.83999633789062,694.0296020507812,34.18765640258789,97.8939971923828,82.86149597167969,22.688066482543945,232.061279296875,36.24597930908203,10.15999984741211
2025-02-04,340.260009765625,29.450952529907227,111.20858001708984,120.44425201416016,53.86396408081055,205.30764770507812,148.05999755859375,700.7265014648438,35.22100830078125,99.48699951171876,82.04949951171875,22.688066482543945,231.2328338623047,36.09186172485352,10.0600004196167
2025-02-05,345.04998779296875,29.793306350708008,108.49951934814452,129.6029815673828,53.75552749633789,190.3358154296875,149.50999450683594,701.4031372070312,32.42998504638672,101.11100006103516,80.189453125,22.893896102905273,236.28143310546875,36.38197326660156,10.1899995803833
2025-02-06,353.30999755859375,30.2585506439209,110.02090454101562,131.12283325195312,52.48385238647461,190.60443115234375,149.99000549316406,708.4881591796875,33.4053955078125,101.56800079345705,79.52852630615234,22.875185012817383,240.9012451171875,36.209716796875,10.199999809265137
2025-02-07,347.8399963378906,30.170766830444336,108.8136215209961,127.74542236328124,52.040245056152344,184.37696838378903,148.30999755859375,711.005615234375,32.642452239990234,101.39299774169922,79.12252807617188,22.95939064025879,239.9948272705078,36.15532684326172,10.15999984741211
2025-02-10,343.7300109863281,30.2585506439209,107.26277923583984,131.2122039794922,52.49370574951172,185.50108337402344,147.3000030517578,713.8715209960938,32.478271484375,102.76000213623048,77.97063446044922,23.258779525756836,249.3415985107422,36.21878433227539,9.979999542236328
2025-02-11,350.9200134277344,30.925695419311523,107.00757598876952,132.46385192871094,52.63172149658203,184.3570556640625,146.7899932861328,716.2597045898438,32.76799392700195,100.80799865722656,77.81011199951172,23.53009796142578,252.13882446289065,36.70834732055664,9.850000381469728
2025-02-12,354.55999755859375,30.63601875305176,107.21370697021484,130.29832458496094,53.92311477661133,182.65594482421875,149.69000244140625,721.812255859375,32.835601806640625,102.7310028076172,76.69599151611328,23.726573944091797,248.80555725097656,36.74460983276367,9.81999969482422
2025-02-13,360.7699890136719,31.0573673248291,107.56705474853516,128.95733642578125,54.6624641418457,185.1728057861328,152.5800018310547,724.9766845703125,32.84525680541992,104.36900329589844,77.36634826660156,23.979183197021484,258.35699462890625,37.20697784423828,10.210000038146973
2025-02-14,360.2699890136719,31.066144943237305,108.34247589111328,128.54010009765625,54.83990859985352,184.2675323486328,153.75999450683594,733.0467529296875,33.5019645690918,105.86000061035156,77.58350372314453,24.203725814819336,263.9513854980469,37.161651611328125,10.34000015258789
2025-02-18,361.739990234375,31.90886116027832,107.53760528564452,127.49708557128906,55.49053192138672,182.81512451171875,154.66000366210938,712.8465576171875,34.02347183227539,103.58499908447266,78.82982635498047,24.39084243774414,256.534423828125,37.3520393371582,10.619999885559082
2025-02-19,361.5799865722656,32.02297592163086,109.29457092285156,128.48048400878906,56.64391326904297,184.3073272705078,153.6699981689453,700.30859375,33.28950500488281,104.33300018310548,79.00922393798828,24.54989242553711,256.6708679199219,38.08638381958008,10.890000343322754
2025-02-20,363.010009765625,31.96152687072754,108.50933837890624,129.1261749267578,56.5650520324707,183.6009979248047,152.32000732421875,691.4224853515625,32.71004867553711,102.4540023803711,78.93368530273438,24.465688705444336,258.66888427734375,38.52155685424805,11.039999961853027
2025-02-21,361.0,31.81229782104492,106.65422821044922,130.07980346679688,56.14115524291992,178.72647094726562,149.39999389648438,680.18798828125,31.647724151611328,100.31500244140624,77.70625305175781,24.905418395996097,258.4447326660156,38.766334533691406,10.779999732971191
2025-02-24,365.7999877929687,31.864971160888672,109.14733123779295,133.15921020507812,57.176246643066406,178.318603515625,154.6199951171875,664.8438110351562,31.724985122680664,98.84700012207033,79.05643463134766,25.017688751220703,261.32965087890625,39.27403259277344,11.09000015258789
2025-02-25,358.7300109863281,31.469945907592773,108.4897003173828,130.8546142578125,56.10172653198242,174.50851440429688,144.4600067138672,654.2661743164062,31.36765480041504,97.7239990234375,79.1886215209961,24.93348503112793,263.67852783203125,39.62760925292969,10.6899995803833
2025-02-26,353.4800109863281,30.811580657958984,109.76571655273438,130.50643920898438,56.032718658447266,171.83248901367188,142.16000366210938,670.386474609375,31.483545303344727,99.00599670410156,79.08476257324219,24.858638763427734,256.8950500488281,39.14710998535156,10.5
2025-02-27,359.0400085449219,31.066144943237305,109.25530242919922,129.78025817871094,55.60882568359375,167.6244659423828,140.9600067138672,655.00244140625,30.78820419311523,96.30699920654295,77.1963882446289,25.167381286621097,257.4701232910156,39.228702545166016,11.0
2025-02-28,363.5700073242187,31.49628448486328,111.69934844970705,128.44723510742188,56.781925201416016,169.3952178955078,143.36000061035156,664.9134521484375,30.624025344848633,98.05599975585938,78.14057159423828,25.64453125,263.72857666015625,39.074581146240234,11.460000038146973
2025-03-03,370.6600036621094,31.584060668945312,110.7079849243164,128.55665588378906,56.22002029418945,166.14219665527344,142.25999450683594,651.828125,29.156082153320312,97.37000274658205,76.20500946044922,25.934566497802734,266.7991943359375,39.77266311645508,11.020000457763672
2025-03-04,368.3599853515625,31.162708282470703,106.99776458740234,131.1331787109375,55.42152786254883,170.03189086914062,138.14999389648438,636.8521728515625,29.667930603027344,97.25800323486328,76.31830596923828,24.531179428100582,258.79998779296875,38.866065979003906,11.31999969482422
2025-03-05,378.4200134277344,31.215375900268555,107.29222106933594,133.3515625,55.80784225463867,172.12098693847656,136.83999633789062,653.2412719726562,30.43570327758789,99.09200286865234,77.62127685546875,24.49375915527344,256.93218994140625,38.8388671875,11.43000030517578
2025-03-06,382.94000244140625,31.838632583618164,103.48384857177734,136.07725524902344,54.84700393676758,171.45445251464844,131.11000061035156,624.841552734375,30.25703811645508,90.63600158691406,78.0083999633789,25.008331298828125,257.13763427734375,40.09904098510742,10.699999809265137
2025-03-07,379.5199890136719,32.99736404418945,103.56237030029295,139.31033325195312,55.144168853759766,172.9566192626953,127.51000213623048,622.5827026367188,31.502857208251953,89.11100006103516,80.25554656982422,25.373212814331055,259.3769836425781,41.75812149047851,11.06999969482422
2025-03-10,373.5199890136719,31.69818115234375,101.17723083496094,139.6982879638672,53.60881042480469,165.19815063476562,122.79000091552734,595.048828125,30.93306541442871,86.66799926757812,80.7370834350586,25.52290725708008,260.7362365722656,42.14796447753906,10.59000015258789
2025-03-11,355.8699951171875,31.5577335357666,96.09284973144533,137.1615753173828,52.2220344543457,163.3755645751953,121.63999938964844,602.73095703125,30.28601455688477,89.51000213623047,78.54753112792969,24.334707260131836,250.99644470214844,39.37376022338867,10.369999885559082
2025-03-12,349.75,30.89058494567871,96.93697357177734,135.41073608398438,51.81591033935547,166.4331512451172,122.91999816894533,616.5126342773438,29.687244415283203,91.96800231933594,76.16759490966797,24.063386917114254,249.95985412597656,38.61220932006836,10.420000076293944
2025-03-13,345.3999938964844,30.46044921875,95.08185577392578,137.00241088867188,50.55790328979492,162.10076904296875,115.79000091552734,587.7349853515625,29.049850463867188,89.01699829101562,75.66304779052734,24.409555435180664,253.37269592285156,39.62760925292969,9.890000343322754
2025-03-14,351.5,31.101261138916016,96.81918334960938,137.98727416992188,51.786190032958984,164.8197021484375,119.26000213623048,605.1494750976562,29.880395889282227,91.8000030517578,76.9482192993164,24.86799430847168,250.32167053222656,39.50068283081055,10.1899995803833
2025-03-17,354.0799865722656,31.382164001464844,97.52589416503906,142.15541076660156,51.9644889831543,163.62457275390625,121.91000366210938,602.4603881835938,30.28601455688477,95.0019989013672,76.44366455078125,25.101890563964844,254.4190673828125,39.57321548461914,10.479999542236328
2025-03-18,354.45001220703125,31.61039924621582,97.51607513427734,141.13079833984375,51.88524627685547,160.0192108154297,119.20999908447266,580.0111694335938,29.92868423461914,92.9980010986328,77.53843688964844,24.896060943603516,254.9666748046875,40.09904098510742,10.390000343322754
2025-03-19,353.0199890136719,31.68062400817871,98.43873596191406,141.2302703857422,52.43995666503906,163.2261962890625,122.6500015258789,581.7044677734375,30.3632755279541,95.9489974975586,77.5765151977539,25.11124610900879,253.51939392089844,39.836124420166016,10.920000076293944
2025-03-20,362.5799865722656,32.04053497314453,97.03511810302734,142.5036163330078,52.70740509033203,162.14060974121094,122.13999938964844,583.6365966796875,30.141149520874023,95.08399963378906,76.81494140625,25.064468383789062,251.34841918945312,39.66387176513672,10.649999618530272
2025-03-21,363.80999755859375,32.25999450683594,97.62405395507812,143.5481414794922,52.89561462402344,163.32579040527344,123.05999755859376,593.84521484375,29.4458065032959,96.02899932861328,77.24332427978516,25.27965545654297,250.1847686767578,39.88146209716797,10.739999771118164
2025-03-24,367.5,32.128318786621094,98.33075714111328,143.7968292236328,52.88570785522461,167.00083923339844,127.0199966430664,616.35400390625,30.57573699951172,97.1989974975586,75.61544036865234,25.22351837158203,253.23577880859375,39.49162292480469,10.970000267028809
2025-03-25,375.010009765625,32.42677307128906,99.73436737060548,143.74710083007812,54.44087600708008,169.8691864013672,127.0199966430664,623.7840576171875,30.199094772338867,99.72799682617188,76.52934265136719,25.55097389221191,253.03045654296875,39.42816162109375,10.979999542236328
2025-03-26,384.7699890136719,32.80424118041992,98.91968536376952,144.43350219726562,54.688514709472656,164.3914337158203,126.75,608.5158081054688,30.739917755126953,97.06500244140624,77.24332427978516,25.86907386779785,256.70733642578125,40.053714752197266,11.029999732971191
2025-03-27,382.0199890136719,32.80424118041992,98.59577178955078,144.54293823242188,54.40125274658203,161.58287048339844,128.0800018310547,600.1497192382812,30.74957275390625,97.6719970703125,76.7578125,26.383649826049805,262.34979248046875,40.7608642578125,11.010000228881836
2025-03-28,369.0199890136719,32.145870208740234,96.25970458984376,143.4984130859375,54.21305084228515,153.70489501953125,125.02999877929688,574.4139404296875,29.58101463317871,93.38500213623048,76.38654327392578,26.364940643310547,259.07379150390625,40.733665466308594,10.369999885559082
2025-03-31,368.5299987792969,32.391666412353516,96.8780746459961,143.76698303222656,56.06538391113281,154.01365661621094,130.5800018310547,574.035400390625,30.131492614746097,93.25299835205078,78.92831420898438,26.45849609375,260.814453125,41.123504638671875,10.729999542236328
2025-04-01,370.9100036621094,32.23365020751953,95.8769073486328,144.91099548339844,55.29275131225586,156.43380737304688,132.00999450683594,583.6365966796875,30.334300994873047,92.83799743652344,75.9391098022461,26.64561462402344,262.6040344238281,41.14163589477539,10.210000038146973
2025-04-02,379.2699890136719,32.42852783203125,96.0732192993164,144.1151580810547,56.5012321472168,156.4039306640625,134.64999389648438,581.574951171875,30.39224624633789,93.552001953125,75.60592651367188,26.327512741088867,258.7120056152344,40.56140899658203,10.5600004196167
2025-04-03,368.3999938964844,31.64017677307129,87.20008087158203,144.09527587890625,51.3404426574707,150.1095428466797,126.05999755859376,529.4758911132812,29.323463439941406,91.70500183105467,71.75994873046875,26.757884979248047,261.9684143066406,41.359222412109375,9.15999984741211
2025-04-04,338.2900085449219,29.56744384765625,81.98810577392578,134.63482666015625,49.260276794433594,145.01028442382812,120.83999633789062,502.6943664550781,27.924333572387695,85.58599853515625,69.10392761230469,24.92412757873535,242.62562561035156,39.0111198425293,8.069999694824219
2025-04-07,332.8900146484375,29.64716339111328,81.7623519897461,133.91856384277344,48.0914192199707,146.15562438964844,119.2300033569336,514.1678466796875,27.05959129333496,86.78299713134766,68.11388397216797,25.101890563964844,241.21746826171875,38.6031494140625,8.09000015258789
2025-04-08,321.67999267578125,29.089120864868164,80.21151733398438,131.83946228027344,47.00181198120117,144.11390686035156,118.80999755859376,508.3912963867187,26.262863159179688,87.04000091552734,66.99054718017578,24.690231323242188,240.85565185546875,38.231441497802734,7.690000057220459
2025-04-09,346.9800109863281,31.16185188293457,89.75209045410156,135.8683624267578,51.02346420288086,158.0671844482422,131.75,583.4075927734375,28.361560821533203,94.5469970703125,72.8451919555664,24.765077590942383,249.2655334472656,38.88419342041016,9.260000228881836
2025-04-10,335.4700012207031,29.833179473876953,83.65673065185547,138.66371154785156,49.05226135253906,152.2010498046875,129.22999572753906,544.0867309570312,27.283061981201172,92.11699676513672,70.42718505859375,24.95229148864746,250.45855712890625,39.536376953125,8.100000381469727
2025-04-11,334.3800048828125,29.86861038208008,83.322998046875,142.18528747558594,48.4282112121582,156.5035400390625,129.60000610351562,541.377685546875,27.671710968017575,91.8290023803711,71.9693832397461,25.330501556396484,252.9522247314453,40.28252029418945,7.96999979019165
2025-04-14,340.3999938964844,30.249494552612305,83.09725189208984,144.74188232421875,49.062164306640625,158.4257354736328,128.39999389648438,529.33642578125,27.83688735961914,93.12799835205078,72.86422729492188,25.71816635131836,256.83447265625,40.807586669921875,8.020000457763672
2025-04-15,343.17999267578125,30.4709415435791,83.44078826904297,144.85133361816406,49.587162017822266,155.6768798828125,128.97999572753906,519.416748046875,28.254682540893555,97.62799835205078,73.14031219482422,26.001819610595703,260.814453125,40.97339630126953,8.25
2025-04-16,332.5,29.71802520751953,81.24213409423828,142.22506713867188,47.804161071777344,152.70895385742188,125.45999908447266,500.2840881347656,27.83688735961914,96.16300201416016,67.81875610351562,25.547971725463867,253.9007873535156,40.17198181152344,7.920000076293945
2025-04-17,338.9599914550781,30.125486373901367,83.24447631835938,144.85133361816406,47.516902923583984,150.54774475097656,127.22000122070312,499.4574890136719,28.19638442993164,97.3030014038086,69.72270965576172,25.67088508605957,256.2477111816406,40.568084716796875,8.109999656677246
2025-04-21,322.42999267578125,29.76231384277344,82.44942474365234,141.19049072265625,46.76408004760742,147.07188415527344,123.4800033569336,482.7052917480469,28.254682540893555,98.79100036621094,68.62793731689453,24.89555931091309,247.87693786621097,39.54558944702149,7.940000057220459
2025-04-22,331.3399963378906,30.293785095214844,84.50084686279297,145.10995483398438,47.744728088378906,150.8564910888672,128.5,498.2623291015625,28.866802215576172,104.03399658203124,69.75127410888672,25.491239547729492,252.59036254882812,39.78509140014648,7.949999809265137
2025-04-23,337.510009765625,30.532947540283203,85.67869567871094,142.98110961914062,48.20038604736328,154.7207794189453,131.27999877929688,518.1717529296875,28.798789978027344,104.95899963378906,69.73223876953125,25.70870780944824,253.61717224121097,39.33372497558594,8.329999923706055
2025-04-24,335.3299865722656,29.39914321899414,88.34849548339844,145.4282989501953,48.556983947753906,158.63485717773438,132.72000122070312,530.999755859375,29.333179473876953,109.68699645996094,72.70240783691406,26.03018569946289,256.3846435546875,39.435054779052734,8.5
2025-04-25,373.6499938964844,30.02804946899414,88.61351013183594,145.83615112304688,48.88386535644531,161.3040008544922,132.75999450683594,545.0628051757812,29.21658706665039,110.15299987792967,71.32202911376953,25.349409103393555,227.62472534179688,38.60600280761719,8.59000015258789
2025-04-28,376.8699951171875,29.912899017333984,88.4957275390625,145.95555114746094,49.042354583740234,159.95947265625,133.27000427246094,547.5228271484375,29.31374740600586,111.03800201416016,71.82658386230469,25.77489471435547,231.5363006591797,39.04816055297851,8.699999809265137
2025-04-29,386.3299865722656,30.06348419189453,89.48706817626953,145.20944213867188,49.16122055053711,159.51129150390625,132.3000030517578,552.203857421875,28.886234283447266,112.56400299072266,72.21690368652344,25.812713623046875,236.249755859375,39.56401062011719,8.770000457763672
2025-04-30,391.8599853515625,30.293785095214844,89.27113342285156,144.33401489257812,49.3197135925293,158.15679931640625,132.4499969482422,546.7858276367188,28.81822204589844,113.1719970703125,72.50249481201172,26.1909236907959,241.49127197265625,40.58650588989258,8.670000076293945
2025-05-01,383.0,29.95718765258789,89.13372039794922,144.34397888183594,48.755096435546875,160.64669799804688,131.33999633789062,569.9022827148438,29.546934127807617,113.34700012207033,72.11216735839844,26.134193420410156,241.54017639160156,39.88642501831055,8.430000305175781
2025-05-02,385.0,30.524089813232425,90.78270721435548,150.3126983642578,49.00273513793945,163.36563110351562,133.77000427246094,594.6121215820312,29.81899070739746,115.64900207519533,73.3687744140625,26.10582733154297,243.3786163330078,40.29173278808594,8.539999961853027
2025-05-05,394.239990234375,30.51523208618164,90.40972900390624,153.9337615966797,48.794715881347656,163.54489135742188,136.1199951171875,596.8531494140625,29.44005584716797,113.40599822998048,73.35926055908203,26.011274337768555,242.8114013671875,40.10749816894531,8.369999885559082
2025-05-06,402.010009765625,30.55066299438477,90.46861267089844,153.73477172851562,49.07207489013672,162.56886291503906,134.14999389648438,584.9413452148438,29.109704971313477,113.7689971923828,72.32161712646484,26.62586212158203,248.18983459472656,40.66941452026367,8.430000305175781
2025-05-07,404.1400146484375,30.46208381652832,100.20549774169922,154.68978881835938,50.330074310302734,150.766845703125,134.1300048828125,594.4030151367188,29.51778793334961,115.54100036621094,72.23593139648438,26.569135665893555,245.7059783935547,40.42990493774414,8.5600004196167
2025-05-08,404.4100036621094,30.31150245666504,103.1795654296875,154.84893798828125,49.94375991821289,153.65509033203125,134.69000244140625,595.5982055664062,26.69037628173828,114.44300079345705,72.78807067871094,25.97345542907715,242.01934814453125,40.17198181152344,9.010000228881836
2025-05-09,401.7300109863281,30.33807373046875,103.98443603515624,152.50125122070312,49.76546096801758,152.13131713867188,136.52000427246094,590.1004028320312,26.408605575561523,114.02200317382812,72.30255889892578,26.32329750061035,238.4206695556641,40.17198181152344,9.06999969482422
2025-05-12,402.5199890136719,30.75439453125,108.45044708251952,148.4922637939453,51.92486572265625,157.8181915283203,140.8300018310547,636.85107421875,27.593982696533203,111.0,73.87332916259766,25.538516998291016,235.0078125,39.610076904296875,9.229999542236328
2025-05-13,411.1300048828125,30.816394805908203,109.32400512695312,148.28334045410156,54.71823501586914,158.88385009765625,143.0,653.3841552734375,27.982627868652344,113.84400177001952,73.71149444580078,25.00902557373047,232.09368896484375,39.28766632080078,9.18000030517578
2025-05-14,413.8599853515625,30.612668991088867,110.855224609375,146.46286010742188,54.123897552490234,164.70018005371094,142.22000122070312,656.7007446289062,28.575315475463867,115.0989990234375,72.36920166015625,24.99956703186035,230.08900451660156,39.01131439208984,9.210000038146973
2025-05-15,419.5700073242187,31.294721603393555,110.14851379394533,148.79067993164062,54.936153411865234,163.29591369628906,145.4199981689453,641.283203125,28.152664184570312,117.7979965209961,72.6262435913086,25.841081619262695,234.85134887695312,40.0522346496582,9.140000343322754
2025-05-16,427.25,31.42759132385254,111.32635498046876,150.7504119873047,55.55030059814453,165.51686096191406,147.67999267578125,637.7574462890625,28.419857025146484,119.15299987792967,73.27359008789062,26.20983505249023,237.29611206054688,40.52202606201172,9.15999984741211
2025-05-19,418.6300048828125,31.39215660095215,110.58039855957033,149.69593811035156,55.2828483581543,165.8654327392578,148.3000030517578,637.8470458984375,29.08055877685547,119.16400146484376,73.26406860351562,26.493492126464844,238.8509521484375,40.81679916381836,9.050000190734863
2025-05-20,423.489990234375,31.525026321411133,110.28592681884766,151.12843322753906,55.966331481933594,163.31582641601562,146.2899932861328,634.530517578125,28.585033416748047,119.2020034790039,72.43584442138672,26.266563415527344,235.8781585693359,40.73389434814453,9.229999542236328
2025-05-21,415.44000244140625,31.090991973876953,108.42098999023438,149.71583557128906,54.619178771972656,167.8772735595703,144.1699981689453,632.9369506835938,28.50730323791504,119.46299743652344,69.99878692626953,25.97345542907715,235.43809509277344,40.30094528198242,8.949999809265137
2025-05-22,409.9299926757813,30.639244079589844,109.07862854003906,145.86599731445312,54.46068572998047,170.1779022216797,144.42999267578125,634.0026245117188,28.61418342590332,118.7969970703125,69.61799621582031,25.74652862548828,235.4967803955078,39.72982406616211,9.020000457763672
2025-05-23,406.3599853515625,30.577238082885746,107.69466400146484,146.1246337890625,54.52012634277344,167.78762817382812,145.00999450683594,624.5309448242188,28.380990982055664,118.53900146484376,69.61799621582031,25.926177978515625,237.51124572753903,39.904842376708984,9.0
2025-05-27,411.1300048828125,30.95812225341797,110.28592681884766,146.14454650878906,55.27294158935547,172.19969177246094,143.02000427246094,639.7294921875,29.459489822387695,121.15699768066406,70.68421936035156,25.89781379699707,237.98062133789065,40.070655822753906,9.550000190734863
2025-05-28,407.3800048828125,30.674673080444336,109.46142578125,146.30392456054688,55.6196403503418,171.66188049316406,140.22000122070312,640.984375,29.673246383666992,120.8550033569336,70.50334167480469,26.001819610595703,236.1715087890625,39.72982406616211,10.020000457763672
2025-05-29,395.80999755859375,30.364648818969727,109.9521942138672,142.27975463867188,54.23286437988281,171.16390991210938,136.14999389648438,642.4483642578125,29.323463439941406,118.48600006103516,70.55093383789062,25.888357162475582,234.0103759765625,39.914058685302734,10.039999961853027
2025-05-30,396.2699890136719,30.621522903442383,110.953369140625,143.21607971191406,54.42106628417969,171.04441833496094,137.19000244140625,644.8786010742188,29.090274810791016,120.7229995727539,69.9131088256836,26.28547477722168,237.7204437255859,40.49439239501953,9.970000267028809
2025-06-02,394.7799987792969,30.408937454223633,110.86502838134766,145.30783081054688,54.619178771972656,168.34535217285156,138.5500030517578,668.1941528320312,29.459489822387695,121.89800262451172,67.10478210449219,26.40839385986328,238.5645294189453,40.623348236083984,10.0
2025-06-03,390.7999877929687,30.701244354248047,111.50303649902344,145.6664276123047,54.747947692871094,165.5069122314453,136.63999938964844,664.1605224609375,29.580942153930664,121.79399871826172,68.02819061279297,26.436758041381836,239.3694000244141,40.37464141845703,9.9399995803833
2025-06-04,388.7699890136719,30.506372451782227,111.3950653076172,147.87771606445312,53.50975799560547,167.3693389892578,140.1699981689453,685.1754150390625,30.1590576171875,123.96600341796876,67.79020690917969,25.869447708129883,237.4849090576172,39.83115005493164,9.789999961853027
2025-06-05,391.2699890136719,30.31150245666504,110.45278930664062,147.3000030517578,53.33145523071289,167.5286865234375,144.02999877929688,681.8587646484375,30.60599899291992,125.052001953125,66.84774017333984,26.24765396118164,240.3705139160156,39.88642501831055,9.649999618530272
2025-06-06,396.4500122070313,30.736677169799805,111.79750061035156,148.98336791992188,53.856449127197266,172.9765167236328,144.14999389648438,694.8961181640625,30.936349868774418,124.14700317382812,67.99964141845703,26.550222396850582,241.3127593994141,40.34700393676758,9.81999969482422
2025-06-09,394.55999755859375,30.648096084594727,113.52500915527344,146.34373474121094,53.58899688720703,175.58908081054688,143.47999572753906,691.2608032226562,31.02379608154297,122.4459991455078,68.11388397216797,26.342208862304688,233.549072265625,40.20883560180664,9.529999732971191
2025-06-10,406.7699890136719,31.55160140991211,116.53834533691406,146.58282470703125,54.21305084228515,178.09194946289062,143.7100067138672,699.567138671875,30.800323486328125,120.36199951171876,70.38272857666016,26.87170028686523,232.5970001220703,40.65099334716797,10.010000228881836
2025-06-11,399.7900085449219,31.16185188293457,117.31375885009766,147.1007537841797,54.14371109008789,176.84548950195312,143.58999633789062,691.3404541015625,30.644868850708008,121.98799896240234,70.46926879882812,26.796056747436523,226.6687164306641,40.29173278808594,10.510000228881836
2025-06-12,396.8999938964844,31.24157333374023,116.4205551147461,149.46148681640625,53.3116455078125,175.2001953125,141.30999755859375,690.5635986328125,29.789840698242188,121.50299835205078,68.44075775146484,26.72987174987793,224.47015380859375,39.7574577331543,10.15999984741211
2025-06-13,388.7200012207031,31.01127243041992,115.76293182373048,147.89764404296875,53.1828727722168,174.17311096191406,138.1699981689453,680.1159057617188,29.3428955078125,121.21499633789062,66.79679107666016,26.65422821044922,223.7830810546875,39.61928176879883,10.029999732971191
2025-06-16,375.2300109863281,31.099849700927734,117.27449798583984,150.50735473632812,54.79747772216797,176.26715087890625,142.32000732421875,699.8262939453125,29.91615104675293,122.53500366210938,67.93121337890625,26.446210861206055,226.71780395507812,39.14949035644531,10.760000228881836
2025-06-17,373.6199951171875,30.586095809936523,115.94940948486328,149.74038696289062,53.569190979003906,175.449462890625,145.58999633789062,694.9522094726562,29.41090965270996,122.06700134277344,66.54682922363281,26.143646240234375,217.3345947265625,38.55073547363281,10.579999923706056
2025-06-18,377.4299926757813,30.3469295501709,115.68440246582033,150.4077606201172,54.1932373046875,172.8269805908203,148.25999450683594,693.4970703125,29.44005584716797,122.22899627685548,66.73910522460938,26.153100967407227,216.9027404785156,38.38492202758789,10.56999969482422
2025-06-20,386.3699951171875,30.586095809936523,115.4586410522461,149.969482421875,54.7281379699707,166.16598510742188,148.8699951171875,680.1207885742188,29.72182846069336,123.14099884033205,67.5658950805664,26.257110595703125,217.4229278564453,38.41256332397461,10.520000457763672
2025-06-23,392.5799865722656,30.639244079589844,115.57643127441406,153.80438232421875,55.55030059814453,164.7200927734375,150.69000244140625,696.2481079101562,30.071611404418945,125.35399627685548,68.9310531616211,26.663684844970703,222.78195190429688,39.02052688598633,10.68000030517578
2025-06-24,403.5,31.18842506408691,116.95645141601562,157.33047485351562,55.37200164794922,166.29559326171875,147.77999877929688,709.8734741210938,30.674015045166016,127.91100311279295,69.6809310913086,26.73932456970215,225.56944274902344,39.26924133300781,10.899999618530272
2025-06-25,398.8500061035156,30.860685348510746,117.71546173095705,157.2010040283203,55.461151123046875,170.19447326660156,146.19000244140625,706.3648681640625,29.984167098999023,127.5250015258789,67.9600601196289,26.39893913269043,226.62942504882812,38.7994499206543,10.869999885559082
2025-06-26,394.010009765625,31.18842506408691,119.7263412475586,157.11135864257812,56.144630432128906,173.04632568359375,147.1999969482422,723.7179565429688,29.556652069091797,130.66700744628906,68.4695816040039,26.474578857421875,227.1398468017578,38.78102111816406,11.149999618530272
2025-06-27,400.9700012207031,31.285865783691406,120.59378051757812,157.12130737304688,56.25359344482422,178.02212524414062,149.99000549316406,731.2333984375,29.97444725036621,132.31199645996094,68.60417938232422,26.550222396850582,230.8990020751953,38.97447204589844,11.300000190734863
2025-06-30,408.80999755859375,31.61359977722168,122.2399444580078,159.07362365722656,55.51067733764648,175.7286834716797,151.27999877929688,735.6788330078125,30.01331329345703,133.91299438476562,69.16178131103516,27.363370895385746,233.8533172607422,39.858787536621094,11.460000038146973
2025-07-01,418.2200012207031,32.18050765991211,121.72736358642578,158.43612670898438,55.44134140014648,175.3397979736328,149.8800048828125,716.870361328125,31.58733558654785,129.36000061035156,70.97879791259766,27.306638717651367,237.0431976318359,40.23646545410156,10.9399995803833
2025-07-02,412.260009765625,32.02854537963867,121.22464752197266,156.4141082763672,54.60927200317383,178.13182067871094,149.11000061035156,711.2388916015625,31.51932144165039,128.48599243164062,72.12284088134766,26.767690658569336,233.0288543701172,40.15355682373047,11.119999885559082
2025-07-03,416.9700012207031,32.17156219482422,122.2300796508789,154.76060485839844,55.718692779541016,179.019287109375,149.27000427246094,716.6611328125,31.802753448486328,129.71800231933594,71.8248062133789,26.814966201782227,236.2972717285156,40.11671447753906,11.220000267028809
2025-07-07,408.3200073242187,31.679922103881836,121.4020767211914,152.92782592773438,54.33191680908203,176.28707885742188,147.38999938964844,716.0033569335938,31.10883903503418,128.96200561523438,70.98841094970703,26.86224365234375,233.2349853515625,39.42583465576172,11.020000457763672
2025-07-08,411.6600036621094,32.180503845214844,120.08120727539062,152.0413055419922,54.56965255737305,173.86399841308594,144.42999267578125,718.315673828125,31.70501708984375,127.53099822998048,71.77674865722656,26.748781204223633,231.60568237304688,39.665340423583984,11.40999984741211
2025-07-09,403.55999755859375,31.8408203125,118.8884735107422,152.08116149902344,54.688514709472656,176.11758422851562,143.55999755859375,730.3861694335938,32.12527847290039,128.8280029296875,69.70015716552734,26.569135665893555,228.01336669921875,39.25082015991211,11.489999771118164
2025-07-10,401.5799865722656,31.66204071044922,119.82491302490234,150.70657348632812,56.19416046142578,177.11471557617188,144.4600067138672,724.8641967773438,32.8485107421875,125.05899810791016,70.59423828125,26.37622833251953,223.9302978515625,39.342552185058594,11.649999618530272
2025-07-11,392.2000122070313,31.27766227722168,118.1590347290039,148.1068115234375,54.58946228027344,179.67742919921875,143.94000244140625,715.166015625,31.753890991210938,124.51100158691406,69.94049835205078,25.7554988861084,223.54751586914065,38.95876693725586,11.729999542236328
2025-07-14,399.6099853515625,31.85869789123535,118.25760650634766,148.24624633789062,55.43143081665039,181.04351806640625,148.4600067138672,718.5648803710938,31.519325256347656,126.19499969482422,69.8443603515625,25.936941146850582,223.9302978515625,38.92132568359375,12.010000228881836
2025-07-15,383.3299865722656,31.036306381225582,117.28173828125,148.15663146972656,55.10455322265625,181.48228454589844,146.07000732421875,708.0693359375,31.147932052612305,126.0270004272461,68.04657745361328,25.803247451782227,221.8397216796875,38.62178421020508,12.029999732971191
2025-07-16,379.6199951171875,30.750261306762695,118.10974884033205,148.7642364501953,55.15407943725586,182.4495086669922,148.58999633789062,700.6136474609375,31.49000358581543,125.03099822998048,71.19029998779297,25.736398696899418,224.5093994140625,38.612422943115234,12.579999923706056
2025-07-17,383.55999755859375,31.018430709838867,120.46562957763672,149.24234008789062,55.85736846923828,183.0577850341797,150.72000122070312,699.1185913085938,31.617053985595703,127.41699981689452,68.12348937988281,25.77459716796875,222.83102416992188,38.33160781860352,12.84000015258789
2025-07-18,382.0799865722656,30.87540626525879,119.6869125366211,149.521240234375,55.718692779541016,184.5335693359375,150.49000549316406,701.979248046875,31.714794158935547,120.92400360107422,68.31576538085938,25.726852416992188,223.00770568847656,38.22864532470703,12.75
2025-07-21,388.8900146484375,31.295541763305664,119.1151885986328,152.7883758544922,54.94606018066406,189.55923461914065,149.44000244140625,710.6408081054688,31.9298038482666,123.3270034790039,67.69087219238281,26.14703369140625,228.317626953125,39.77313995361328,12.800000190734863
2025-07-22,395.8500061035156,31.527952194213867,119.33204650878906,156.40414428710938,55.38190460205078,190.7957000732422,150.97000122070312,702.5074462890625,33.053749084472656,119.00800323486328,72.30550384521484,26.18523597717285,228.9359893798828,40.21308135986328,12.850000381469728
2025-07-23,398.1099853515625,31.99279022216797,121.18521881103516,153.12705993652344,55.93661880493164,189.68885803222656,153.6699981689453,711.2488403320312,33.102622985839844,117.6780014038086,74.87238311767578,26.50037384033203,229.60340881347656,40.10076141357422,13.3100004196167
2025-07-24,380.0,31.617347717285156,120.20934295654295,152.0413055419922,55.73850631713867,191.62335205078125,152.88999938964844,712.46484375,33.312747955322266,118.07599639892578,74.08405303955078,26.662717819213867,242.9224090576172,40.32541275024414,13.5
2025-07-25,309.75,30.10664939880371,119.73619842529295,151.0850830078125,56.13472366333008,192.6304626464844,153.05999755859375,710.3517456054688,33.77698516845703,118.04900360107422,73.52645874023438,26.739118576049805,239.0454864501953,40.32541275024414,13.489999771118164
2025-07-28,298.2699890136719,29.972564697265625,118.6519012451172,151.39385986328125,55.86727523803711,192.0321807861328,153.0800018310547,715.28564453125,33.38604736328125,117.45999908447266,71.7479019165039,26.357128143310547,233.78460693359375,39.65145492553711,13.699999809265137
2025-07-29,280.67999267578125,29.346834182739254,118.1984634399414,147.21034240722656,55.391807556152344,195.19314575195312,150.49000549316406,697.7131958007812,33.283424377441406,116.8740005493164,71.44986724853516,26.175683975219727,234.82501220703125,39.97907257080078,13.119999885559082
2025-07-30,279.8900146484375,29.05184555053711,117.83374786376952,155.64712524414062,54.936153411865234,195.970947265625,152.19000244140625,692.9389038085938,33.52287673950195,118.41999816894533,69.8443603515625,26.26163101196289,237.1119079589844,39.876102447509766,13.260000228881836
2025-07-31,269.3599853515625,29.70439338684082,117.40988159179688,151.8918914794922,55.23331832885742,191.35411071777344,147.6999969482422,770.913330078125,33.49355697631836,115.94000244140624,69.26753234863281,26.175683975219727,234.00054931640625,40.025875091552734,13.170000076293944
2025-08-01,264.69000244140625,29.06972312927246,114.92584991455078,156.46389770507812,55.01539993286133,188.59201049804688,146.13999938964844,747.5598754882812,32.8387336730957,115.86000061035156,68.36383819580078,26.50037384033203,232.81292724609375,40.138206481933594,12.869999885559082
2025-08-04,261.75,29.105478286743164,117.64645385742188,159.1433563232422,56.44179916381836,194.48516845703125,151.2899932861328,773.833740234375,33.11239242553711,117.0989990234375,69.26753234863281,26.43352508544922,236.55245971679688,40.2037239074707,12.800000190734863
2025-08-05,265.9800109863281,29.060781478881836,116.63116455078124,160.35858154296875,54.37154006958008,194.11622619628903,150.4199981689453,760.9659423828125,32.96579360961914,114.78700256347656,69.805908203125,26.519474029541016,234.51092529296875,39.94163131713867,12.720000267028809
2025-08-06,262.0400085449219,28.74791717529297,113.52611541748048,162.36068725585938,53.68805694580078,195.53219604492188,149.2899932861328,769.468017578125,36.42559051513672,117.8479995727539,70.13277435302734,26.2520809173584,234.79556274414065,39.64208984375,12.789999961853027
2025-08-07,258.7799987792969,28.309907913208008,111.26880645751952,162.11166381835938,53.36117172241211,195.96096801757812,148.27000427246094,759.3412475585938,35.526432037353516,118.03700256347656,69.87321472167969,26.796415328979492,238.43695068359375,40.2037239074707,11.859999656677246
2025-08-08,256.57000732421875,28.309907913208008,110.82523345947266,166.98248291015625,53.50975799560547,200.84703063964844,153.1300048828125,766.7868041992188,35.27232360839844,121.16400146484376,70.1231689453125,26.815513610839844,240.4490203857422,40.39094161987305,10.90999984741211
2025-08-11,258.7699890136719,28.077489852905273,110.94351959228516,175.4192657470703,53.985225677490234,200.42822265625,154.47000122070312,763.3680419921875,34.89115905761719,121.83100128173828,70.1231689453125,26.872812271118164,244.26708984375,40.41902160644531,10.779999732971191
2025-08-12,263.1000061035156,28.69428253173828,112.0968246459961,177.21221923828125,55.59982681274414,202.76156616210935,158.42999267578125,787.419189453125,35.594844818115234,122.52799987792967,70.83458709716797,27.19750213623047,247.614013671875,40.48454666137695,11.220000267028809
2025-08-13,269.0,29.445161819458008,114.9751434326172,177.7002716064453,58.56158447265625,201.385498046875,158.8699951171875,777.5316772460938,37.86228561401367,120.44400024414062,73.516845703125,27.121103286743164,246.20066833496097,40.915130615234375,12.050000190734863
2025-08-14,263.20001220703125,29.409406661987305,114.64984130859376,178.307861328125,59.324310302734375,202.3627166748047,161.60000610351562,779.5748901367188,37.78409576416016,123.05599975585938,72.49778747558594,27.45534324645996,245.68045043945312,40.71855926513672,11.779999732971191
2025-08-15,267.79998779296875,29.90105438232422,113.74298095703124,173.9849090576172,57.80876159667969,203.31997680664065,160.92999267578125,782.664794921875,37.41270065307617,123.8949966430664,73.3630142211914,27.56994247436523,249.92054748535156,41.4112434387207,11.850000381469728
2025-08-18,266.80999755859375,29.88317489624023,114.8864288330078,168.49652099609375,57.02622604370117,202.92111206054688,162.1199951171875,764.8631591796875,36.982669830322266,124.50900268554688,73.21881866455078,27.617687225341797,250.4603729248047,41.55165100097656,11.81999969482422
2025-08-19,267.010009765625,30.294370651245117,114.61041259765624,170.0105743408203,57.60074996948242,200.99661254882812,162.89999389648438,749.0250854492188,36.9924430847168,121.41500091552734,74.67050170898438,27.674985885620117,253.44418334960935,42.06648635864258,11.5600004196167
2025-08-20,266.6199951171875,29.75802993774414,115.3694305419922,170.65802001953125,58.41300582885742,198.7530212402344,161.89999389648438,745.2772827148438,36.171478271484375,121.38600158691406,74.70894622802734,27.96147727966309,254.2195587158203,42.17881393432617,11.539999961853027
2025-08-21,267.9800109863281,30.03513526916504,114.55126953125,170.87716674804688,58.472434997558594,199.1817626953125,162.47000122070312,736.6854248046875,35.95646667480469,120.62100219726562,74.48783874511719,28.11427116394043,253.38525390625,42.150726318359375,11.59000015258789
2025-08-22,277.5799865722656,30.526782989501953,117.1634521484375,170.7277374267578,58.85874938964844,205.5037384033203,165.72000122070312,752.32421875,36.45490646362305,120.46499633789062,76.60287475585938,27.474443435668945,247.2901153564453,41.59845352172851,12.050000190734863
2025-08-25,273.44000244140625,30.40163803100586,116.02986145019533,172.0823974609375,59.205448150634766,207.8969268798828,165.83999633789062,750.839111328125,36.337623596191406,121.80699920654295,76.09334564208984,27.445791244506836,247.08401489257812,41.401878356933594,12.039999961853027
2025-08-26,266.6700134277344,30.10664939880371,115.9707260131836,171.55447387695312,58.51205825805664,206.55076599121097,166.6199951171875,751.636474609375,36.45490646362305,122.60900115966795,74.90123748779297,27.27389907836914,246.55398559570312,41.149147033691406,11.800000190734863
2025-08-27,269.1499938964844,30.22285842895508,116.40443420410156,172.1129150390625,58.95780944824219,206.88978576660156,165.57000732421875,744.9384765625,36.59173202514648,122.3499984741211,75.42999267578125,27.751380920410156,246.7110290527344,41.43932342529297,12.149999618530272
2025-08-28,263.6300048828125,30.00832176208496,115.96086883544922,170.5074462890625,58.89837265014648,211.0379638671875,166.6199951171875,748.6563110351562,36.200801849365234,123.1449966430664,74.72818756103516,27.63678741455078,245.9258270263672,41.12106704711914,12.0600004196167
2025-08-29,265.5799865722656,30.365880966186523,116.69029998779295,171.46473693847656,59.136104583740234,212.30435180664065,166.49000549316406,736.286865234375,36.49399948120117,120.8249969482422,75.30501556396484,27.971027374267575,248.20111083984375,41.401878356933594,11.640000343322754
2025-09-02,264.4200134277344,30.5089054107666,116.58187103271484,170.9661407470703,60.47335433959961,210.748779296875,165.47000122070312,732.70849609375,36.14215469360352,121.41100311279295,74.62596893310547,27.770483016967773,252.04244995117188,40.9993782043457,11.619999885559082
2025-09-03,261.2200012207031,30.294370651245117,115.70457458496094,167.3862762451172,59.78672409057617,230.00384521484375,161.97000122070312,734.6421508789062,36.738338470458984,122.61799621582033,75.2080078125,27.73228454589844,248.86102294921875,40.94321060180664,11.920000076293944
2025-09-04,259.510009765625,30.348003387451172,117.1141586303711,167.55580139160156,60.513160705566406,231.6392059326172,162.97999572753906,746.204345703125,36.542869567871094,125.7480010986328,76.18775939941406,28.24796485900879,248.3291473388672,41.355079650878906,11.770000457763672
2025-09-05,261.5,30.31224822998047,116.22701263427734,168.1441192626953,61.19979095458984,234.3314971923828,163.4199981689453,749.9918823242188,37.30519485473633,124.38200378417967,77.05109405517578,28.25751686096191,248.9595184326172,41.542293548583984,12.109999656677246
2025-09-08,263.8800048828125,30.392698287963867,117.14373779296876,167.58570861816406,62.17500686645508,233.5829620361328,169.39999389648438,749.8423461914062,37.8916015625,124.47599792480467,76.57577514648438,27.598588943481445,239.2477569580078,40.55006790161133,12.350000381469728
2025-09-09,263.3500061035156,30.09771156311035,115.6947250366211,165.5714111328125,58.35375213623047,239.1620635986328,170.3000030517578,763.1985473632812,37.34428787231445,126.3249969482422,75.40202331542969,28.095170974731445,239.0704803466797,40.78408432006836,12.260000228881836
2025-09-10,263.0,29.927867889404297,114.13726806640624,169.7894744873047,56.91082763671875,238.70294189453125,170.89999389648438,749.5234375,37.04131317138672,124.77100372314452,73.72383117675781,27.885080337524418,236.7656707763672,40.70920181274414,12.539999961853027
2025-09-11,263.9200134277344,29.85635757446289,115.40885925292967,169.41053771972656,58.44331359863281,239.90060424804688,174.05999755859375,748.447021484375,37.15859603881836,120.3499984741211,75.50871276855469,28.162019729614254,237.7604827880859,41.3176383972168,16.170000076293945
2025-09-12,263.3999938964844,29.552431106567383,114.30484771728516,171.89352416992188,57.96565628051758,240.3297576904297,173.72999572753906,753.1216430664062,36.89471435546875,118.84400177001952,74.88787841796875,28.23841667175293,238.08551025390625,41.15850830078125,18.8700008392334
2025-09-15,260.7200012207031,29.15911293029785,113.9697036743164,171.28524780273438,58.48311996459961,251.11865234375,172.3800048828125,762.2018432617188,36.621055603027344,120.22599792480467,74.5483627319336,28.28616714477539,236.13528442382812,41.06489944458008,19.459999084472656
2025-09-16,261.0799865722656,28.864126205444336,113.58527374267578,171.59437561035156,57.1894645690918,250.66954040527344,170.4199981689453,776.4551391601562,36.59173202514648,120.0510025024414,74.59687042236328,28.00922393798828,234.0471649169922,40.94321060180664,18.25
2025-09-17,268.0199890136719,28.98927116394043,114.44284057617188,173.10009765625,58.93092346191406,249.0427093505859,169.3699951171875,773.1858520507812,36.738338470458984,122.8499984741211,74.30585479736328,28.209766387939453,235.84963989257812,41.38315963745117,17.989999771118164
2025-09-18,262.1700134277344,28.2830867767334,113.22054290771484,172.68128967285156,59.54789352416992,251.537841796875,164.67999267578125,777.7011108398438,37.69613265991211,120.77799987792967,73.76262664794922,27.885080337524418,235.23898315429688,40.877685546875,18.700000762939453
2025-09-19,262.54998779296875,28.238391876220703,112.13624572753906,172.6015167236328,60.3240852355957,254.22259521484375,163.72000122070312,775.837158203125,37.637489318847656,122.6969985961914,72.76348114013672,27.70363426208496,234.58889770507812,40.69983673095703,19.329999923706055
2025-09-22,266.1300048828125,28.149002075195312,110.953369140625,172.9305877685547,62.11529922485352,252.0368499755859,165.14999389648438,763.1751098632812,35.60462188720703,122.73699951171876,72.2978515625,27.617687225341797,233.8698883056641,40.400299072265625,19.61000061035156
2025-09-23,267.0400085449219,28.265209197998047,110.6478042602539,173.57876586914062,61.30925369262695,251.16856384277344,164.1300048828125,753.4404907226562,36.103065490722656,121.84700012207033,73.99543762207031,27.493541717529297,235.88905334472656,40.57815170288086,19.559999465942383
2025-09-24,263.3900146484375,28.256269454956055,111.81095886230467,166.8777313232422,59.8663330078125,246.65737915039065,162.0800018310547,758.686767578125,35.2820930480957,120.3949966430664,74.76177978515625,27.044706344604492,234.81544494628903,40.41902160644531,19.81999969482422
2025-09-25,270.57000732421875,28.265209197998047,111.37723541259766,167.84500122070312,59.93598937988281,245.3100128173828,161.99000549316406,746.9672241210938,35.07685089111328,120.8239974975586,73.607421875,27.025606155395508,234.36236572265625,40.57815170288086,19.780000686645508
2025-09-26,273.3999938964844,28.35459899902344,111.8503875732422,192.80433654785156,60.85150146484375,246.0585479736328,161.7899932861328,741.8206176757812,35.418922424316406,121.06099700927734,74.74237823486328,27.035154342651367,233.8994140625,40.82152557373047,19.510000228881836
2025-09-29,276.1199951171875,28.149002075195312,113.14168548583984,201.47979736328125,62.573055267333984,243.5734100341797,164.36000061035156,741.4716186523438,35.673030853271484,120.64099884033205,76.76008605957031,26.805965423583984,234.3820648193359,40.48454666137695,18.86000061035156
2025-09-30,275.1099853515625,28.086429595947266,112.86568450927734,201.1307678222656,62.75217819213867,242.6252899169922,163.39999389648438,732.4749145507812,34.51976776123047,119.89199829101562,79.08820343017578,26.96830940246582,235.78070068359375,41.13978576660156,19.530000686645508
2025-10-01,275.1000061035156,27.95092010498047,111.33780670166016,201.0609893798828,61.587886810302734,244.4217529296875,158.8800048828125,715.4791870117188,33.84539794921875,117.08999633789062,75.13040161132812,26.30937957763672,229.75271606445312,41.02745819091797,19.350000381469727
2025-10-02,269.6099853515625,27.463088989257812,110.53936767578124,200.4327392578125,61.75706100463867,245.210205078125,156.6699981689453,725.1639404296875,33.97245407104492,116.25299835205078,74.5483627319336,25.793699264526367,226.67962646484375,40.62495422363281,19.239999771118164
2025-10-03,280.010009765625,27.914785385131836,110.86466217041016,200.1236267089844,61.65754318237305,244.8708953857422,156.32000732421875,708.7167358398438,33.726776123046875,115.33200073242188,75.28560638427734,25.84144592285156,226.8076934814453,40.877685546875,18.989999771118164
2025-10-06,282.739990234375,28.086427688598633,111.14066314697266,199.894287109375,61.080379486083984,249.94094848632812,155.94000244140625,713.8035278320312,33.41230773925781,116.33100128173828,76.14895629882812,24.70503616333008,221.5775451660156,38.79027557373047,19.079999923706055
2025-10-07,276.4800109863281,27.643768310546875,110.9238052368164,199.4555206298828,61.209739685058594,245.2800750732422,155.3300018310547,711.230224609375,32.52786636352539,119.1060028076172,77.37122344970703,24.98197555541992,224.25662231445312,38.752838134765625,18.600000381469727
2025-10-08,274.3699951171875,27.797346115112305,110.29293823242188,199.445556640625,59.8663330078125,244.14230346679688,149.9499969482422,715.9779052734375,32.63595962524414,121.4250030517578,77.24510192871094,25.067920684814453,223.1731719970703,38.677947998046875,17.889999389648438
2025-10-09,265.0,27.17400360107422,109.40577697753906,199.4854278564453,58.5826301574707,241.0583343505859,152.75,731.6072387695312,31.9185791015625,123.10700225830078,75.27590942382812,24.92467880249023,222.80874633789065,38.21928024291992,17.670000076293945
2025-10-10,259.489990234375,26.613903045654297,107.63147735595705,199.4555206298828,56.990440368652344,236.10804748535156,152.9600067138672,703.4703979492188,30.90638542175293,122.00800323486328,74.20884704589844,24.971010208129883,225.3499298095703,37.943153381347656,17.100000381469727
2025-10-13,258.7300109863281,26.56873321533203,108.69606018066406,199.72474670410156,57.81638717651367,243.6732177734375,153.86000061035156,713.8433837890625,31.564802169799805,121.90299987792967,74.21855163574219,24.70073699951172,221.6760101318359,37.84794235229492,17.780000686645508
2025-10-14,266.25,27.09269905090332,109.58321380615234,199.635009765625,57.82633972167969,244.97067260742188,152.8300018310547,706.811767578125,31.879270553588867,121.53500366210938,76.19745635986328,25.221973419189453,225.970458984375,38.60966491699219,17.979999542236328
2025-10-15,264.55999755859375,26.848783493041992,110.1155014038086,200.1834716796875,57.269073486328125,250.5397796630859,155.22999572753906,715.6885986328125,32.301841735839844,120.3290023803711,76.9346923828125,25.164058685302734,223.2421112060547,38.44779968261719,18.450000762939453
2025-10-16,255.33999633789065,26.43322372436523,108.3116226196289,199.7845916748047,56.72175598144531,250.9689483642578,151.7100067138672,710.2228393554688,31.79082489013672,118.35900115966795,74.89759063720703,25.289541244506836,223.04510498046875,38.42875671386719,18.290000915527344
2025-10-17,253.16000366210935,26.686174392700195,109.09034729003906,199.7347412109375,57.78653335571289,252.8053436279297,155.19000244140625,715.0602416992188,31.86944580078125,119.93599700927734,75.19830322265625,25.4246768951416,225.88180541992188,38.60966491699219,18.190000534057617
2025-10-20,251.5099945068359,26.713275909423828,110.3619384765625,200.02391052246097,57.895999908447266,256.04901123046875,156.77000427246094,730.2706909179688,32.40993881225586,123.8560028076172,75.8482437133789,25.193017959594727,226.63038635253903,38.84769821166992,18.31999969482422
2025-10-21,252.52000427246097,27.074630737304688,112.66854095458984,199.98402404785156,58.44331359863281,249.9709014892578,157.24000549316406,731.3678588867188,32.488555908203125,124.13500213623048,76.35266876220703,25.144752502441406,225.63555908203125,38.37162399291992,20.329999923706055
2025-10-22,244.94000244140625,26.5596981048584,111.46595001220705,200.1834716796875,58.29404830932617,251.1985015869141,156.14999389648438,731.5074462890625,32.596649169921875,111.63700103759766,78.79719543457031,24.662128448486328,223.98081970214844,37.89554977416992,20.530000686645508
2025-10-23,243.9199981689453,26.4693603515625,111.41666412353516,200.0538330078125,58.52292251586914,252.58580017089844,153.3300018310547,732.095947265625,32.18391799926758,111.35900115966795,77.92414855957031,23.764448165893555,216.6822509765625,36.56254196166992,21.25
2025-10-24,244.1999969482422,26.451292037963867,110.0859375,200.273193359375,59.09014129638672,259.4124450683594,152.86000061035156,736.444580078125,32.0561637878418,109.46900177001952,76.63397979736328,24.266374588012695,214.49562072753903,36.96244430541992,21.149999618530273
2025-10-27,245.44000244140625,26.577768325805664,110.73651123046876,199.9341583251953,60.97091293334961,268.744140625,153.1699981689453,748.872314453125,32.25270080566406,109.45600128173828,76.82798767089844,24.642824172973633,217.36187744140625,37.35282516479492,21.040000915527344
2025-10-28,248.8800048828125,26.451292037963867,110.05636596679688,199.7347412109375,60.81169509887695,266.94769287109375,151.07000732421875,749.49072265625,32.1151237487793,110.25,74.61626434326172,24.80691719055176,216.6822509765625,37.43851852416992,20.989999771118164
2025-10-29,241.55999755859375,25.77374839782715,108.66648864746094,199.635009765625,60.513160705566406,274.0338439941406,149.19000244140625,749.7201538085938,31.476356506347656,110.04100036621094,72.98658752441406,24.266374588012695,211.77713012695312,38.28593063354492,21.34000015258789
2025-10-30,230.9199981689453,24.680644989013672,110.24365234375,199.3557891845703,65.19021606445312,280.93035888671875,148.02000427246094,664.7410888671875,31.74169158935547,108.9000015258789,72.80228424072266,23.82236099243164,207.482666015625,37.09574508666992,21.6200008392334
2025-10-31,233.83999633789065,25.150407791137695,111.01252746582033,199.4954071044922,64.33441925048828,280.640869140625,149.52999877929688,646.6680908203125,31.7810001373291,111.88600158691406,72.77317810058594,23.88992691040039,206.8917236328125,37.83842086791992,22.450000762939453
2025-11-03,222.1999969482422,24.37349319458008,110.51966094970705,199.3258819580078,63.30944061279297,283.16595458984375,149.83999633789062,636.0557861328125,31.938234329223633,110.00900268554688,70.8427734375,23.677574157714844,200.2628936767578,37.58134460449219,22.290000915527344
2025-11-04,220.91000366210935,24.789051055908203,109.87893676757812,200.21337890625,64.21499633789062,276.9980163574219,150.75,625.6926879882812,31.004655838012695,109.2959976196289,71.3375015258789,23.59070205688477,203.188232421875,37.43851852416992,22.600000381469727
2025-11-05,225.1499938964844,25.24074935913086,109.77050018310548,200.17349243164065,64.46377563476562,283.7547607421875,134.7899932861328,634.30029296875,32.61630630493164,109.84600067138672,71.20169830322266,23.706531524658203,201.66156005859375,37.790809631347656,22.760000228881836
2025-11-06,217.86000061035156,24.67160987854004,108.91291809082033,199.81451416015625,65.38923645019531,284.1939392089844,137.77000427246094,617.3344116210938,32.08564376831055,109.7020034790039,70.80397033691406,23.880277633666992,197.9876251220703,37.91459274291992,22.420000076293945
2025-11-07,219.86000061035156,24.707746505737305,109.15935516357422,200.0338897705078,65.6479721069336,278.2854919433594,140.50999450683594,620.0972290039062,32.301841735839844,110.36599731445312,72.05534362792969,23.96714973449707,203.88755798339844,38.11454772949219,22.670000076293945
2025-11-10,210.4499969482422,24.49996757507324,110.637939453125,200.8316192626953,66.20523834228516,289.5334777832031,143.35000610351562,630.1211547851562,32.73423385620117,112.00700378417967,70.56146240234375,23.96714973449707,202.77455139160156,37.943153381347656,22.979999542236328
2025-11-11,209.22000122070312,24.798084259033203,113.21068572998048,201.3601226806641,66.11567687988281,290.74114990234375,141.85000610351562,625.453369140625,32.37062454223633,113.6439971923828,71.69642639160156,24.30498695373535,208.7926788330078,38.75248718261719,23.049999237060547
2025-11-12,213.07000732421875,25.19557762145996,114.98500061035156,201.429931640625,66.38436126708984,286.15008544921875,140.49000549316406,607.43017578125,32.419769287109375,115.75,71.87103271484375,24.75865364074707,209.4821624755859,38.84769821166992,22.190000534057617
2025-11-13,204.8000030517578,25.267847061157227,106.07402801513672,200.7717742919922,65.12055969238281,278.0260009765625,136.82000732421875,608.3079223632812,31.977542877197266,115.4229965209961,70.87187957763672,24.855178833007812,211.34376525878903,39.14286804199219,22.13999938964844
2025-11-14,203.1000061035156,24.8522891998291,104.28986358642578,200.4925842285156,64.52348327636719,275.8702392578125,135.86000061035156,607.8790283203125,31.72203826904297,111.21700286865234,70.06673431396484,24.70073699951172,212.83103942871097,39.09526062011719,23.030000686645508
2025-11-17,201.83999633789065,24.590307235717773,104.18143463134766,200.20339965820312,64.23490905761719,284.46337890625,132.4199981689453,600.4483032226562,31.034135818481445,110.29000091552734,70.8427734375,24.58490753173828,212.5946502685547,39.04765319824219,22.739999771118164
2025-11-18,200.69000244140625,24.716781616210938,104.76300811767578,201.2404632568359,64.64289855957031,283.724853515625,131.3300018310547,596.1395874023438,30.94569206237793,114.08999633789062,71.3375015258789,24.710390090942383,209.8761444091797,39.49515914916992,23.690000534057617
2025-11-19,194.22000122070312,24.27411842346191,103.17598724365234,201.01112365722656,64.46377563476562,292.2381896972656,130.0,588.7886352539062,30.965347290039062,110.0,69.8436279296875,24.39185905456543,208.09336853027344,39.21903610229492,23.09000015258789
2025-11-20,194.7100067138672,24.05730438232422,101.2341079711914,200.5524139404297,64.822021484375,288.884765625,129.00999450683594,587.6217651367188,30.709840774536133,105.66999816894533,69.3683090209961,24.63317108154297,207.34478759765625,38.80961227416992,22.8799991607666
2025-11-21,203.0,24.707746505737305,102.79155731201172,200.1236267089844,65.36933898925781,299.0748291015625,130.6300048828125,592.70849609375,31.71221160888672,104.30999755859376,72.62767791748047,25.02892303466797,206.33026123046875,39.25712585449219,23.170000076293945
2025-11-24,199.0800018310547,23.903728485107425,100.4849624633789,200.48260498046875,63.98612594604492,317.9578552246094,125.61000061035156,611.459716796875,31.987369537353516,106.97000122070312,72.58887481689453,24.72969627380371,204.22244262695312,38.28593063354492,22.86000061035156
2025-11-25,200.7599945068359,24.102474212646484,101.83539581298828,201.0908966064453,64.41402435302734,322.8083801269531,129.55999755859375,634.569580078125,32.81285095214844,104.4000015258789,70.66815948486328,24.96135711669922,203.78904724121097,38.64775085449219,22.959999084472656
2025-11-26,199.80999755859375,24.003101348876953,101.95369720458984,201.35015869140625,64.73246765136719,319.3252258300781,131.0500030517578,631.9664306640625,32.64579391479492,106.13999938964844,69.35859680175781,24.922746658325195,204.63043212890625,38.92387390136719,23.8799991607666
2025-11-28,200.1199951171875,24.111507415771484,102.97885131835938,201.4598388671875,65.18026733398438,319.5547790527344,131.4499969482422,646.2691650390625,32.73423385620117,107.58000183105467,69.47500610351562,25.11579704284668,206.8872833251953,39.14286804199219,24.0
2025-12-01,196.94000244140625,24.012136459350582,105.24601745605467,202.0481719970703,66.06591796875,314.2751159667969,131.10000610351562,639.2075805664062,33.166629791259766,109.12999725341795,69.85332489013672,24.893789291381836,204.5314483642578,38.79057312011719,23.8700008392334
2025-12-02,197.72000122070312,24.40962600708008,103.3337173461914,202.6664276123047,65.92660522460938,315.1932678222656,128.5399932861328,645.4213256835938,33.11749267578125,109.3499984741211,70.29955291748047,24.63317108154297,207.9958953857422,38.66679382324219,24.530000686645508
2025-12-03,199.9600067138672,24.78001594543457,104.23072052001952,202.8261260986328,66.12562561035156,319.00579833984375,136.00999450683594,637.9408569335938,33.0487060546875,103.95999908447266,68.87357330322266,24.440120697021484,206.3923492431641,38.72391891479492,24.56999969482422
2025-12-04,199.97999572753903,24.57223892211914,103.9645767211914,203.05569458007812,67.45909118652344,316.999755859375,139.67999267578125,659.81396484375,33.29438400268555,103.22000122070312,68.06842803955078,24.507688522338867,205.89743041992188,39.28568649291992,24.540000915527344
2025-12-05,205.1000061035156,24.67160987854004,103.79700469970705,203.53477478027344,68.06610870361328,320.642578125,139.3300018310547,671.673095703125,33.92332077026367,100.23999786376952,71.2405014038086,24.401512145996097,207.5009765625,39.69511413574219,26.079999923706055
2025-12-08,204.6499938964844,24.07537269592285,106.09374237060548,203.1455078125,68.87215423583984,313.31219482421875,138.0800018310547,665.0702514648438,33.54005813598633,96.79000091552734,70.95919036865234,23.9768009185791,202.3636932373047,39.32377243041992,27.229999542236328
2025-12-09,205.1300048828125,24.201847076416016,105.49244689941406,203.4349822998047,69.95684051513672,316.66778564453125,139.07000732421875,655.2557983398438,33.43196105957031,96.70999908447266,71.0464859008789,23.658267974853516,199.3050842285156,38.21928024291992,28.260000228881836
2025-12-10,213.2899932861328,24.915525436401367,107.27661895751952,203.1255645751953,71.38980102539062,319.7937316894531,138.82000732421875,648.4434814453125,33.22559356689453,92.70999908447266,75.1012954711914,23.542436599731445,193.33631896972656,38.00980758666992,29.530000686645508
2025-12-11,212.05999755859375,24.933595657348633,109.86907196044922,203.2752685546875,71.46941375732422,312.0238342285156,141.8699951171875,651.016845703125,32.60647964477539,94.08999633789062,77.67193603515625,23.45556640625,193.34622192382812,38.29545593261719,29.489999771118164
2025-12-12,206.6000061035156,24.599340438842773,110.00707244873048,203.3451385498047,70.7529296875,308.887939453125,143.13999938964844,642.558837890625,32.61630630493164,95.19000244140624,77.84654998779297,23.7258358001709,193.1779327392578,38.93339157104492,29.979999542236328
2025-12-15,209.52000427246097,25.484664916992188,109.64981079101562,203.8142547607422,70.8823013305664,307.8193054199219,141.66000366210938,646.3570556640625,32.0561637878418,93.7699966430664,78.06965637207031,23.465219497680664,194.16778564453125,38.84769821166992,29.709999084472656
2025-12-16,211.2899932861328,26.857816696166992,110.77122497558594,203.8142547607422,70.01654052734375,306.1714782714844,138.10000610351562,655.9799194335938,31.663074493408203,94.56999969482422,78.22486114501953,23.233558654785156,195.98910522460935,38.80009460449219,28.899999618530273
2025-12-17,209.66000366210935,27.39081764221191,109.78874969482422,203.24533081054688,70.82258605957031,296.3342590332031,136.41000366210938,648.343505859375,31.948060989379883,94.79000091552734,80.22315979003906,23.51348114013672,197.35508728027344,38.92387390136719,28.209999084472656
2025-12-18,206.5,27.34564971923828,111.01932525634766,203.5148162841797,70.91214752197266,302.0668029785156,138.8800048828125,663.266845703125,32.04633712768555,94.0,79.21431732177734,23.41695785522461,198.23605346679688,38.47636413574219,27.61000061035156
2025-12-19,205.0,26.713275909423828,110.39411163330078,203.53477478027344,71.4196548461914,306.7607116699219,141.10000610351562,657.5969848632812,32.449249267578125,94.38999938964844,78.59713745117188,23.31077766418457,194.73199462890625,37.91459274291992,27.770000457763672
2025-12-22,206.02000427246097,26.43322372436523,111.5254364013672,203.4050140380859,73.26062774658203,309.3772888183594,141.75,660.3221435546875,32.20356750488281,93.2300033569336,78.0191421508789,23.45556640625,193.77183532714844,38.06693649291992,28.75
2025-12-23,205.27999877929688,26.54162979125977,112.35905456542967,203.88414001464844,73.35018920898438,313.94134521484375,144.10000610351562,663.7559814453125,32.1937370300293,93.5,77.09827423095703,23.610004425048828,195.66244506835935,38.00980758666992,29.149999618530273
2025-12-24,208.4600067138672,26.90298843383789,113.6094741821289,204.3931579589844,73.5492172241211,313.68170166015625,145.30999755859375,666.361328125,32.321495056152344,93.63999938964844,78.32283020019531,23.803056716918945,196.99874877929688,38.39066696166992,29.229999542236328
2025-12-26,207.16000366210935,26.79458236694336,112.69646453857422,204.4031219482422,73.93730926513672,313.1024475097656,145.80999755859375,662.1089477539062,31.977542877197266,94.47000122070312,78.40119934082031,23.79340362548828,198.95863342285156,38.54301071166992,28.799999237060547
2025-12-29,209.0399932861328,26.98429298400879,113.3216781616211,203.88414001464844,73.45964813232422,313.1523742675781,144.57000732421875,657.5171508789062,31.830137252807617,94.1500015258789,78.8322525024414,23.90923500061035,201.08677673339844,38.54301071166992,28.790000915527344
2025-12-30,209.6000061035156,27.074630737304688,113.9171142578125,203.9639892578125,73.3402328491211,313.4420166015625,144.08999633789062,664.7642211914062,31.60411262512207,93.77999877929688,79.08695983886719,23.947843551635746,201.73019409179688,38.75248718261719,28.940000534057617
2025-12-31,208.75,27.00235939025879,112.90486907958984,203.9440155029297,72.71331024169922,312.5931091308594,142.5,658.9146118164062,31.73186683654785,93.76000213623048,79.10655212402344,23.9768009185791,200.9779052734375,38.78104782104492,28.81999969482422
2026-01-02,209.27999877929688,26.686174392700195,110.99947357177734,204.02386474609375,73.39994812011719,314.7403259277344,145.30999755859375,649.2518310546875,31.19137191772461,90.98999786376952,79.66494750976562,23.706531524658203,197.5530548095703,38.58110046386719,28.510000228881836
2026-01-05,210.0099945068359,27.115020751953125,113.2025909423828,203.9739532470703,75.30062103271484,316.1285400390625,145.30999755859375,657.616943359375,31.898923873901367,91.45999908447266,76.75540161132812,23.851320266723633,198.8200531005859,38.30497741699219,28.530000686645508
2026-01-06,210.6199951171875,26.430639266967773,113.69879150390624,203.89410400390625,75.73847198486328,313.9313659667969,145.52000427246094,659.4436645507812,32.353633880615234,90.6500015258789,78.00933837890625,23.494176864624023,196.5830078125,38.37162399291992,28.469999313354492
2026-01-07,206.36000061035156,26.893321990966797,112.0514144897461,204.1136779785156,74.66374206542969,321.5614318847656,143.9600067138672,647.534912109375,32.21524429321289,90.7300033569336,76.0010757446289,23.137033462524418,195.2863006591797,38.20976257324219,28.59000015258789
2026-01-08,209.7100067138672,27.192134857177734,113.30182647705078,203.834228515625,75.32052612304688,325.0169372558594,147.27000427246094,644.9096069335938,32.274559020996094,90.52999877929688,77.18644714355469,23.3300838470459,195.9000244140625,38.62870407104492,28.31999969482422
2026-01-09,210.58999633789065,27.346363067626953,114.9988250732422,203.7144470214844,73.3203353881836,328.14288330078125,146.07000732421875,651.8971557617188,31.84950065612793,89.45999908447266,77.47054290771484,23.156339645385746,198.52310180664065,38.52397155761719,28.88999938964844
2026-01-12,206.6699981689453,28.011465072631836,111.96209716796876,203.8641662597656,73.59896850585938,331.4285583496094,148.85000610351562,640.8268432617188,31.70122528076172,89.41000366210938,76.56926727294922,23.183683395385746,195.50405883789065,38.59177780151367,28.399999618530273
2026-01-13,197.88999938964844,27.452394485473633,112.12088012695312,203.9440155029297,72.8725357055664,335.53326416015625,146.02000427246094,629.96630859375,31.315711975097656,90.31999969482422,75.9324951171875,22.753992080688477,187.7436981201172,37.78778076171875,28.86000061035156
2026-01-14,202.33999633789065,27.71570205688477,112.66669464111328,203.8142547607422,72.73321533203125,335.4034118652344,146.77999877929688,614.4240112304688,31.622146606445312,88.55000305175781,78.54814910888672,23.056730270385746,190.06983947753903,38.58209228515625,28.6299991607666
2026-01-15,194.61000061035156,27.647438049316406,112.54761505126952,203.76434326171875,72.19585418701172,332.3473815917969,145.72999572753906,619.694580078125,31.236629486083984,88.05000305175781,79.19471740722656,23.17391586303711,188.7236328125,38.12681579589844,28.489999771118164
2026-01-16,189.7599945068359,27.130571365356445,110.35440826416016,203.8641662597656,71.63858032226562,329.5710144042969,144.42999267578125,619.1455688476562,30.97467613220215,88.0,78.16609191894531,22.93954086303711,184.427734375,37.69091796875,28.579999923706055
2026-01-20,184.1999969482422,27.46214485168457,109.5009536743164,203.6146240234375,71.60873413085938,321.5814208984375,140.64999389648438,603.0443115234375,30.49525451660156,87.26000213623047,76.44190979003906,22.900480270385746,181.7848358154297,37.8555908203125,28.239999771118164
2026-01-21,187.3699951171875,28.174055099487305,112.32928466796876,203.76434326171875,72.3451156616211,327.953125,139.7100067138672,611.8685913085938,30.658357620239254,85.36000061035156,76.98072052001953,22.949308395385746,181.7353515625,38.01057815551758,28.530000686645508
2026-01-22,192.6699981689453,28.50562858581543,112.34912872314452,203.99392700195312,71.9769287109375,330.1103210449219,138.13999938964844,646.476806640625,31.157550811767575,83.54000091552734,77.62728118896484,23.02743148803711,183.5071563720703,38.24305725097656,28.36000061035156
2026-01-23,191.69000244140625,28.573894500732425,110.13609313964844,203.6146240234375,72.52423858642578,327.5036926269531,146.97000122070312,657.5870361328125,30.722610473632812,86.12000274658203,78.16609191894531,23.03719711303711,184.1406707763672,38.28180313110352,28.579999923706055
2026-01-26,193.7899932861328,28.700674057006836,110.4635772705078,204.01388549804688,72.36502075195312,332.8267822265625,147.8000030517578,671.1627197265625,31.71111297607422,85.69999694824219,78.7244873046875,22.900480270385746,186.0510711669922,38.37866973876953,28.239999771118164
2026-01-27,182.9900054931641,27.988765716552734,109.76890563964844,203.98391723632812,71.61868286132812,334.1150817871094,146.8000030517578,671.7716674804688,31.355249404907227,85.58000183105469,76.44190979003906,22.461023330688477,182.6163024902344,38.08806991577149,28.06999969482422
2026-01-28,182.80999755859375,27.705949783325195,108.72688293457033,203.55474853515625,70.79273223876953,335.5732116699219,147.52999877929688,667.5391845703125,31.00433349609375,84.63999938964844,74.98223114013672,23.505949020385746,184.3584442138672,38.17525100708008,27.979999542236328
2026-01-29,191.52000427246097,28.515380859375,110.73152923583984,203.5647125244141,71.48931121826172,337.8102722167969,147.77999877929688,736.995361328125,30.663301467895508,83.16000366210938,74.2279052734375,24.541109085083008,187.3576507568359,38.56271743774414,27.600000381469727
2026-01-30,206.1199951171875,29.01274299621582,111.94225311279295,203.53477478027344,72.42472839355469,337.56060791015625,145.4499969482422,715.2241821289062,30.791805267333984,83.48999786376953,75.47206115722656,25.595802307128903,195.2071228027344,43.12514877319336,27.540000915527344
2026-02-02,213.61000061035156,28.856706619262695,103.6557388305664,203.21539306640625,72.02667999267578,343.24322509765625,143.94000244140625,705.152099609375,31.17732048034668,82.76000213623047,74.96263885498047,25.683691024780273,193.0096740722656,43.21232986450195,27.520000457763672
2026-02-03,212.7400054931641,29.02249526977539,103.427490234375,201.0095672607422,69.9269790649414,339.26837158203125,141.33999633789062,690.4683227539062,28.567676544189453,79.94000244140625,66.60624694824219,26.20127296447754,195.67233276367188,44.80094909667969,27.190000534057617
2026-02-04,224.17999267578125,29.744155883789062,106.23597717285156,196.46815490722656,67.39938354492188,332.6070556640625,142.4600067138672,667.798828125,30.25801467895508,80.16000366210938,67.73284149169922,26.58213233947754,199.7406005859375,45.537132263183594,27.030000686645508
2026-02-05,223.52999877929688,30.08548355102539,104.17179107666016,197.55609130859375,65.59821319580078,330.8193664550781,138.27999877929688,669.0166625976562,30.49525451660156,80.87000274658203,67.71324920654297,26.67002296447754,199.8098907470703,45.62431335449219,26.760000228881836
2026-02-06,231.13999938964844,30.59259796142578,107.87342071533205,199.6221923828125,64.46377563476562,322.4402770996094,140.83999633789062,660.2822265625,31.266284942626953,82.19999694824219,68.44799041748047,26.49424171447754,195.3852996826172,44.85906982421875,27.36000061035156
2026-02-09,238.25,30.826650619506836,106.31536102294922,200.49053955078125,62.5432014465332,323.8984069824219,147.91000366210938,676.0140991210938,32.21524429321289,81.47000122070312,69.31007385253906,26.474712371826172,195.65255737304688,45.54682159423828,27.209999084472656
2026-02-10,248.19000244140625,31.509302139282227,109.12384033203124,202.1973114013672,63.06066131591797,318.16583251953125,149.32000732421875,669.525634765625,32.11640167236328,82.20999908447266,71.57305908203125,26.767681121826172,197.40457153320312,45.90523147583008,27.799999237060547
2026-02-11,241.07000732421875,31.675086975097656,107.29783630371094,201.8579559326172,60.81169509887695,310.5557556152344,151.11000061035156,667.4993286132812,31.038928985595703,79.62000274658203,67.9091796875,27.80284118652344,207.4118804931641,47.43572616577149,27.989999771118164
2026-02-12,238.0800018310547,31.031444549560547,101.60147857666016,200.08132934570312,56.154541015625,308.5982971191406,154.8699951171875,648.6529541015625,29.57594871520996,75.86000061035156,65.9009017944336,28.12510871887207,212.49969482421875,47.91037368774414,28.11000061035156
2026-02-13,239.08999633789065,30.78763961791992,104.64813232421876,200.2410125732422,56.074928283691406,305.32257080078125,158.27000427246094,638.6307983398438,30.14927864074707,76.87000274658203,67.59569549560547,28.01768684387207,217.2707366943359,47.47446823120117,27.989999771118164
2026-02-17,237.0099945068359,30.76813507080078,104.63821411132812,199.153076171875,56.154541015625,301.6273498535156,157.52999877929688,638.1516723632812,29.83296012878418,77.0,66.59645080566406,28.00792121887207,217.3796234130859,47.39698028564453,28.75
2026-02-18,239.13999938964844,30.816896438598633,106.28559112548828,199.85174560546875,56.890926361083984,302.9356689453125,155.77999877929688,642.0746459960938,29.93181037902832,77.98999786376953,68.73208618164062,27.226667404174805,211.0842132568359,46.544551849365234,28.790000915527344
2026-02-19,231.5399932861328,30.60234642028809,105.19395446777344,199.50242614746097,55.88585662841797,302.456298828125,157.4600067138672,643.6318969726562,30.33709716796875,77.0,79.29268646240234,27.226667404174805,213.1134033203125,47.116065979003906,28.530000686645508
2026-02-20,230.16000366210935,30.56333923339844,104.77715301513672,200.02142333984375,56.741661071777344,314.5705261230469,162.6699981689453,654.4925537109375,31.46398544311523,78.66999816894531,81.56546783447266,27.324323654174805,213.2717742919922,47.70695495605469,28.75
2026-02-23,227.52000427246097,30.846153259277344,103.61605072021484,200.1012725830078,55.069862365722656,311.0850524902344,158.27999877929688,636.1153564453125,30.52490997314453,76.0199966430664,79.10655212402344,27.85166931152344,217.71617126464844,48.12348175048828,28.920000076293945
2026-02-24,231.8500061035156,30.826650619506836,105.24357604980467,200.62030029296875,55.70673751831055,310.495849609375,157.97999572753906,638.1616821289062,30.930194854736328,78.04000091552734,80.78175354003906,27.68565368652344,219.7255401611328,48.29784393310547,29.149999618530273
2026-02-25,225.75,30.02696990966797,104.25118255615234,201.7891845703125,53.85581588745117,312.49322509765625,155.22000122070312,652.5260009765625,31.0191593170166,82.69999694824219,81.02665710449219,27.216901779174805,216.43927001953125,47.68758010864258,28.899999618530273
2026-02-26,228.3800048828125,30.08548355102539,104.74738311767578,200.88006591796875,56.54263687133789,306.9804382324219,157.91000366210938,655.8401489257812,31.84950065612793,84.58999633789062,82.98595428466797,26.81650733947754,210.98521423339844,47.35823440551758,28.799999237060547
2026-02-27,234.6300048828125,30.1927547454834,105.23365020751952,200.3805389404297,56.064979553222656,311.354736328125,162.13999938964844,647.0258178710938,31.236629486083984,96.23999786376952,83.55415344238281,27.353620529174805,215.91845703125,48.569068908691406,28.170000076293945
2026-03-02,232.8000030517578,30.05622673034668,103.53665924072266,200.87005615234375,56.51278305053711,306.12152099609375,161.80999755859375,652.396240234375,30.930194854736328,97.08999633789062,83.62273406982422,27.353620529174805,214.9437561035156,48.41408157348633,28.5
2026-03-03,229.41000366210935,30.241518020629883,102.51448822021484,201.0299072265625,57.08000183105469,303.1853332519531,162.07000732421875,653.91357421875,30.445829391479492,97.6999969482422,82.89778900146484,27.99815368652344,217.35069274902344,49.27619934082031,28.200000762939453
2026-03-04,232.0,31.294754028320312,102.2564697265625,201.5394287109375,58.41999816894531,302.7359619140625,158.63999938964844,666.541015625,30.445829391479492,98.66000366210938,84.05377960205078,28.30088996887207,218.5243377685547,49.59585952758789,27.950000762939453
2026-03-05,229.94000244140625,30.816896438598633,101.63125610351562,200.57034301757812,58.689998626708984,300.4888610839844,159.77999877929688,659.393798828125,30.94996452331543,99.16999816894533,83.04473114013672,28.29112434387207,219.3498382568359,49.57648849487305,28.0
2026-03-06,232.2400054931641,31.119213104248047,100.76787567138672,197.81295776367188,59.779998779296875,298.1319274902344,156.1300048828125,643.7117309570312,30.1196231842041,99.0199966430664,83.20148468017578,27.96885681152344,220.37429809570312,49.51836395263672,27.950000762939453
2026-03-09,222.80999755859375,30.270776748657227,100.886962890625,199.08175659179688,59.2599983215332,306.1770935058594,165.8000030517578,646.2372436523438,30.75226593017578,98.31999969482422,82.28060913085938,26.884868621826172,216.3262481689453,48.86935806274414,27.75
2026-03-10,219.3300018310547,30.300029754638672,100.54954528808594,199.88101196289065,58.15999984741211,306.8567199707031,165.52999877929688,652.9053955078125,30.485370635986328,96.94000244140624,79.33187103271484,27.060649871826172,217.5993499755859,49.121212005615234,27.760000228881836
2026-03-11,224.36000061035156,29.812421798706055,100.12281036376952,199.73114013671875,57.709999084472656,308.5157470703125,165.8300018310547,653.6939697265625,30.248130798339844,94.88999938964844,79.21314239501953,26.52353858947754,212.2881622314453,49.0921516418457,27.809999465942383
2026-03-12,215.0800018310547,29.412582397460938,98.67391967773438,198.89193725585935,57.7400016784668,303.3687744140625,160.32000732421875,637.043701171875,29.75387954711914,94.30999755859376,77.08588409423828,26.74814796447754,213.213134765625,49.04371643066406,27.43000030517578
2026-03-13,218.19000244140625,29.412582397460938,98.53498077392578,199.05178833007812,57.38999938964844,302.09954833984375,153.97000122070312,612.6171875,30.435945510864254,95.30999755859376,76.97705078125,27.070415496826172,216.2168426513672,49.77022171020508,27.13999938964844
2026-03-16,217.6499938964844,29.58812141418457,97.90977478027344,200.0208740234375,57.5099983215332,305.3775939941406,157.05999755859375,626.8690185546875,29.941696166992188,95.1999969482422,77.88731384277344,27.080183029174805,213.6607208251953,49.37306594848633,27.510000228881836
2026-03-17,222.52000427246097,29.334564208984375,99.53730010986328,199.94094848632812,58.29999923706055,310.7344055175781,155.82000732421875,622.0834350585938,30.712724685668945,94.36000061035156,77.56080627441406,27.197370529174805,212.1986541748047,48.937164306640625,27.63999938964844
2026-03-18,209.0,27.86198616027832,98.66399383544922,200.4204864501953,57.650001525878906,307.5063171386719,156.47000122070312,615.1099243164062,30.416175842285156,94.6999969482422,75.2752456665039,26.767681121826172,205.5049591064453,48.03630065917969,27.350000381469727
2026-03-19,211.6300048828125,28.261823654174805,98.44566345214844,200.5004119873047,57.68000030517578,306.9466552734375,154.19000244140625,606.1382446289062,31.108123779296875,91.73999786376952,75.03777313232422,27.089948654174805,205.47512817382812,47.929744720458984,27.6299991607666
2026-03-20,213.0099945068359,28.30083274841309,98.75331115722656,200.3205718994141,57.81999969482422,300.8203125,148.85000610351562,593.1102905273438,30.70284080505371,91.81999969482422,74.26602935791016,27.646589279174805,207.3449859619141,48.41408157348633,27.420000076293945
2026-03-23,216.61000061035156,28.29108238220215,97.20516967773438,200.94000244140625,57.279998779296875,301.87969970703125,151.8300018310547,603.5006713867188,30.841230392456055,93.37999725341795,74.83989715576172,28.08604621887207,207.63340759277344,48.99528503417969,27.399999618530273
2026-03-24,217.6000061035156,28.49587631225586,95.65703582763672,201.42953491210935,58.7599983215332,290.2666320800781,152.6999969482422,592.3709716796875,30.040544509887695,90.91999816894533,74.59253692626953,28.193470001220703,210.1199188232422,49.314945220947266,27.280000686645508
2026-03-25,218.91000366210935,28.01801872253418,95.22037506103516,202.1488494873047,58.4900016784668,290.7563171386719,154.9199981689453,594.3391723632812,29.991119384765625,92.27999877929688,74.93883514404297,28.13487243652344,210.21939086914065,48.79186248779297,27.219999313354492
2026-03-26,218.5099945068359,28.00826835632324,94.02950286865234,201.71926879882812,58.63999938964844,280.7523193359375,150.0500030517578,547.032958984375,30.455713272094727,93.31999969482422,74.51338195800781,28.24229621887207,210.44813537597656,49.150272369384766,27.06999969482422
2026-03-27,219.13999938964844,27.627931594848633,91.71721649169922,201.8191680908203,59.11000061035156,274.1762390136719,145.7100067138672,525.233154296875,29.39801788330078,93.43000030517578,73.03914642333984,28.41807746887207,209.68231201171875,48.733741760253906,27.06999969482422
2026-03-30,220.94000244140625,28.183807373046875,93.60277557373048,202.3786468505859,59.130001068115234,273.33673095703125,148.69000244140625,535.8833618164062,29.80330467224121,92.97000122070312,74.52327728271484,28.10557746887207,212.78546142578125,48.72405624389648,27.09000015258789
2026-03-31,215.8800048828125,27.99851417541504,95.64710998535156,203.67739868164065,58.400001525878906,287.3883361816406,152.50999450683594,571.6002197265625,30.35686492919922,96.1500015258789,74.51338195800781,28.31065559387207,208.8965606689453,48.62718963623047,27.459999084472656
2026-04-01,216.27000427246097,27.67295265197754,95.82573699951172,203.38768005371097,58.459999084472656,297.2124938964844,152.6300048828125,578.6936645507812,30.781919479370117,95.5500030517578,74.41444396972656,27.646589279174805,203.1477508544922,47.842567443847656,27.489999771118164
2026-04-02,219.7899932861328,27.5545654296875,95.87535858154295,203.4076690673828,58.619998931884766,295.59344482421875,155.75,573.9281005859375,31.078472137451172,98.66000366210938,74.01866912841797,27.666120529174805,200.31312561035156,47.852256774902344,27.31999969482422
2026-04-06,219.97999572753903,27.28819465637207,95.54786682128906,203.96713256835935,59.29999923706055,299.8109130859375,160.1199951171875,572.4894409179688,31.77042007446289,98.93000030517578,75.15650939941406,27.65635681152344,197.53819274902344,47.61008834838867,27.40999984741211
2026-04-07,223.8000030517578,27.41644859313965,95.05167388916016,203.75732421875,59.650001525878906,305.27764892578125,158.2899932861328,574.5175170898438,31.75052833557129,98.81999969482422,74.84979248046875,27.382917404174805,199.457763671875,47.0966911315918,27.3700008392334
2026-04-08,221.6300048828125,27.58416175842285,98.42581939697266,203.79730224609375,60.220001220703125,317.1305847167969,163.55999755859375,611.8529052734375,32.52638626098633,99.38999938964844,76.056884765625,26.709087371826172,196.56349182128903,46.53486251831055,27.549999237060547
2026-04-09,223.22999572753903,27.92945671081543,99.03118133544922,202.0089874267578,62.7599983215332,318.29986572265625,163.66000366210938,627.8081665039062,32.3175048828125,102.0500030517578,74.08792877197266,26.21103858947754,196.4739532470703,46.28300857543945,27.530000686645508
2026-04-10,218.82000732421875,27.5545654296875,98.4158935546875,202.54847717285156,61.02000045776367,317.0506286621094,160.58999633789062,629.2767333984375,31.53169631958008,103.01000213623048,73.97909545898438,26.11038589477539,194.6538543701172,45.268306732177734,27.440000534057617
2026-04-13,226.3000030517578,27.67295265197754,100.41060638427734,202.36863708496097,62.45000076293945,321.1181945800781,165.72000122070312,633.9425048828125,33.02373123168945,103.16000366210938,75.19609069824219,25.271617889404297,191.39154052734375,44.658695220947266,27.38999938964844
2026-04-14,215.57000732421875,27.761741638183594,101.80988311767578,202.65838623046875,63.40999984741211,332.7112731933594,166.27999877929688,661.8765258789062,33.41166305541992,106.27999877929688,75.67101287841797,25.28148651123047,188.9746551513672,44.71769332885742,27.3700008392334
2026-04-15,220.2899932861328,27.919591903686523,102.2564697265625,203.04800415039065,63.65999984741211,336.91876220703125,155.82000732421875,670.9581909179688,34.33672332763672,107.70999908447266,76.67032623291016,25.123598098754883,189.16363525390625,44.27523422241211,27.200000762939453
2026-04-16,235.97000122070312,28.95547866821289,103.10992431640624,203.17787170410156,64.5199966430664,335.81939697265625,160.58999633789062,676.2432250976562,34.56550216674805,107.79000091552734,77.92689514160156,26.051177978515625,196.0562286376953,45.99590301513672,27.38999938964844
2026-04-17,236.6199951171875,29.231714248657227,105.48175048828124,203.637451171875,65.06999969482422,341.4760437011719,156.55999755859375,687.9124145507812,35.32146453857422,97.30999755859376,77.83784484863281,26.159725189208984,196.6032562255859,45.76975631713867,27.469999313354492
2026-04-20,244.69000244140625,29.33036994934082,105.4916763305664,203.1678924560547,64.75,337.2185974121094,156.08999633789062,670.2887573242188,35.91828155517578,94.83000183105467,77.66963958740234,25.83408546447754,197.28953552246097,45.66160202026367,27.420000076293945
2026-04-21,241.9499969482422,28.659509658813477,103.49696350097656,203.3577117919922,64.30999755859375,332.0916442871094,153.3699951171875,668.220703125,35.73923873901367,92.58000183105467,77.24419403076172,25.538049697875977,194.3355712890625,45.49445343017578,27.309999465942383
2026-04-22,242.4900054931641,28.975210189819336,104.0229263305664,202.58843994140625,65.55999755859375,339.1174621582031,154.6300048828125,674.09521484375,36.33605194091797,93.23999786376952,77.28376770019531,25.636728286743164,187.9004821777344,45.20931243896485,27.329999923706055
2026-04-23,241.77999877929688,31.21469497680664,102.86183166503906,202.31869506835935,64.52999877929688,338.6877136230469,153.2100067138672,658.5396728515625,35.470672607421875,92.81999969482422,76.00741577148438,26.258405685424805,193.022705078125,46.42852783203125,26.899999618530273
2026-04-24,180.1300048828125,27.189538955688477,101.81980895996094,202.47854614257812,62.849998474121094,344.19439697265625,156.63999938964844,674.4049682617188,36.55488204956055,92.44000244140624,74.93883514404297,25.853822708129883,188.77574157714844,45.60260772705078,27.06999969482422
2026-04-27,174.61000061035156,27.14021110534668,101.57170867919922,202.2587432861328,63.86000061035156,350.130859375,156.49000549316406,677.9916381835938,36.72397994995117,91.37000274658205,75.20598602294922,25.18280601501465,181.76377868652344,46.31053924560547,26.81999969482422
2026-04-28,173.11000061035156,27.268463134765625,100.69840240478516,202.3386688232422,63.150001525878906,349.5711975097656,154.75,670.7183837890625,36.818477630615234,92.2699966430664,76.0667724609375,25.71567153930664,185.7123565673828,46.44819641113281,26.950000762939453
2026-04-29,158.64999389648438,26.400293350219727,100.52970123291016,202.47854614257812,62.939998626708984,349.7311096191406,153.1300048828125,668.5004272460938,36.77371597290039,92.12000274658205,75.38407897949219,25.409767150878903,197.10057067871097,45.82875442504883,27.049999237060547
2026-04-30,165.1699981689453,26.676528930664062,102.96106719970705,202.17881774902344,63.4900016784668,384.5702819824219,157.94000244140625,611.3433837890625,37.2213249206543,93.61000061035156,75.9084701538086,25.784746170043945,194.44497680664065,47.22494888305664,27.049999237060547
2026-05-01,171.74000549316406,26.824512481689453,102.2961654663086,201.8990936279297,63.349998474121094,385.4597778320313,158.25,608.1863403320312,38.46468734741211,92.05999755859376,76.10635375976562,25.774879455566406,195.001953125,47.303611755371094,26.969999313354492
2026-05-04,165.33999633789062,26.706125259399418,100.53961944580078,201.6293487548828,62.36000061035156,383.0212097167969,157.5800018310547,609.8447875976562,37.967342376708984,91.0199966430664,75.46322631835938,25.755144119262695,193.3708038330078,46.77266311645508,26.959999084472656
2026-05-05,158.22999572753906,26.104324340820312,99.71593475341795,201.3795928955078,62.22999954223633,388.1981201171875,157.25999450683594,604.3998413085938,37.45010757446289,87.88999938964844,76.81874084472656,25.557785034179688,193.2613983154297,46.54651641845703,27.219999313354492
2026-05-06,156.52000427246094,26.0845947265625,107.23828887939452,200.60031127929688,62.209999084472656,397.8023986816406,167.82000732421875,612.3125,37.798248291015625,88.2699966430664,76.09646606445312,25.23214530944824,192.1175994873047,46.64484024047851,27.200000762939453
2026-05-07,160.24000549316406,25.88728141784668,107.83373260498048,200.66026306152344,62.689998626708984,397.7524108886719,165.75,616.2388305664062,35.6397705078125,88.25,76.10635375976562,24.92624282836914,193.15199279785156,46.30070877075195,27.1200008392334
2026-05-08,154.86000061035156,25.05857276916504,107.19859313964844,200.2506561279297,62.939998626708984,400.5607299804687,163.27999877929688,609.0654907226562,36.76376724243164,87.48999786376953,76.244873046875,24.82756233215332,192.58506774902344,46.42852783203125,27.11000061035156
2026-05-11,147.7899932861328,24.69354820251465,103.92369079589844,200.0308532714844,67.72000122070312,388.4080200195313,163.0,598.3054809570312,35.58008575439453,85.44999694824219,74.3550796508789,24.54139518737793,189.820068359375,46.43836212158203,27.239999771118164
2026-05-12,147.9199981689453,24.56529426574707,105.35274505615234,200.0008850097656,66.16000366210938,387.1187744140625,165.6699981689453,602.441650390625,35.172264099121094,87.66000366210938,75.23566436767578,24.896636962890625,192.25685119628903,47.12662887573242,27.200000762939453
2026-05-13,143.05999755859375,24.60475730895996,104.10232543945312,199.9908905029297,66.47000122070312,402.3796691894531,168.4600067138672,616.0590209960938,35.87849426269531,87.55999755859375,73.45470428466797,24.41311264038086,189.25314331054688,46.41869354248047,27.25
2026-05-14,148.0,24.8316650390625,104.6183624267578,200.59033203125,65.31999969482422,400.8305969238281,169.99000549316406,617.8573608398438,35.54029846191406,86.94000244140625,70.82284545898438,24.32430076599121,187.17442321777344,46.27121353149414,27.1200008392334
2026-05-15,140.3300018310547,24.42717742919922,101.93889617919922,200.4504547119141,64.8499984741211,396.5431518554687,168.8699951171875,613.6612548828125,35.21205139160156,87.0199966430664,70.08078002929688,23.712493896484375,184.220458984375,45.5927734375,26.979999542236328
2026-05-18,141.2100067138672,24.594892501831055,103.1198501586914,200.86007690429688,65.87000274658203,396.70306396484375,167.49000549316406,610.64404296875,35.68950271606445,89.6500015258789,72.36634063720703,24.107208251953125,189.6211395263672,45.97623825073242,27.100000381469727
2026-05-19,142.5,24.466638565063477,101.51216888427734,201.50946044921875,64.55000305175781,387.4285888671875,163.00999450683594,602.052001953125,35.162315368652344,89.33000183105469,71.07019805908203,24.649940490722656,192.3762054443359,46.939815521240234,27.09000015258789
2026-05-20,144.61000061035156,24.545562744140625,103.28855895996094,201.39956665039065,64.12999725341797,388.6778564453125,164.44000244140625,604.499755859375,35.798919677734375,88.08999633789062,71.11966705322266,24.600603103637695,189.1337890625,47.01847076416016,27.420000076293945
2026-05-21,148.89999389648438,24.742874145507812,102.7923583984375,201.6792907714844,64.26000213623047,387.4285888671875,165.97999572753906,606.8175659179688,35.470672607421875,89.30000305175781,72.98966979980469,25.005184173583984,189.8697967529297,47.46092987060547,27.100000381469727
2026-05-22,145.14999389648438,24.87112617492676,102.21676635742188,200.7801513671875,63.97999954223633,382.7413940429687,165.5500030517578,609.6949462890625,35.609928131103516,88.5999984741211,74.13740539550781,24.92624282836914,190.4367218017578,47.53958511352539,27.030000686645508
2026-05-26,144.0,24.811933517456055,102.49463653564452,200.94000244140625,64.95999908447266,388.6478576660156,166.52000427246094,611.7730102539062,35.759132385253906,87.68000030517578,73.62290954589844,24.68941307067871,190.07867431640625,47.677242279052734,27.0
2026-05-27,147.17999267578125,24.880992889404297,103.3877944946289,200.67999267578125,65.4800033569336,388.5978698730469,166.55999755859375,634.6718139648438,35.90833282470703,87.3499984741211,74.0582504272461,24.56113052368164,189.78028869628903,47.431434631347656,27.13999938964844
2026-05-28,147.25999450683594,24.821800231933594,102.94122314453124,201.1499938964844,65.83000183105469,389.8971252441406,167.02999877929688,634.7017211914062,36.166954040527344,86.36000061035156,73.30628967285156,24.55126190185547,187.989990234375,47.205284118652344,27.040000915527344
2026-05-29,144.0500030517578,24.53569793701172,101.05567169189452,201.72000122070312,63.91999816894531,380.1129455566406,168.41000366210938,631.92431640625,35.938175201416016,86.0199966430664,71.94088745117188,24.472318649291992,187.52999877929688,47.00864028930664,27.010000228881836
2026-06-01,142.60000610351562,24.71327781677246,102.06790924072266,202.0,66.80999755859375,376.1453247070313,170.4499969482422,599.9139404296875,36.5648307800293,85.8499984741211,75.1664047241211,24.225622177124023,186.7400054931641,46.92998123168945,27.25
2026-06-02,140.27000427246094,24.515966415405273,100.63886260986328,202.0099945068359,65.69000244140625,361.6340026855469,167.63999938964844,597.0765991210938,35.132476806640625,83.33000183105469,74.4243392944336,24.31443214416504,188.8300018310547,47.067630767822266,27.18000030517578
2026-06-03,129.00999450683594,23.203845977783203,98.63421630859376,202.6300048828125,64.27999877929688,358.77569580078125,164.25,622.4031372070312,34.137786865234375,81.5199966430664,72.95999145507812,23.238834381103516,181.4499969482422,45.86808395385742,27.0
2026-06-04,129.0500030517578,23.01639938354492,98.5845947265625,203.3999938964844,65.54000091552734,371.96783447265625,161.00999450683594,626.9888916015625,34.57544708251953,81.55999755859375,74.83000183105469,22.46914291381836,177.02000427246094,44.117916107177734,27.0
2026-06-05,132.1199951171875,23.49981117248535,98.95178985595705,203.0,66.88999938964844,368.30999755859375,160.07000732421875,592.450927734375,34.23725128173828,82.18000030517578,74.51338195800781,22.449405670166016,178.10000610351562,44.60953521728515,26.239999771118164
2026-06-08,132.1999969482422,23.44061851501465,98.11817932128906,203.1999969482422,67.44000244140625,363.30999755859375,159.50999450683594,584.8479614257812,34.00847244262695,82.63999938964844,74.27592468261719,22.202709197998047,178.42999267578125,44.67836380004883,26.469999313354492
2026-06-09,135.3699951171875,23.529409408569336,98.57467651367188,202.47999572753903,68.31999969482422,364.260009765625,162.66000366210938,584.0487060546875,34.53566360473633,81.41000366210938,74.83000183105469,22.40993309020996,179.4600067138672,45.012664794921875,26.559999465942383
2026-06-10,137.7899932861328,23.647794723510746,97.8601531982422,203.1999969482422,68.0,356.3800048828125,167.5,570.4512939453125,34.167625427246094,82.0,73.9800033569336,22.90332794189453,185.5500030517578,46.163055419921875,26.229999542236328
2026-06-11,139.13999938964844,23.647794723510746,99.57699584960938,203.0500030517578,68.30000305175781,357.7699890136719,172.3300018310547,567.9036254882812,34.38645935058594,81.2699966430664,75.58999633789062,22.696102142333984,185.82000732421875,46.153221130371094,26.86000061035156
2026-06-12,145.82000732421875,24.170671463012695,99.27928161621094,203.27000427246097,65.8499984741211,359.67999267578125,172.50999450683594,566.4549560546875,34.70475769042969,80.33999633789062,76.68000030517578,23.2684383392334,189.1000061035156,47.303611755371094,26.979999542236328
2026-06-15,143.7100067138672,23.647794723510746,100.91673278808594,203.1199951171875,54.7599983215332,369.3500061035156,175.85000610351562,593.47998046875,35.749183654785156,81.66999816894531,76.51000213623047,22.982271194458008,188.86000061035156,46.281044006347656,26.829999923706055
2026-06-16,141.77999877929688,23.341962814331055,100.50984954833984,203.02000427246097,52.34000015258789,373.25,174.10000610351562,600.2100219726562,36.32610702514648,78.72000122070312,77.37000274658203,22.853988647460938,184.36000061035156,45.946739196777344,26.600000381469727
2026-06-17,132.0,22.38500213623047,100.0930404663086,203.02000427246097,51.31999969482422,363.7900085449219,171.52000427246094,567.5800170898438,35.12253189086914,76.95999908447266,76.30999755859375,22.14350318908691,181.30999755859375,45.071659088134766,26.239999771118164
2026-06-18,126.2300033569336,22.128496170043945,103.0999984741211,202.1499938964844,52.22999954223633,368.0299987792969,171.24000549316406,577.219970703125,35.26178741455078,77.37999725341797,71.3499984741211,21.71918296813965,181.6699981689453,44.60953521728515,26.200000762939453
2026-06-22,125.54000091552734,22.019973754882812,101.67095184326172,202.97000122070312,49.38999938964844,349.67999267578125,170.55999755859375,563.8499755859375,35.05290222167969,72.87999725341797,72.55000305175781,21.807994842529297,180.05999755859375,44.59970474243164,26.950000762939453
2026-06-23,131.75,22.49352264404297,102.74273681640624,203.52000427246097,48.790000915527344,346.1300048828125,168.60000610351562,562.2000122070312,35.12253189086914,72.81999969482422,72.95999908447266,22.50861358642578,184.57000732421875,45.946739196777344,26.8799991607666
2026-06-24,131.4199981689453,22.33567237854004,100.35106658935548,204.52000427246097,49.79999923706055,345.2900085449219,171.47000122070312,557.6699829101562,35.15237045288086,71.83999633789062,73.66000366210938,22.07442855834961,180.7899932861328,44.91434097290039,27.200000762939453
2026-06-25,129.64999389648438,22.38500213623047,97.30441284179688,204.72999572753903,48.86000061035156,343.7099914550781,175.11000061035156,542.8699951171875,34.754493713378906,70.9000015258789,73.43000030517578,22.12376594543457,181.57000732421875,45.29780197143555,26.979999542236328
2026-06-26,133.63999938964844,22.858549118041992,98.03878021240234,205.25,50.099998474121094,337.3900146484375,179.4600067138672,550.25,36.972652435302734,73.80999755859375,73.08999633789062,22.419801712036133,182.67999267578125,45.75992584228515,26.739999771118164
2026-06-29,146.1699981689453,23.894433975219727,97.87999725341795,205.0500030517578,50.38999938964844,353.6499938964844,182.55999755859375,562.5999755859375,38.52437210083008,73.77999877929688,73.93000030517578,21.531694412231445,173.97000122070312,43.36082077026367,27.1299991607666
2026-06-30,142.2100067138672,24.219999313354492,96.25,205.0399932861328,52.15999984741211,357.3699951171875,183.11000061035156,563.2899780273438,37.84798049926758,71.4000015258789,72.83000183105469,20.42649269104004,167.72999572753906,41.63032531738281,26.65999984741211
2026-07-01,139.83999633789062,23.729999542236328,95.70999908447266,205.4499969482422,54.130001068115234,361.2099914550781,183.97999572753903,612.9099731445312,38.04692077636719,74.19000244140625,76.11000061035156,20.20939826965332,173.05999755859375,41.28619384765625,26.809999465942383
2026-07-02,137.1999969482422,23.790000915527344,99.5,205.2100067138672,56.47999954223633,359.9100036621094,186.58999633789065,582.9000244140625,37.69878005981445,77.6500015258789,78.62000274658203,20.30807876586914,177.52000427246094,41.84663772583008,26.479999542236328
2026-07-06,135.44000244140625,23.3799991607666,97.41000366210938,205.2100067138672,55.869998931884766,366.4599914550781,183.2899932861328,600.2899780273438,37.46999740600586,76.0199966430664,79.9000015258789,20.30807876586914,181.7899932861328,41.36484909057617,26.1200008392334
2026-07-07,138.02000427246094,23.40999984741211,97.4800033569336,205.44000244140625,54.91999816894531,367.0299987792969,183.9199981689453,615.5800170898438,39.18000030517578,76.18000030517578,80.83999633789062,20.81134033203125,184.72999572753903,41.87613296508789,26.1200008392334
2026-07-08,133.5399932861328,23.190000534057617,96.6999969482422,204.88999938964844,53.38999938964844,361.9200134277344,182.13999938964844,603.1199951171875,38.36000061035156,75.58999633789062,78.5999984741211,20.840944290161133,180.13999938964844,41.73847961425781,26.149999618530273
2026-07-09,134.35000610351562,23.350000381469727,96.16999816894533,206.55999755859375,53.7400016784668,358.8900146484375,182.5800018310547,631.47998046875,39.31999969482422,75.47000122070312,80.83000183105469,20.762001037597656,181.47999572753903,41.53200149536133,26.6299991607666
2026-07-10,130.72999572753906,23.56999969482422,95.62000274658205,206.41000366210935,54.119998931884766,357.17999267578125,179.7899932861328,669.2100219726562,38.849998474121094,73.37000274658203,81.93000030517578,21.1299991607666,187.61000061035156,42.119998931884766,26.59000015258789
2026-07-13,131.3699951171875,23.969999313354492,96.0,206.3500061035156,55.900001525878906,352.510009765625,183.25,656.72998046875,38.540000915527344,73.83000183105469,82.55000305175781,21.549999237060547,188.41000366210935,42.68000030517578,27.09000015258789
2026-07-14,127.91000366210938,23.190000534057617,95.87000274658205,206.6499938964844,54.869998931884766,359.510009765625,181.55999755859375,661.0399780273438,38.34000015258789,73.52999877929688,80.75,21.280000686645508,187.1300048828125,42.470001220703125,27.479999542236328
2026-07-15,131.24000549316406,23.489999771118164,97.1500015258789,207.27000427246097,55.9900016784668,370.9200134277344,178.44000244140625,681.3099975585938,40.11000061035156,73.68000030517578,80.93000030517578,21.43000030517578,187.6199951171875,42.83000183105469,27.270000457763672
2026-07-16,133.3300018310547,24.100000381469727,99.70999908447266,207.83999633789065,56.810001373291016,354.4599914550781,179.85000610351562,664.5399780273438,40.290000915527344,74.3499984741211,84.16999816894531,21.979999542236328,192.8500061035156,43.880001068115234,27.290000915527344
2026-07-17,131.3699951171875,23.790000915527344,97.66999816894533,208.8999938964844,57.619998931884766,346.7699890136719,180.22000122070312,646.010009765625,39.150001525878906,68.94999694824219,81.7300033569336,21.809999465942383,192.42999267578125,43.59000015258789,26.8700008392334
2026-07-20,129.16000366210938,23.780000686645508,96.41000366210938,209.2899932861328,57.47999954223633,351.989990234375,180.86000061035156,645.8499755859375,39.040000915527344,67.5999984741211,82.37000274658203,21.950000762939453,195.63999938964844,43.5,25.86000061035156
2026-07-21,127.79000091552734,23.809999465942383,96.13999938964844,209.0399932861328,57.56999969482422,347.1499938964844,177.8300018310547,643.8099975585938,38.75,68.66999816894531,79.20999908447266,22.260000228881836,190.77000427246097,43.779998779296875,25.829999923706055
2026-07-22,129.22000122070312,23.520000457763672,95.87000274658205,208.9499969482422,56.45000076293945,342.0899963378906,177.9199981689453,627.1699829101562,38.029998779296875,68.52999877929688,79.37999725341797,23.040000915527344,190.94000244140625,44.290000915527344,25.850000381469727
2026-07-23,126.5,21.920000076293945,92.83000183105467,209.0,55.09000015258789,317.69000244140625,176.05999755859375,606.0999755859375,37.400001525878906,68.88999938964844,77.9000015258789,22.959999084472656,170.4199981689453,43.81999969482422,25.950000762939453
2026-07-24,,22.299999237060547,94.8499984741211,,,319.739990234375,177.24000549316406,595.1900024414062,,70.08999633789062,,24.1299991607666,180.08999633789062,46.380001068115234,25.770000457763672
2026-07-27,131.61000061035156,22.799999237060547,96.6500015258789,209.07000732421875,56.63999938964844,326.55999755859375,179.39999389648438,593.8699951171875,38.79999923706055,70.4000015258789,82.41000366210938,24.420000076293945,177.2100067138672,47.31999969482422,25.280000686645508
2026-07-28,139.97000122070312,24.190000534057617,98.88999938964844,208.8699951171875,57.720001220703125,333.7099914550781,180.8699951171875,593.4099731445312,39.279998779296875,72.38999938964844,86.22000122070312,24.65999984741211,182.38999938964844,48.189998626708984,25.61000061035156
